{"__type__":"cc.SpriteAtlas","_spriteFrames":{"dialogbg":{"__uuid__":"ads1m4jk9HdKCsQHrxAN9R"},"money0":{"__uuid__":"f5zNGKVVtGSp+DGgXoVtiK"},"netBg":{"__uuid__":"edrq+cUpFAaZcKyuONLgQU"},"costbg":{"__uuid__":"3dmUv07ERLvat0vGJKIxLk"},"namebgg":{"__uuid__":"10lSRNhuZPp6Xpr/ZvSbF3"},"attr_selected":{"__uuid__":"abW5etGl9A8pjVRF2KT1mp"},"rankingDetailsBg":{"__uuid__":"0bpkGhvxBLvJo9DWERir4n"},"rankingGroup":{"__uuid__":"14Nqmxu1ZNAbjQjHDrrMqu"},"codePic":{"__uuid__":"7a6e/7jAxG/6QM6rFl6ZVn"},"hexagonalBg":{"__uuid__":"9eLuGnwulIw4fF3Gw/LsPg"},"attr_titlebg":{"__uuid__":"80EoDIKYNC9r+OeRXhajjj"},"bbtn":{"__uuid__":"dbkBtgySdF2LR9VgbXrQg+"},"nextm1":{"__uuid__":"4e9dkNcr5GtbaID8ymmlu3"},"nextm2":{"__uuid__":"cb/XCA3UVARLF6JKj7yDe8"},"gjicon":{"__uuid__":"04Jwa+EkVDBrKxyMCjWRWB"},"tyicon":{"__uuid__":"de7JpRdhZAJIcbTIDY8iJe"},"totalbtn":{"__uuid__":"09iJVTf/ZFNJzkzsPYaGBQ"},"gj":{"__uuid__":"539gm37q9KIIyNUvA3ZB9b"},"vedio":{"__uuid__":"2fZgWrlMFKj56h68aTDSIX"},"todo":{"__uuid__":"5fjM5hXdBOI7uBhBx2ao5u"},"eventbg":{"__uuid__":"f6Kn32Nc5L07h/cCbBDbPK"},"pieces":{"__uuid__":"d33uI9UpZP8qNdyaGmDidT"},"alert":{"__uuid__":"6485O5Ds9E27SrBNG/Ckax"},"attr_BG":{"__uuid__":"47rNDDwOFDmbA3ah6m3fng"},"rankingBoy":{"__uuid__":"2etWXThnlOiYNdtnRgIO11"},"gonggao":{"__uuid__":"52D5h3/F1EmLjEAy3ki//o"},"rankingGirl":{"__uuid__":"e3s01Hu1ZCcoAitgrX4tlR"},"base":{"__uuid__":"eblfQCpBFN+qk8wupbRESj"},"attbg":{"__uuid__":"c82vj7cgpD/5KDz0GhrBVX"},"split":{"__uuid__":"88wkxbqIJPzZz1/Ytievv1"},"tSliderBtn":{"__uuid__":"78jqeRsvNEeaTQ/AdpH7XU"},"tSliderBg":{"__uuid__":"4evmOmOvxIXabT82m7U7Aq"},"dotline":{"__uuid__":"74xLTvpF9I8ZDAaqG8n04k"},"rankingDottedLine":{"__uuid__":"02JJADuYlIiKnOaJmxmOE7"},"contactsBG":{"__uuid__":"065i0JdMRPmZHYNLPZVf2m"},"ptip":{"__uuid__":"90l1v7EPlJvoL48fNl6sdi"},"rankingCopperCup":{"__uuid__":"52VJWeo/xGJLk3yn43nfEn"},"sex_dottedLine":{"__uuid__":"f1u4OwMydK0r+/yjoVASdf"},"mstop":{"__uuid__":"112rJutkFAqKXZK3gyg6bj"},"redPot":{"__uuid__":"6dXN3Q80NO9IvT+1ThxRMu"},"downbtn":{"__uuid__":"cbkiEN3gBOBK5eHirT9oMx"},"countdownbg":{"__uuid__":"a7CtETovhAG4lWbDUWhlhP"},"picon":{"__uuid__":"feBCGOxmVA7aPIGDu8j87z"},"finish":{"__uuid__":"80ySenFKpLE4mMDK2BhJnk"},"luck":{"__uuid__":"54x52POhlKibuIEeFInPr0"},"tipicon":{"__uuid__":"fb3g06Fv1MK6AE9aLT38dX"},"wbg":{"__uuid__":"cew3PouEZEmr6qEVkWY6Qh"},"rankingHead":{"__uuid__":"cbrxraK8ZAF5ypdQQ6YiP0"},"lotteryTip":{"__uuid__":"99AlEdAfFJS5iMJQN/WYSt"},"return":{"__uuid__":"69DUjS/4lNz65OSHhmKZPn"},"rankingDetails":{"__uuid__":"5aoUka5MdOeLhI8x39hkPb"},"next":{"__uuid__":"72+CmLcGBDMJ2qtj+weNBu"},"car":{"__uuid__":"92ilGH4SNHbqnJfWz6Q6Gk"},"house":{"__uuid__":"589zxi/YBNzZ1VlVj0JJE3"},"love":{"__uuid__":"dcTezmNMFDsp43wYQ6FpSD"},"choose":{"__uuid__":"adbRiDvgpHCpv1TkXhALY5"},"unchoose":{"__uuid__":"1faPwvnWpL+oU81dhW5Krc"},"refreshIcon":{"__uuid__":"2bFiGSMOtOGL1kb1qafZzq"},"stockTip":{"__uuid__":"1feT72nmhGdZMtiOgMXyJR"},"rmb":{"__uuid__":"1ct3VthhdNNLHZ63qQsufc"},"declining_BG":{"__uuid__":"edkQ/PpiZPsYHjBoK1+RRj"},"chatBottom":{"__uuid__":"e4Q+xxQB9Ba7A4gRfFiOow"},"rbtn":{"__uuid__":"36YKOrflZDFqqTH5/ojP9v"},"wbtn":{"__uuid__":"57EaT7gmZH8avmX2XXjHKZ"},"lotteryBtn":{"__uuid__":"39qe0wqPpPU4j3JP8NCspt"},"lotteryBtnGray":{"__uuid__":"67LI9xVz1AVqgPEcS9uSOw"},"lotteryImproveLuck":{"__uuid__":"591ivIqINKG59Y/zp556hY"},"namebg":{"__uuid__":"fdBsCvF5hL8Y+knB1HGyhn"},"skew":{"__uuid__":"3efKQ5hHBCBqF+P7ZoB1UA"},"remove":{"__uuid__":"80wqeypwZMqaoeSBHNJRbE"},"shuxingicon":{"__uuid__":"12LQN2G4xPMqsueqQB99fm"},"back":{"__uuid__":"d9Izuo7S9LM7znavxyvMoQ"},"home":{"__uuid__":"b7wjCXjpZHj7vJt2RgfUzn"},"close":{"__uuid__":"64n7a/1NtJqYyQIslWh0tQ"},"refresh":{"__uuid__":"9c7CQOymdOarSgSKPAPQJg"},"friendrank":{"__uuid__":"366xV6/e1DHKT2znWXfJF0"},"rankingGoldenCup":{"__uuid__":"0fpNPPMzdGnZ6VekSi4Qdk"},"rankingSilverCup":{"__uuid__":"b8IK2VNd1KhoMCjLHv+OOo"},"backBtn":{"__uuid__":"7e9l3QRZBLT7od1LTGsXst"},"listbg":{"__uuid__":"10usDTib9DLr5TbuKcqDrr"},"bubble1":{"__uuid__":"d5lHRZdtdNv4afU8ou+foG"},"bubble2":{"__uuid__":"62C5qNHoROcaoakq/BY903"},"green":{"__uuid__":"d7FZAcCqdBwo2ASMN9vGXE"},"namebgb":{"__uuid__":"1aoOU0oNlJwq1sZUvCUdY4"},"red":{"__uuid__":"472BJn2LtPor83BrEJjatD"},"logo":{"__uuid__":"d3EUSV0u9Cz6ZsnbyQ522Z"},"bg":{"__uuid__":"8dxIip/mtCc59uGrCbeek2"},"QRcodeBg":{"__uuid__":"d7LA0bORBFQYpwiU2ddQuy"},"lotteryBg":{"__uuid__":"b2nokyZONH5JdqxaDn7lku"},"plot_Popup":{"__uuid__":"8cIMIuzhZPhJHjP57uOLUm"},"moneydown":{"__uuid__":"9dZRF/Dk9FkqqCAFHGsOJR"},"moneyup":{"__uuid__":"7afmaCtAdHB5hvRjGGdvgl"},"title":{"__uuid__":"7dcFmlKXlGT7ZpoMEP1rH6"},"gbtn":{"__uuid__":"73c2N1FjZMgJadCi75rxr2"},"leave":{"__uuid__":"30XiAkCYlKyJerx6MDnqcH"},"pavatar":{"__uuid__":"8dvoNh4xNKbLP0zcYeRUn/"},"leaveBtn":{"__uuid__":"9054GGmV1K0orHp3BThl4w"},"title2":{"__uuid__":"03VMz7B2RGM4Sy0X7Nfnoi"},"alphabg":{"__uuid__":"293QrN8z5Alo+a4+CD5VyE"},"appiconbg":{"__uuid__":"4a8LYN5j1MLpE5/s7b+DAr"},"delayIcon":{"__uuid__":"a0A6N4tR1PiIZB9ZFAOlVF"},"head":{"__uuid__":"9d9efqSUpB+oFD/yofAQ1d"},"update":{"__uuid__":"bdQ4RO05pK24M+V6QZNcY6"},"more_b":{"__uuid__":"34hGZhSWNIJrbgsiypLl55"},"savepic":{"__uuid__":"f3popwMB9DoJfgrabk1X/x"},"avatarMask":{"__uuid__":"8cY66rjt9Dcog7w1g/7VTV"}}}