[{"__type__":"cc.SpriteFrame","content":{"name":"rankingDottedLine","texture":"14a1c60ae","rect":[980,493,514,1],"offset":[0,0],"originalSize":[514,1],"rotated":1}},{"__type__":"cc.SpriteFrame","content":{"name":"title2","texture":"178abc183","rect":[792,575,174,82],"offset":[0,2],"originalSize":[174,86]}},{"__type__":"cc.SpriteFrame","content":{"name":"rankingDetailsBg","texture":"1fb4a8873","rect":[564,78,343,439],"offset":[0,0],"originalSize":[343,439]}},{"__type__":"cc.SpriteFrame","content":{"name":"rankingGoldenCup","texture":"1d3a87338","rect":[974,878,37,36],"offset":[0,0],"originalSize":[37,36]}},{"__type__":"cc.SpriteFrame","content":{"name":"normalbg","texture":"24ubN/e2dDXbmdl2D5avQY","rect":[0,0,640,1136],"offset":[0,0],"originalSize":[640,1136]}},{"__type__":"cc.SpriteFrame","content":{"name":"rankingBoy","texture":"14a1c60ae","rect":[2,1013,4,59],"offset":[0,0],"originalSize":[4,59],"rotated":1}},{"__type__":"cc.SpriteFrame","content":{"name":"leave","texture":"178abc183","rect":[898,2,191,79],"offset":[0,0],"originalSize":[191,79],"rotated":1}},[{"__type__":"cc.SceneAsset","_name":"TopRankingScene","scene":{"__id__":1},"asyncLoadAssets":null},{"__type__":"cc.Scene","_name":"New Node","_children":[{"__id__":2}],"_anchorPoint":{"__type__":"cc.Vec2"},"_scale":{"__type__":"cc.Vec3","x":0.4639084507042254,"y":0.4639084507042254,"z":1},"autoReleaseAssets":false},{"__type__":"cc.Node","_name":"Canvas","_parent":{"__id__":1},"_children":[{"__id__":3},{"__id__":4},{"__id__":15},{"__id__":25}],"_level":1,"_components":[{"__type__":"cc.Canvas","node":{"__id__":2},"_designResolution":{"__type__":"cc.Size","width":640,"height":1136},"_fitWidth":true,"_fitHeight":false},{"__type__":"fd8e2r59KBJKK+ISQzMioMy","node":{"__id__":2},"topRank":{"__uuid__":"81XHPbruBPUphjz/v0R/I5"},"slideNode":{"__id__":13},"close":{"__id__":25},"n":{"__id__":14},"details":{"__id__":24},"boy":{"__id__":18},"detailsNick":{"__id__":20},"info":{"__id__":23}}],"_contentSize":{"__type__":"cc.Size","width":640,"height":1136},"_position":{"__type__":"cc.Vec3","x":320,"y":568},"_scale":{"__type__":"cc.Vec3","x":1,"y":1,"z":1},"_id":"71QnyG8l5A5qVpU+qRM9gt"},{"__type__":"cc.Node","_name":"Main Camera","_parent":{"__id__":2},"_level":1,"_components":[{"__type__":"cc.Camera","node":{"__id__":3},"_depth":-1}],"_scale":{"__type__":"cc.Vec3","x":1,"y":1,"z":1}},{"__type__":"cc.Node","_name":"mainbg","_parent":{"__id__":2},"_children":[{"__id__":5},{"__id__":8},{"__id__":9},{"__id__":10},{"__id__":11},{"__id__":12},{"__id__":13}],"_level":1,"_components":[{"__type__":"cc.Sprite","node":{"__id__":4},"_spriteFrame":{"__uuid__":"18N3NegzBMk6HiDLP7eV3e"},"_sizeMode":0}],"_contentSize":{"__type__":"cc.Size","width":640,"height":1136},"_scale":{"__type__":"cc.Vec3","x":1,"y":1,"z":1}},{"__type__":"cc.Node","_name":"declining_BG","_parent":{"__id__":4},"_children":[{"__id__":6}],"_level":2,"_components":[{"__type__":"cc.Sprite","node":{"__id__":5},"_spriteFrame":{"__uuid__":"edkQ/PpiZPsYHjBoK1+RRj"}}],"_contentSize":{"__type__":"cc.Size","width":619,"height":945},"_scale":{"__type__":"cc.Vec3","x":1,"y":1,"z":1}},{"__type__":"cc.Node","_name":"title","_parent":{"__id__":5},"_children":[{"__id__":7}],"_level":3,"_components":[{"__type__":"cc.Sprite","node":{"__id__":6},"_spriteFrame":{"__uuid__":"03VMz7B2RGM4Sy0X7Nfnoi"}}],"_contentSize":{"__type__":"cc.Size","width":174,"height":82},"_position":{"__type__":"cc.Vec3","x":-233,"y":467},"_scale":{"__type__":"cc.Vec3","x":1,"y":1,"z":1}},{"__type__":"cc.Node","_name":"New Label","_parent":{"__id__":6},"_level":3,"_components":[{"__type__":"cc.Label","node":{"__id__":7},"_srcBlendFactor":1,"_useOriginalSize":false,"_string":"最强社会人排行","_N$string":"最强社会人排行","_N$horizontalAlign":1,"_N$verticalAlign":1,"_N$fontFamily":"NotoSansHans-Regular"}],"_contentSize":{"__type__":"cc.Size","width":280,"height":40},"_position":{"__type__":"cc.Vec3","x":84,"y":8},"_scale":{"__type__":"cc.Vec3","x":1,"y":1,"z":1},"_rotationX":-7,"_rotationY":-7,"_quat":{"__type__":"cc.Quat","z":0.06104853953485687,"w":0.9981347984218669}},{"__type__":"cc.Node","_name":"leave","_parent":{"__id__":4},"_level":2,"_components":[{"__type__":"cc.Sprite","node":{"__id__":8},"_spriteFrame":{"__uuid__":"30XiAkCYlKyJerx6MDnqcH"}},{"__type__":"cc.Button","node":{"__id__":8},"clickEvents":[{"__type__":"cc.ClickEvent","target":{"__id__":2},"component":"TopRankingScene","handler":"onLeave"}],"_N$target":{"__id__":8}}],"_contentSize":{"__type__":"cc.Size","width":191,"height":79},"_position":{"__type__":"cc.Vec3","x":224.5,"y":-508.5},"_scale":{"__type__":"cc.Vec3","x":1,"y":1,"z":1}},{"__type__":"cc.Node","_name":"New Label","_parent":{"__id__":4},"_level":2,"_components":[{"__type__":"cc.Label","node":{"__id__":9},"_srcBlendFactor":1,"_useOriginalSize":false,"_string":"最强玩家排行","_N$string":"最强玩家排行","_fontSize":28,"_N$horizontalAlign":1,"_N$verticalAlign":1,"_N$fontFamily":"NotoSansHans-Regular"},{"__type__":"cc.Widget","node":{"__id__":9},"_alignFlags":9,"_left":95.99999999999996,"_top":180}],"_contentSize":{"__type__":"cc.Size","width":168,"height":40},"_position":{"__type__":"cc.Vec3","x":-140.00000000000006,"y":368},"_scale":{"__type__":"cc.Vec3","x":1,"y":1,"z":1}},{"__type__":"cc.Node","_name":"New Label","_parent":{"__id__":4},"_level":2,"_components":[{"__type__":"cc.Label","node":{"__id__":10},"_srcBlendFactor":1,"_useOriginalSize":false,"_string":"社会值","_N$string":"社会值","_fontSize":28,"_N$horizontalAlign":1,"_N$verticalAlign":1,"_N$fontFamily":"NotoSansHans-Regular"},{"__type__":"cc.Widget","node":{"__id__":10},"_alignFlags":9,"_left":418,"_top":180}],"_contentSize":{"__type__":"cc.Size","width":84,"height":40},"_position":{"__type__":"cc.Vec3","x":140,"y":368},"_scale":{"__type__":"cc.Vec3","x":1,"y":1,"z":1}},{"__type__":"cc.Node","_name":"rankingDottedLine","_parent":{"__id__":4},"_level":2,"_components":[{"__type__":"cc.Sprite","node":{"__id__":11},"_spriteFrame":{"__uuid__":"02JJADuYlIiKnOaJmxmOE7"}},{"__type__":"cc.Widget","node":{"__id__":11},"_alignFlags":17,"_top":244}],"_contentSize":{"__type__":"cc.Size","width":514,"height":1},"_position":{"__type__":"cc.Vec3","y":323.5},"_scale":{"__type__":"cc.Vec3","x":1,"y":1,"z":1}},{"__type__":"cc.Node","_name":"rankingDottedLine","_parent":{"__id__":4},"_level":2,"_components":[{"__type__":"cc.Sprite","node":{"__id__":12},"_spriteFrame":{"__uuid__":"02JJADuYlIiKnOaJmxmOE7"}},{"__type__":"cc.Widget","node":{"__id__":12},"_alignFlags":20,"_top":731.5,"_bottom":316}],"_contentSize":{"__type__":"cc.Size","width":514,"height":1},"_position":{"__type__":"cc.Vec3","y":-251.5},"_scale":{"__type__":"cc.Vec3","x":1,"y":1,"z":1}},{"__type__":"cc.Node","_name":"slideNode","_parent":{"__id__":4},"_children":[{"__id__":14}],"_level":2,"_components":[{"__type__":"cc.Mask","node":{"__id__":13}}],"_contentSize":{"__type__":"cc.Size","width":640,"height":575},"_position":{"__type__":"cc.Vec3","y":37},"_scale":{"__type__":"cc.Vec3","x":1,"y":1,"z":1}},{"__type__":"cc.Node","_name":"n","_parent":{"__id__":13},"_level":3,"_components":[{"__type__":"cc.Layout","node":{"__id__":14},"_layoutSize":{"__type__":"cc.Size","width":500,"height":60},"_resize":1,"_N$layoutType":2,"_N$startAxis":1,"_N$paddingLeft":530,"_N$spacingX":10000,"_N$spacingY":48}],"_contentSize":{"__type__":"cc.Size","width":500,"height":60},"_anchorPoint":{"__type__":"cc.Vec2","y":1},"_position":{"__type__":"cc.Vec3","x":-240,"y":240},"_scale":{"__type__":"cc.Vec3","x":1,"y":1,"z":1}},{"__type__":"cc.Node","_name":"rankingDetailsBg","_parent":{"__id__":2},"_children":[{"__id__":16},{"__id__":17},{"__id__":19},{"__id__":21},{"__id__":22}],"_active":false,"_level":2,"_components":[{"__id__":24}],"_opacity":238,"_contentSize":{"__type__":"cc.Size","width":343,"height":439},"_position":{"__type__":"cc.Vec3","x":40},"_scale":{"__type__":"cc.Vec3","x":1,"y":1,"z":1}},{"__type__":"cc.Node","_name":"rankingGirl","_parent":{"__id__":15},"_level":4,"_components":[{"__type__":"cc.Sprite","node":{"__id__":16},"_spriteFrame":{"__uuid__":"e3s01Hu1ZCcoAitgrX4tlR"}}],"_contentSize":{"__type__":"cc.Size","width":4,"height":59},"_position":{"__type__":"cc.Vec3","x":-130,"y":150},"_scale":{"__type__":"cc.Vec3","x":1,"y":1,"z":1}},{"__type__":"cc.Node","_name":"rankingBoy","_parent":{"__id__":15},"_level":4,"_components":[{"__id__":18}],"_contentSize":{"__type__":"cc.Size","width":4,"height":59},"_position":{"__type__":"cc.Vec3","x":-130,"y":150},"_scale":{"__type__":"cc.Vec3","x":1,"y":1,"z":1}},{"__type__":"cc.Sprite","node":{"__id__":17},"_spriteFrame":{"__uuid__":"2etWXThnlOiYNdtnRgIO11"}},{"__type__":"cc.Node","_name":"detailsNick","_parent":{"__id__":15},"_level":4,"_components":[{"__id__":20}],"_contentSize":{"__type__":"cc.Size","width":236.43,"height":40},"_anchorPoint":{"__type__":"cc.Vec2","y":0.5},"_position":{"__type__":"cc.Vec3","x":-115,"y":168},"_scale":{"__type__":"cc.Vec3","x":1,"y":1,"z":1}},{"__type__":"cc.Label","node":{"__id__":19},"_srcBlendFactor":1,"_useOriginalSize":false,"_string":"只显示a43七个字符","_N$string":"只显示a43七个字符","_fontSize":28,"_N$horizontalAlign":1,"_N$verticalAlign":1,"_N$fontFamily":"NotoSansHans-Regular"},{"__type__":"cc.Node","_name":"New Label","_parent":{"__id__":15},"_level":4,"_components":[{"__type__":"cc.Label","node":{"__id__":21},"_srcBlendFactor":1,"_useOriginalSize":false,"_string":"大佬详情","_N$string":"大佬详情","_fontSize":22,"_N$horizontalAlign":1,"_N$verticalAlign":1,"_N$fontFamily":"NotoSansHans-Regular"}],"_contentSize":{"__type__":"cc.Size","width":88,"height":40},"_anchorPoint":{"__type__":"cc.Vec2","y":0.5},"_position":{"__type__":"cc.Vec3","x":-112,"y":132},"_scale":{"__type__":"cc.Vec3","x":1,"y":1,"z":1}},{"__type__":"cc.Node","_name":"info","_parent":{"__id__":15},"_level":4,"_components":[{"__id__":23}],"_contentSize":{"__type__":"cc.Size","width":319.61,"height":200},"_anchorPoint":{"__type__":"cc.Vec2","y":1},"_position":{"__type__":"cc.Vec3","x":-135,"y":100},"_scale":{"__type__":"cc.Vec3","x":1,"y":1,"z":1}},{"__type__":"cc.Label","node":{"__id__":22},"_srcBlendFactor":1,"_useOriginalSize":false,"_string":"info\nliuyuc\n职位: 数钱数到手软银行中层管理\nhd\n","_N$string":"info\nliuyuc\n职位: 数钱数到手软银行中层管理\nhd\n","_fontSize":22,"_N$verticalAlign":1,"_N$fontFamily":"NotoSansHans-Regular"},{"__type__":"cc.Sprite","node":{"__id__":15},"_spriteFrame":{"__uuid__":"0bpkGhvxBLvJo9DWERir4n"}},{"__type__":"cc.Node","_name":"closeDetails","_parent":{"__id__":2},"_active":false,"_level":2,"_components":[{"__type__":"cc.Button","node":{"__id__":25},"clickEvents":[{"__type__":"cc.ClickEvent","target":{"__id__":2},"component":"TopRankingScene","handler":"closeDetails"}],"_N$target":{"__id__":25}}],"_contentSize":{"__type__":"cc.Size","width":640,"height":1136},"_scale":{"__type__":"cc.Vec3","x":1,"y":1,"z":1}}],{"__type__":"cc.SpriteFrame","content":{"name":"rankingCopperCup","texture":"14a1c60ae","rect":[985,981,37,36],"offset":[0,0],"originalSize":[37,36]}},{"__type__":"cc.SpriteFrame","content":{"name":"rankingDetails","texture":"14a1c60ae","rect":[990,645,27,31],"offset":[0,0],"originalSize":[27,31]}},[{"__type__":"cc.Prefab","_name":"topRankInfo","data":{"__id__":1}},{"__type__":"cc.Node","_name":"item","_children":[{"__id__":2},{"__id__":4},{"__id__":6},{"__id__":8},{"__id__":10},{"__id__":12}],"_level":1,"_components":[{"__type__":"f03b929KIdASakYTYMtyvpB","node":{"__id__":1},"num_s":{"__id__":3},"num_l":{"__id__":5},"head_s":{"__id__":7},"nick_l":{"__id__":9},"score_l":{"__id__":11},"nums_sf":[{"__uuid__":"0fpNPPMzdGnZ6VekSi4Qdk"},{"__uuid__":"b8IK2VNd1KhoMCjLHv+OOo"},{"__uuid__":"52VJWeo/xGJLk3yn43nfEn"}]}],"_prefab":{"__type__":"cc.PrefabInfo","root":{"__id__":1},"asset":{"__uuid__":"81XHPbruBPUphjz/v0R/I5"},"fileId":"6dv4Js49RO2bGnklpKibA6"},"_contentSize":{"__type__":"cc.Size","width":50,"height":60},"_position":{"__type__":"cc.Vec3","y":-24},"_scale":{"__type__":"cc.Vec3","x":1,"y":1,"z":1}},{"__type__":"cc.Node","_name":"nums","_parent":{"__id__":1},"_components":[{"__id__":3}],"_prefab":{"__type__":"cc.PrefabInfo","root":{"__id__":1},"asset":{"__uuid__":"81XHPbruBPUphjz/v0R/I5"},"fileId":"49WXaiygxA5pNLQ/N14omH"},"_contentSize":{"__type__":"cc.Size","width":37,"height":36},"_scale":{"__type__":"cc.Vec3","x":1,"y":1,"z":1}},{"__type__":"cc.Sprite","node":{"__id__":2}},{"__type__":"cc.Node","_name":"numl","_parent":{"__id__":1},"_active":false,"_level":2,"_components":[{"__id__":5}],"_prefab":{"__type__":"cc.PrefabInfo","root":{"__id__":1},"asset":{"__uuid__":"81XHPbruBPUphjz/v0R/I5"},"fileId":"6emnHhJK5LFrtnmx9tO9sJ"},"_contentSize":{"__type__":"cc.Size","width":22.25,"height":40},"_scale":{"__type__":"cc.Vec3","x":1,"y":1,"z":1}},{"__type__":"cc.Label","node":{"__id__":4},"_srcBlendFactor":1,"_useOriginalSize":false,"_string":"0","_N$string":"0","_N$horizontalAlign":1,"_N$verticalAlign":1},{"__type__":"cc.Node","_name":"head","_parent":{"__id__":1},"_components":[{"__id__":7}],"_prefab":{"__type__":"cc.PrefabInfo","root":{"__id__":1},"asset":{"__uuid__":"81XHPbruBPUphjz/v0R/I5"},"fileId":"97+xP4b49Clr84xHtLTFTL"},"_contentSize":{"__type__":"cc.Size","width":60,"height":60},"_position":{"__type__":"cc.Vec3","x":65},"_scale":{"__type__":"cc.Vec3","x":1,"y":1,"z":1}},{"__type__":"cc.Sprite","node":{"__id__":6},"_spriteFrame":{"__uuid__":"cbrxraK8ZAF5ypdQQ6YiP0"},"_sizeMode":0},{"__type__":"cc.Node","_name":"nick","_parent":{"__id__":1},"_components":[{"__id__":9}],"_prefab":{"__type__":"cc.PrefabInfo","root":{"__id__":1},"asset":{"__uuid__":"81XHPbruBPUphjz/v0R/I5"},"fileId":"aexop2ju9GpqJAYmk4xMee"},"_contentSize":{"__type__":"cc.Size","width":242.72,"height":40},"_anchorPoint":{"__type__":"cc.Vec2","y":0.5},"_position":{"__type__":"cc.Vec3","x":110},"_scale":{"__type__":"cc.Vec3","x":1,"y":1,"z":1}},{"__type__":"cc.Label","node":{"__id__":8},"_srcBlendFactor":1,"_useOriginalSize":false,"_string":"只显示a43七个字符","_N$string":"只显示a43七个字符","_fontSize":28,"_enableWrapText":false,"_N$verticalAlign":1},{"__type__":"cc.Node","_name":"score","_parent":{"__id__":1},"_components":[{"__id__":11}],"_prefab":{"__type__":"cc.PrefabInfo","root":{"__id__":1},"asset":{"__uuid__":"81XHPbruBPUphjz/v0R/I5"},"fileId":"9cN3sq0JlEZIuKMav529lK"},"_contentSize":{"__type__":"cc.Size","width":15.57,"height":40},"_anchorPoint":{"__type__":"cc.Vec2","x":1,"y":0.5},"_position":{"__type__":"cc.Vec3","x":420},"_scale":{"__type__":"cc.Vec3","x":1,"y":1,"z":1}},{"__type__":"cc.Label","node":{"__id__":10},"_srcBlendFactor":1,"_useOriginalSize":false,"_string":"0","_N$string":"0","_fontSize":28,"_N$horizontalAlign":1,"_N$verticalAlign":1},{"__type__":"cc.Node","_name":"details","_parent":{"__id__":1},"_level":3,"_components":[{"__type__":"cc.Sprite","node":{"__id__":12},"_spriteFrame":{"__uuid__":"5aoUka5MdOeLhI8x39hkPb"}},{"__type__":"cc.Button","node":{"__id__":12},"clickEvents":[{"__type__":"cc.ClickEvent","target":{"__id__":1},"component":"TopRankInfo","handler":"onDetails"}],"_N$target":{"__id__":12}}],"_prefab":{"__type__":"cc.PrefabInfo","root":{"__id__":1},"asset":{"__uuid__":"81XHPbruBPUphjz/v0R/I5"},"fileId":"82FIDYtRBEvaX2DirYUiAr"},"_contentSize":{"__type__":"cc.Size","width":27,"height":31},"_position":{"__type__":"cc.Vec3","x":480},"_scale":{"__type__":"cc.Vec3","x":1,"y":1,"z":1}}],{"__type__":"cc.SpriteFrame","content":{"name":"rankingSilverCup","texture":"1d3a87338","rect":[961,475,37,36],"offset":[0,0],"originalSize":[37,36]}},{"__type__":"cc.SpriteFrame","content":{"name":"rankingHead","texture":"14a1c60ae","rect":[749,847,54,54],"offset":[0,0],"originalSize":[54,54]}},{"__type__":"cc.SpriteFrame","content":{"name":"rankingGirl","texture":"14a1c60ae","rect":[65,1013,4,59],"offset":[0,0],"originalSize":[4,59],"rotated":1}},{"__type__":"cc.SpriteFrame","content":{"name":"declining_BG","texture":"1d3a87338","rect":[2,2,619,945],"offset":[0,0],"originalSize":[619,945]}}]