[{"__type__":"cc.SpriteFrame","content":{"name":"normalbg","texture":"24ubN/e2dDXbmdl2D5avQY","rect":[0,0,640,1136],"offset":[0,0],"originalSize":[640,1136]}},[{"__type__":"cc.Prefab","_name":"TLmsg","data":{"__id__":1}},{"__type__":"cc.Node","_name":"TLmsg","_children":[{"__id__":2},{"__id__":5},{"__id__":9}],"_level":1,"_components":[{"__type__":"b3f60LLj8BCUobE7rkLp3tW","node":{"__id__":1},"avatar":{"__id__":4},"content_l":{"__id__":7},"content_bg":{"__id__":8}}],"_prefab":{"__type__":"cc.PrefabInfo","root":{"__id__":1},"asset":{"__uuid__":"31lNfwcKZIfoNvaEYGTZgp"},"fileId":"7eYHqaypRKi5mFZYWqSX2o"},"_contentSize":{"__type__":"cc.Size","width":470,"height":85},"_anchorPoint":{"__type__":"cc.Vec2","y":1},"_scale":{"__type__":"cc.Vec3","x":1,"y":1,"z":1}},{"__type__":"cc.Node","_name":"mask","_parent":{"__id__":1},"_children":[{"__id__":3}],"_level":2,"_components":[{"__type__":"cc.Mask","node":{"__id__":2},"_spriteFrame":{"__uuid__":"8cY66rjt9Dcog7w1g/7VTV"},"_type":2}],"_prefab":{"__type__":"cc.PrefabInfo","root":{"__id__":1},"asset":{"__uuid__":"31lNfwcKZIfoNvaEYGTZgp"},"fileId":"c1Dc3GDptIEJC/UpWUe4f/"},"_contentSize":{"__type__":"cc.Size","width":80,"height":80},"_anchorPoint":{"__type__":"cc.Vec2","y":1},"_scale":{"__type__":"cc.Vec3","x":1,"y":1,"z":1}},{"__type__":"cc.Node","_name":"avatarMask","_parent":{"__id__":2},"_level":3,"_components":[{"__id__":4}],"_prefab":{"__type__":"cc.PrefabInfo","root":{"__id__":1},"asset":{"__uuid__":"31lNfwcKZIfoNvaEYGTZgp"},"fileId":"a6C9A39WNGOLwpzWBss6Zg"},"_contentSize":{"__type__":"cc.Size","width":80,"height":80},"_anchorPoint":{"__type__":"cc.Vec2","y":1},"_scale":{"__type__":"cc.Vec3","x":1,"y":1,"z":1}},{"__type__":"cc.Sprite","node":{"__id__":3},"_spriteFrame":{"__uuid__":"8cY66rjt9Dcog7w1g/7VTV"}},{"__type__":"cc.Node","_name":"bubble2","_parent":{"__id__":1},"_children":[{"__id__":6}],"_level":2,"_components":[{"__id__":8}],"_prefab":{"__type__":"cc.PrefabInfo","root":{"__id__":1},"asset":{"__uuid__":"31lNfwcKZIfoNvaEYGTZgp"},"fileId":"45FBZsnLJP8a8zw7gg1lcK"},"_contentSize":{"__type__":"cc.Size","width":380,"height":72},"_anchorPoint":{"__type__":"cc.Vec2","y":1},"_position":{"__type__":"cc.Vec3","x":88},"_scale":{"__type__":"cc.Vec3","x":1,"y":1,"z":1}},{"__type__":"cc.Node","_name":"label","_parent":{"__id__":5},"_level":3,"_components":[{"__id__":7}],"_prefab":{"__type__":"cc.PrefabInfo","root":{"__id__":1},"asset":{"__uuid__":"31lNfwcKZIfoNvaEYGTZgp"},"fileId":"faTs3fd/5MO7DfQw6mRRKM"},"_color":{"__type__":"cc.Color","r":51,"g":51,"b":51},"_contentSize":{"__type__":"cc.Size","width":360,"height":60},"_anchorPoint":{"__type__":"cc.Vec2","y":1},"_position":{"__type__":"cc.Vec3","x":14,"y":-6},"_scale":{"__type__":"cc.Vec3","x":1,"y":1,"z":1}},{"__type__":"cc.Label","node":{"__id__":6},"_srcBlendFactor":1,"_useOriginalSize":false,"_string":"看来缘分真是不简单呐~我就住在隔壁的Y城。","_N$string":"看来缘分真是不简单呐~我就住在隔壁的Y城。","_fontSize":26,"_lineHeight":30,"_N$verticalAlign":1,"_N$overflow":3},{"__type__":"cc.Sprite","node":{"__id__":5},"_spriteFrame":{"__uuid__":"62C5qNHoROcaoakq/BY903"},"_type":1},{"__type__":"cc.Node","_name":"MsgItem","_parent":{"__id__":1},"_level":2,"_components":[{"__type__":"b3f60LLj8BCUobE7rkLp3tW","node":{"__id__":9}}],"_prefab":{"__type__":"cc.PrefabInfo","root":{"__id__":1},"asset":{"__uuid__":"31lNfwcKZIfoNvaEYGTZgp"},"fileId":"d9LNLhlfxHlboDiBJRDAFv"},"_scale":{"__type__":"cc.Vec3","x":1,"y":1,"z":1}}],{"__type__":"cc.SpriteFrame","content":{"name":"default_scrollbar_vertical","texture":"d608qFRoFHwbXd0Dap056i","rect":[0,0,15,30],"offset":[0,0],"originalSize":[15,30],"capInsets":[4,10,4,10]}},{"__type__":"cc.SpriteFrame","content":{"name":"default_scrollbar_vertical_bg","texture":"61cyPdEfRN047sDK9rO0W5","rect":[0,0,15,30],"offset":[0,0],"originalSize":[15,30],"capInsets":[4,10,4,10]}},{"__type__":"cc.SpriteFrame","content":{"name":"bubble2","texture":"1bd732664","rect":[625,602,380,72],"offset":[0,0],"originalSize":[380,72],"capInsets":[26,48,19,15]}},{"__type__":"cc.SpriteFrame","content":{"name":"avatarMask","texture":"178abc183","rect":[868,393,80,80],"offset":[0,0],"originalSize":[80,80]}},{"__type__":"cc.SpriteFrame","content":{"name":"ptip","texture":"14a1c60ae","rect":[813,547,368,48],"offset":[0,0],"originalSize":[368,48],"rotated":1,"capInsets":[20,20,20,20]}},[{"__type__":"cc.SceneAsset","_name":"Chat","scene":{"__id__":1},"asyncLoadAssets":null},{"__type__":"cc.Scene","_name":"New Node","_children":[{"__id__":2}],"_anchorPoint":{"__type__":"cc.Vec2"},"_scale":{"__type__":"cc.Vec3","x":0.4639084507042254,"y":0.4639084507042254,"z":1},"autoReleaseAssets":false},{"__type__":"cc.Node","_name":"Canvas","_parent":{"__id__":1},"_children":[{"__id__":3},{"__id__":4},{"__id__":5},{"__id__":7},{"__id__":11}],"_level":1,"_components":[{"__type__":"cc.Canvas","node":{"__id__":2},"_designResolution":{"__type__":"cc.Size","width":640,"height":1136},"_fitWidth":true,"_fitHeight":false},{"__type__":"bd225IUbc5CA4vJnNF20UsZ","node":{"__id__":2},"name_l":{"__id__":10},"content_n":{"__id__":17},"left_msg_fab":{"__uuid__":"31lNfwcKZIfoNvaEYGTZgp"},"right_msg_fab":{"__uuid__":"a28BECVCZPh77Vw1cOptl9"},"sys_msg_fab":{"__uuid__":"dchKAiDJtJlLCMuwoOxb1V"},"scroll_view":{"__id__":16},"cbtn":{"__id__":6}}],"_contentSize":{"__type__":"cc.Size","width":640,"height":1136},"_position":{"__type__":"cc.Vec3","x":320,"y":568},"_scale":{"__type__":"cc.Vec3","x":1,"y":1,"z":1},"_id":"0dO2z6S0BJIIQCndqTSAwk"},{"__type__":"cc.Node","_name":"Main Camera","_parent":{"__id__":2},"_level":1,"_components":[{"__type__":"cc.Camera","node":{"__id__":3},"_clearFlags":7,"_depth":-1}],"_scale":{"__type__":"cc.Vec3","x":1,"y":1,"z":1}},{"__type__":"cc.Node","_name":"mainbg","_parent":{"__id__":2},"_level":1,"_components":[{"__type__":"cc.Sprite","node":{"__id__":4},"_spriteFrame":{"__uuid__":"18N3NegzBMk6HiDLP7eV3e"}}],"_contentSize":{"__type__":"cc.Size","width":640,"height":1136},"_scale":{"__type__":"cc.Vec3","x":1,"y":1,"z":1}},{"__type__":"cc.Node","_name":"chatBottom","_parent":{"__id__":2},"_level":1,"_components":[{"__type__":"cc.Sprite","node":{"__id__":5},"_spriteFrame":{"__uuid__":"e4Q+xxQB9Ba7A4gRfFiOow"}},{"__type__":"cc.Widget","node":{"__id__":5},"_alignFlags":20},{"__id__":6}],"_contentSize":{"__type__":"cc.Size","width":640,"height":99},"_position":{"__type__":"cc.Vec3","y":-518.5},"_scale":{"__type__":"cc.Vec3","x":1,"y":1,"z":1}},{"__type__":"cc.Button","node":{"__id__":5},"clickEvents":[{"__type__":"cc.ClickEvent","target":{"__id__":2},"component":"Chat","handler":"continue"}],"_N$target":{"__id__":5}},{"__type__":"cc.Node","_name":"back","_parent":{"__id__":2},"_children":[{"__id__":8},{"__id__":9}],"_level":1,"_components":[{"__type__":"cc.Widget","node":{"__id__":7},"_alignFlags":9,"_left":20,"_top":20}],"_anchorPoint":{"__type__":"cc.Vec2","y":1},"_position":{"__type__":"cc.Vec3","x":-300,"y":548},"_scale":{"__type__":"cc.Vec3","x":1,"y":1,"z":1}},{"__type__":"cc.Node","_name":"back","_parent":{"__id__":7},"_level":2,"_components":[{"__type__":"cc.Sprite","node":{"__id__":8},"_spriteFrame":{"__uuid__":"d9Izuo7S9LM7znavxyvMoQ"}},{"__type__":"cc.Button","node":{"__id__":8},"clickEvents":[{"__type__":"cc.ClickEvent","target":{"__id__":2},"component":"Chat","handler":"back"}],"_N$target":{"__id__":8}}],"_contentSize":{"__type__":"cc.Size","width":42,"height":40},"_anchorPoint":{"__type__":"cc.Vec2","y":1},"_scale":{"__type__":"cc.Vec3","x":1,"y":1,"z":1}},{"__type__":"cc.Node","_name":"label","_parent":{"__id__":7},"_level":2,"_components":[{"__id__":10}],"_contentSize":{"__type__":"cc.Size","width":192,"height":40},"_anchorPoint":{"__type__":"cc.Vec2","y":0.5},"_position":{"__type__":"cc.Vec3","x":55,"y":-20},"_scale":{"__type__":"cc.Vec3","x":1,"y":1,"z":1}},{"__type__":"cc.Label","node":{"__id__":9},"_srcBlendFactor":1,"_useOriginalSize":false,"_string":"房产中介小樱","_N$string":"房产中介小樱","_fontSize":32,"_N$horizontalAlign":1,"_N$verticalAlign":1},{"__type__":"cc.Node","_name":"scrollview","_parent":{"__id__":2},"_children":[{"__id__":12},{"__id__":18}],"_level":1,"_components":[{"__type__":"cc.Sprite","node":{"__id__":11},"_type":1,"_sizeMode":0},{"__id__":16},{"__type__":"cc.Widget","node":{"__id__":11},"_alignFlags":45,"_top":100,"_bottom":100,"_originalWidth":240,"_originalHeight":250}],"_contentSize":{"__type__":"cc.Size","width":640,"height":936},"_scale":{"__type__":"cc.Vec3","x":1,"y":1,"z":1}},{"__type__":"cc.Node","_name":"scrollBar","_parent":{"__id__":11},"_children":[{"__id__":13}],"_components":[{"__id__":15},{"__type__":"cc.Widget","node":{"__id__":12},"alignMode":0,"_alignFlags":37,"_left":350.07654921020657,"_originalHeight":237},{"__type__":"cc.Sprite","node":{"__id__":12},"_spriteFrame":{"__uuid__":"5f5dyqtRNNxaFmVzYns6FZ"},"_type":1,"_sizeMode":0}],"_contentSize":{"__type__":"cc.Size","width":12,"height":936},"_anchorPoint":{"__type__":"cc.Vec2","x":1,"y":0.5},"_position":{"__type__":"cc.Vec3","x":320},"_scale":{"__type__":"cc.Vec3","x":1,"y":1,"z":1}},{"__type__":"cc.Node","_name":"bar","_parent":{"__id__":12},"_components":[{"__id__":14}],"_contentSize":{"__type__":"cc.Size","width":10,"height":30},"_anchorPoint":{"__type__":"cc.Vec2","x":1},"_position":{"__type__":"cc.Vec3","x":-1},"_scale":{"__type__":"cc.Vec3","x":1,"y":1,"z":1}},{"__type__":"cc.Sprite","node":{"__id__":13},"_spriteFrame":{"__uuid__":"5cO7kybDxGj4ipyMYdRYZB"},"_type":1,"_sizeMode":0},{"__type__":"cc.Scrollbar","node":{"__id__":12},"_scrollView":{"__id__":16},"_N$handle":{"__id__":14},"_N$direction":1},{"__type__":"cc.ScrollView","node":{"__id__":11},"content":{"__id__":17},"horizontal":false,"brake":0.75,"bounceDuration":0.23,"_N$horizontalScrollBar":null,"_N$verticalScrollBar":{"__id__":15}},{"__type__":"cc.Node","_name":"content","_parent":{"__id__":18},"_components":[{"__type__":"cc.Widget","node":{"__id__":17},"_alignFlags":45,"_bottom":888,"_originalWidth":220,"_originalHeight":400},{"__type__":"cc.Layout","node":{"__id__":17},"_layoutSize":{"__type__":"cc.Size","width":640,"height":48},"_resize":1,"_N$layoutType":2,"_N$spacingY":18}],"_contentSize":{"__type__":"cc.Size","width":640,"height":48},"_anchorPoint":{"__type__":"cc.Vec2","y":1},"_position":{"__type__":"cc.Vec3","x":-320,"y":468},"_scale":{"__type__":"cc.Vec3","x":1,"y":1,"z":1}},{"__type__":"cc.Node","_name":"view","_parent":{"__id__":11},"_children":[{"__id__":17}],"_components":[{"__type__":"cc.Mask","node":{"__id__":18}},{"__type__":"cc.Widget","node":{"__id__":18},"_alignFlags":45,"_originalWidth":240,"_originalHeight":250}],"_contentSize":{"__type__":"cc.Size","width":640,"height":936},"_scale":{"__type__":"cc.Vec3","x":1,"y":1,"z":1}}],[{"__type__":"cc.Prefab","_name":"TRmsg","data":{"__id__":1}},{"__type__":"cc.Node","_name":"TRmsg","_children":[{"__id__":2},{"__id__":5}],"_level":1,"_components":[{"__type__":"b3f60LLj8BCUobE7rkLp3tW","node":{"__id__":1},"type":"RIGHT","avatar":{"__id__":4},"content_l":{"__id__":7},"content_bg":{"__id__":8}}],"_prefab":{"__type__":"cc.PrefabInfo","root":{"__id__":1},"asset":{"__uuid__":"a28BECVCZPh77Vw1cOptl9"},"fileId":"7eYHqaypRKi5mFZYWqSX2o"},"_contentSize":{"__type__":"cc.Size","width":470,"height":85},"_anchorPoint":{"__type__":"cc.Vec2","y":1},"_scale":{"__type__":"cc.Vec3","x":1,"y":1,"z":1}},{"__type__":"cc.Node","_name":"mask","_parent":{"__id__":1},"_children":[{"__id__":3}],"_level":2,"_components":[{"__type__":"cc.Mask","node":{"__id__":2},"_spriteFrame":{"__uuid__":"8cY66rjt9Dcog7w1g/7VTV"},"_type":2}],"_prefab":{"__type__":"cc.PrefabInfo","root":{"__id__":1},"asset":{"__uuid__":"a28BECVCZPh77Vw1cOptl9"},"fileId":"c7dLJBUR1GarQkBpMISh4F"},"_contentSize":{"__type__":"cc.Size","width":80,"height":80},"_anchorPoint":{"__type__":"cc.Vec2","y":1},"_position":{"__type__":"cc.Vec3","x":388},"_scale":{"__type__":"cc.Vec3","x":1,"y":1,"z":1}},{"__type__":"cc.Node","_name":"avatarMask","_parent":{"__id__":2},"_level":3,"_components":[{"__id__":4}],"_prefab":{"__type__":"cc.PrefabInfo","root":{"__id__":1},"asset":{"__uuid__":"a28BECVCZPh77Vw1cOptl9"},"fileId":"661Pcg3x5E14leIKOWurKo"},"_contentSize":{"__type__":"cc.Size","width":80,"height":80},"_anchorPoint":{"__type__":"cc.Vec2","y":1},"_scale":{"__type__":"cc.Vec3","x":1,"y":1,"z":1}},{"__type__":"cc.Sprite","node":{"__id__":3},"_spriteFrame":{"__uuid__":"8cY66rjt9Dcog7w1g/7VTV"}},{"__type__":"cc.Node","_name":"bubble2","_parent":{"__id__":1},"_children":[{"__id__":6}],"_level":2,"_components":[{"__id__":8}],"_prefab":{"__type__":"cc.PrefabInfo","root":{"__id__":1},"asset":{"__uuid__":"a28BECVCZPh77Vw1cOptl9"},"fileId":"45FBZsnLJP8a8zw7gg1lcK"},"_contentSize":{"__type__":"cc.Size","width":380,"height":72},"_anchorPoint":{"__type__":"cc.Vec2","y":1},"_scale":{"__type__":"cc.Vec3","x":1,"y":1,"z":1}},{"__type__":"cc.Node","_name":"label","_parent":{"__id__":5},"_level":3,"_components":[{"__id__":7}],"_prefab":{"__type__":"cc.PrefabInfo","root":{"__id__":1},"asset":{"__uuid__":"a28BECVCZPh77Vw1cOptl9"},"fileId":"faTs3fd/5MO7DfQw6mRRKM"},"_color":{"__type__":"cc.Color","r":51,"g":51,"b":51},"_contentSize":{"__type__":"cc.Size","width":360,"height":60},"_anchorPoint":{"__type__":"cc.Vec2","y":1},"_position":{"__type__":"cc.Vec3","x":6,"y":-6},"_scale":{"__type__":"cc.Vec3","x":1,"y":1,"z":1}},{"__type__":"cc.Label","node":{"__id__":6},"_srcBlendFactor":1,"_useOriginalSize":false,"_string":"看来缘分真是不简单呐~我就住在隔壁的Y城。","_N$string":"看来缘分真是不简单呐~我就住在隔壁的Y城。","_fontSize":26,"_lineHeight":30,"_N$verticalAlign":1,"_N$overflow":3},{"__type__":"cc.Sprite","node":{"__id__":5},"_spriteFrame":{"__uuid__":"d5lHRZdtdNv4afU8ou+foG"},"_type":1,"_sizeMode":0}],{"__type__":"cc.SpriteFrame","content":{"name":"bubble1","texture":"1bd732664","rect":[120,951,361,70],"offset":[0,0],"originalSize":[361,70],"capInsets":[20,50,40,10]}},{"__type__":"cc.SpriteFrame","content":{"name":"back","texture":"1d3a87338","rect":[974,834,42,40],"offset":[0,0],"originalSize":[42,40]}},[{"__type__":"cc.Prefab","_name":"TSmsg","data":{"__id__":1}},{"__type__":"cc.Node","_name":"TSmsg","_children":[{"__id__":2}],"_level":1,"_components":[{"__id__":4},{"__type__":"f7e1dhk5NtEJqwFH+jG1qim","node":{"__id__":1},"label":{"__id__":3},"bg":{"__id__":4}}],"_prefab":{"__type__":"cc.PrefabInfo","root":{"__id__":1},"asset":{"__uuid__":"dchKAiDJtJlLCMuwoOxb1V"},"fileId":"61xqO52FdHfKGIpxIUUO1Z"},"_contentSize":{"__type__":"cc.Size","width":368,"height":48},"_position":{"__type__":"cc.Vec3","x":313,"y":-24},"_scale":{"__type__":"cc.Vec3","x":1,"y":1,"z":1}},{"__type__":"cc.Node","_name":"label","_parent":{"__id__":1},"_level":2,"_components":[{"__id__":3},{"__type__":"cc.LabelOutline","node":{"__id__":2},"_color":{"__type__":"cc.Color"},"_width":2}],"_prefab":{"__type__":"cc.PrefabInfo","root":{"__id__":1},"asset":{"__uuid__":"dchKAiDJtJlLCMuwoOxb1V"},"fileId":"59UPer1U5OrompLHUHkM2X"},"_contentSize":{"__type__":"cc.Size","width":92,"height":40},"_scale":{"__type__":"cc.Vec3","x":1,"y":1,"z":1}},{"__type__":"cc.Label","node":{"__id__":2},"_srcBlendFactor":1,"_useOriginalSize":false,"_string":"系统消息","_N$string":"系统消息","_fontSize":22,"_N$horizontalAlign":1,"_N$verticalAlign":1},{"__type__":"cc.Sprite","node":{"__id__":1},"_spriteFrame":{"__uuid__":"90l1v7EPlJvoL48fNl6sdi"},"_type":1}],{"__type__":"cc.SpriteFrame","content":{"name":"chatBottom","texture":"1d3a87338","rect":[625,2,640,99],"offset":[0,0],"originalSize":[640,99],"rotated":1}}]