[{"__type__":"cc.SpriteFrame","content":{"name":"rankingDottedLine","texture":"14a1c60ae","rect":[980,493,514,1],"offset":[0,0],"originalSize":[514,1],"rotated":1}},{"__type__":"cc.SpriteFrame","content":{"name":"normalbg","texture":"24ubN/e2dDXbmdl2D5avQY","rect":[0,0,640,1136],"offset":[0,0],"originalSize":[640,1136]}},{"__type__":"cc.SpriteFrame","content":{"name":"alphabg","texture":"178abc183","rect":[765,803,200,200],"offset":[0,0],"originalSize":[200,200]}},{"__type__":"cc.SpriteFrame","content":{"name":"gj","texture":"1fb4a8873","rect":[911,466,51,51],"offset":[0,0],"originalSize":[51,51]}},{"__type__":"cc.SpriteFrame","content":{"name":"luck","texture":"14a1c60ae","rect":[749,792,58,51],"offset":[0,0],"originalSize":[58,51]}},[{"__type__":"cc.SceneAsset","_name":"InviteScene","scene":{"__id__":1},"asyncLoadAssets":null},{"__type__":"cc.Scene","_name":"New Node","_children":[{"__id__":2}],"_anchorPoint":{"__type__":"cc.Vec2"},"_scale":{"__type__":"cc.Vec3","x":0.4639084507042254,"y":0.4639084507042254,"z":1},"autoReleaseAssets":false},{"__type__":"cc.Node","_name":"Canvas","_parent":{"__id__":1},"_children":[{"__id__":3},{"__id__":4},{"__id__":5},{"__id__":6},{"__id__":12},{"__id__":13},{"__id__":15},{"__id__":16},{"__id__":17}],"_level":1,"_components":[{"__type__":"cc.Canvas","node":{"__id__":2},"_designResolution":{"__type__":"cc.Size","width":640,"height":1136},"_fitWidth":true,"_fitHeight":false},{"__type__":"62768KWdRJHyqOPu2mIbJEY","node":{"__id__":2},"headImg":{"__uuid__":"b5FVM+xa1NM6qHm8uuBvZS"},"slideLR":{"__id__":12},"layoutLR":{"__id__":14},"slideUD":{"__id__":16},"layoutUD":{"__id__":18}}],"_contentSize":{"__type__":"cc.Size","width":640,"height":1136},"_position":{"__type__":"cc.Vec3","x":320,"y":568},"_scale":{"__type__":"cc.Vec3","x":1,"y":1,"z":1},"_id":"0baZE83L1N1KVMpq6LgTpd"},{"__type__":"cc.Node","_name":"Main Camera","_parent":{"__id__":2},"_level":1,"_components":[{"__type__":"cc.Camera","node":{"__id__":3},"_clearFlags":7,"_depth":-1}],"_scale":{"__type__":"cc.Vec3","x":1,"y":1,"z":1}},{"__type__":"cc.Node","_name":"mainbg","_parent":{"__id__":2},"_level":1,"_components":[{"__type__":"cc.Sprite","node":{"__id__":4},"_spriteFrame":{"__uuid__":"18N3NegzBMk6HiDLP7eV3e"}}],"_contentSize":{"__type__":"cc.Size","width":640,"height":1136},"_scale":{"__type__":"cc.Vec3","x":1,"y":1,"z":1}},{"__type__":"cc.Node","_name":"alphabg","_parent":{"__id__":2},"_level":1,"_components":[{"__type__":"cc.Sprite","node":{"__id__":5},"_spriteFrame":{"__uuid__":"293QrN8z5Alo+a4+CD5VyE"},"_sizeMode":0},{"__type__":"cc.Widget","node":{"__id__":5},"_alignFlags":45,"_originalWidth":200,"_originalHeight":200}],"_contentSize":{"__type__":"cc.Size","width":640,"height":1136},"_scale":{"__type__":"cc.Vec3","x":1,"y":1,"z":1}},{"__type__":"cc.Node","_name":"eventbg","_parent":{"__id__":2},"_children":[{"__id__":7},{"__id__":8},{"__id__":9},{"__id__":11}],"_level":1,"_components":[{"__type__":"cc.Sprite","node":{"__id__":6},"_spriteFrame":{"__uuid__":"f6Kn32Nc5L07h/cCbBDbPK"}}],"_contentSize":{"__type__":"cc.Size","width":592,"height":829},"_position":{"__type__":"cc.Vec3","y":-4.5},"_scale":{"__type__":"cc.Vec3","x":1,"y":1,"z":1}},{"__type__":"cc.Node","_name":"label","_parent":{"__id__":6},"_level":2,"_components":[{"__type__":"cc.Label","node":{"__id__":7},"_srcBlendFactor":1,"_useOriginalSize":false,"_string":"一个好汉三个帮,好友同玩便利多","_N$string":"一个好汉三个帮,好友同玩便利多","_fontSize":26,"_N$horizontalAlign":1,"_N$verticalAlign":1,"_N$fontFamily":"NotoSansHans-Regular"}],"_contentSize":{"__type__":"cc.Size","width":370.5,"height":40},"_anchorPoint":{"__type__":"cc.Vec2","y":0.5},"_position":{"__type__":"cc.Vec3","x":-185.25,"y":369.5},"_scale":{"__type__":"cc.Vec3","x":1,"y":1,"z":1}},{"__type__":"cc.Node","_name":"close","_parent":{"__id__":6},"_level":2,"_components":[{"__type__":"cc.Sprite","node":{"__id__":8},"_spriteFrame":{"__uuid__":"64n7a/1NtJqYyQIslWh0tQ"}},{"__type__":"cc.Button","node":{"__id__":8},"clickEvents":[{"__type__":"cc.ClickEvent","target":{"__id__":2},"component":"InviteScene","handler":"close"}],"_N$target":{"__id__":8}}],"_contentSize":{"__type__":"cc.Size","width":65,"height":65},"_position":{"__type__":"cc.Vec3","x":256.5,"y":391},"_scale":{"__type__":"cc.Vec3","x":1,"y":1,"z":1}},{"__type__":"cc.Node","_name":"share","_parent":{"__id__":6},"_children":[{"__id__":10}],"_level":2,"_components":[{"__type__":"cc.Sprite","node":{"__id__":9},"_spriteFrame":{"__uuid__":"73c2N1FjZMgJadCi75rxr2"},"_type":1,"_sizeMode":0},{"__type__":"cc.Button","node":{"__id__":9},"clickEvents":[{"__type__":"cc.ClickEvent","target":{"__id__":2},"component":"InviteScene","handler":"share"}],"_N$target":{"__id__":9}}],"_color":{"__type__":"cc.Color","r":70,"g":70,"b":97},"_contentSize":{"__type__":"cc.Size","width":256,"height":72},"_position":{"__type__":"cc.Vec3","y":-391},"_scale":{"__type__":"cc.Vec3","x":1,"y":1,"z":1}},{"__type__":"cc.Node","_name":"New Label","_parent":{"__id__":9},"_level":3,"_components":[{"__type__":"cc.Label","node":{"__id__":10},"_srcBlendFactor":1,"_useOriginalSize":false,"_string":"去邀请","_N$string":"去邀请","_fontSize":28,"_lineHeight":50,"_N$horizontalAlign":1,"_N$verticalAlign":1,"_N$fontFamily":"NotoSansHans-Regular"}],"_contentSize":{"__type__":"cc.Size","width":84,"height":50},"_scale":{"__type__":"cc.Vec3","x":1,"y":1,"z":1}},{"__type__":"cc.Node","_name":"label","_parent":{"__id__":6},"_level":2,"_components":[{"__type__":"cc.Label","node":{"__id__":11},"_srcBlendFactor":1,"_useOriginalSize":false,"_string":"已邀请","_N$string":"已邀请","_fontSize":26,"_N$horizontalAlign":1,"_N$verticalAlign":1,"_N$fontFamily":"NotoSansHans-Regular"}],"_color":{"__type__":"cc.Color"},"_contentSize":{"__type__":"cc.Size","width":78,"height":40},"_anchorPoint":{"__type__":"cc.Vec2","y":0.5},"_position":{"__type__":"cc.Vec3","x":-231,"y":296.5},"_scale":{"__type__":"cc.Vec3","x":1,"y":1,"z":1}},{"__type__":"cc.Node","_name":"slideLR","_parent":{"__id__":2},"_level":1,"_contentSize":{"__type__":"cc.Size","width":550,"height":120},"_anchorPoint":{"__type__":"cc.Vec2","x":0.5,"y":1},"_position":{"__type__":"cc.Vec3","y":280},"_scale":{"__type__":"cc.Vec3","x":1,"y":1,"z":1}},{"__type__":"cc.Node","_name":"mask","_parent":{"__id__":2},"_children":[{"__id__":14}],"_level":1,"_components":[{"__type__":"cc.Mask","node":{"__id__":13}}],"_contentSize":{"__type__":"cc.Size","width":500,"height":120},"_anchorPoint":{"__type__":"cc.Vec2","x":0.5,"y":1},"_position":{"__type__":"cc.Vec3","y":280},"_scale":{"__type__":"cc.Vec3","x":1,"y":1,"z":1}},{"__type__":"cc.Node","_name":"layoutLR","_parent":{"__id__":13},"_level":2,"_components":[{"__type__":"cc.Layout","node":{"__id__":14},"_layoutSize":{"__type__":"cc.Size","width":80,"height":120},"_resize":1,"_N$layoutType":1,"_N$paddingTop":30,"_N$spacingX":20,"_N$spacingY":42}],"_contentSize":{"__type__":"cc.Size","width":80,"height":120},"_anchorPoint":{"__type__":"cc.Vec2","y":0.5},"_position":{"__type__":"cc.Vec3","x":-250,"y":-60},"_scale":{"__type__":"cc.Vec3","x":1,"y":1,"z":1}},{"__type__":"cc.Node","_name":"rankingDottedLine","_parent":{"__id__":2},"_level":1,"_components":[{"__type__":"cc.Sprite","node":{"__id__":15},"_spriteFrame":{"__uuid__":"02JJADuYlIiKnOaJmxmOE7"},"_sizeMode":0},{"__type__":"cc.Widget","node":{"__id__":15},"_alignFlags":17,"_top":427.5}],"_color":{"__type__":"cc.Color"},"_contentSize":{"__type__":"cc.Size","width":514,"height":1},"_position":{"__type__":"cc.Vec3","y":140},"_scale":{"__type__":"cc.Vec3","x":1,"y":1,"z":1}},{"__type__":"cc.Node","_name":"slideUD","_parent":{"__id__":2},"_level":1,"_contentSize":{"__type__":"cc.Size","width":640,"height":450},"_anchorPoint":{"__type__":"cc.Vec2","x":0.5,"y":1},"_position":{"__type__":"cc.Vec3","y":140},"_scale":{"__type__":"cc.Vec3","x":1,"y":1,"z":1}},{"__type__":"cc.Node","_name":"mask","_parent":{"__id__":2},"_children":[{"__id__":18}],"_level":1,"_components":[{"__type__":"cc.Mask","node":{"__id__":17}}],"_contentSize":{"__type__":"cc.Size","width":640,"height":450},"_anchorPoint":{"__type__":"cc.Vec2","x":0.5,"y":1},"_position":{"__type__":"cc.Vec3","y":140},"_scale":{"__type__":"cc.Vec3","x":1,"y":1,"z":1}},{"__type__":"cc.Node","_name":"layoutUD","_parent":{"__id__":17},"_children":[{"__id__":19},{"__id__":24},{"__id__":29},{"__id__":34}],"_level":2,"_components":[{"__type__":"cc.Layout","node":{"__id__":18},"_layoutSize":{"__type__":"cc.Size","width":640,"height":764},"_resize":1,"_N$layoutType":2,"_N$paddingTop":30,"_N$spacingY":42}],"_contentSize":{"__type__":"cc.Size","width":640,"height":764},"_anchorPoint":{"__type__":"cc.Vec2","x":0.5,"y":1},"_scale":{"__type__":"cc.Vec3","x":1,"y":1,"z":1}},{"__type__":"cc.Node","_name":"base","_parent":{"__id__":18},"_children":[{"__id__":20},{"__id__":21},{"__id__":22},{"__id__":23}],"_level":3,"_components":[{"__type__":"cc.Sprite","node":{"__id__":19},"_spriteFrame":{"__uuid__":"eblfQCpBFN+qk8wupbRESj"}}],"_contentSize":{"__type__":"cc.Size","width":487,"height":142},"_position":{"__type__":"cc.Vec3","y":-101},"_scale":{"__type__":"cc.Vec3","x":1,"y":1,"z":1}},{"__type__":"cc.Node","_name":"New Label","_parent":{"__id__":19},"_level":4,"_components":[{"__type__":"cc.Label","node":{"__id__":20},"_srcBlendFactor":1,"_useOriginalSize":false,"_string":"累计邀请1个好友","_N$string":"累计邀请1个好友","_fontSize":28,"_N$horizontalAlign":1,"_N$verticalAlign":1,"_N$fontFamily":"NotoSansHans-Regular"}],"_color":{"__type__":"cc.Color"},"_contentSize":{"__type__":"cc.Size","width":210,"height":40},"_anchorPoint":{"__type__":"cc.Vec2","y":0.5},"_position":{"__type__":"cc.Vec3","x":-200,"y":72},"_scale":{"__type__":"cc.Vec3","x":1,"y":1,"z":1}},{"__type__":"cc.Node","_name":"todo","_parent":{"__id__":19},"_level":4,"_components":[{"__type__":"cc.Sprite","node":{"__id__":21},"_spriteFrame":{"__uuid__":"5fjM5hXdBOI7uBhBx2ao5u"}}],"_contentSize":{"__type__":"cc.Size","width":51,"height":51},"_position":{"__type__":"cc.Vec3","x":-200,"y":20},"_scale":{"__type__":"cc.Vec3","x":1,"y":1,"z":1}},{"__type__":"cc.Node","_name":"luck","_parent":{"__id__":19},"_level":4,"_components":[{"__type__":"cc.Sprite","node":{"__id__":22},"_spriteFrame":{"__uuid__":"54x52POhlKibuIEeFInPr0"}}],"_contentSize":{"__type__":"cc.Size","width":58,"height":51},"_position":{"__type__":"cc.Vec3","x":-130,"y":20},"_scale":{"__type__":"cc.Vec3","x":1,"y":1,"z":1}},{"__type__":"cc.Node","_name":"New Label","_parent":{"__id__":19},"_level":4,"_components":[{"__type__":"cc.Label","node":{"__id__":23},"_srcBlendFactor":1,"_useOriginalSize":false,"_string":"待办计划功能开启，四等奖概率提升","_N$string":"待办计划功能开启，四等奖概率提升","_fontSize":22,"_N$horizontalAlign":1,"_N$verticalAlign":1,"_N$fontFamily":"NotoSansHans-Regular"}],"_color":{"__type__":"cc.Color","r":49,"g":49,"b":73},"_contentSize":{"__type__":"cc.Size","width":352,"height":40},"_anchorPoint":{"__type__":"cc.Vec2","y":0.5},"_position":{"__type__":"cc.Vec3","x":-225,"y":-30},"_scale":{"__type__":"cc.Vec3","x":1,"y":1,"z":1}},{"__type__":"cc.Node","_name":"base","_parent":{"__id__":18},"_children":[{"__id__":25},{"__id__":26},{"__id__":27},{"__id__":28}],"_level":3,"_components":[{"__type__":"cc.Sprite","node":{"__id__":24},"_spriteFrame":{"__uuid__":"eblfQCpBFN+qk8wupbRESj"},"_sizeMode":0}],"_contentSize":{"__type__":"cc.Size","width":487,"height":182},"_position":{"__type__":"cc.Vec3","y":-305},"_scale":{"__type__":"cc.Vec3","x":1,"y":1,"z":1}},{"__type__":"cc.Node","_name":"New Label","_parent":{"__id__":24},"_level":4,"_components":[{"__type__":"cc.Label","node":{"__id__":25},"_srcBlendFactor":1,"_useOriginalSize":false,"_string":"累计邀请3个好友","_N$string":"累计邀请3个好友","_fontSize":28,"_N$horizontalAlign":1,"_N$verticalAlign":1,"_N$fontFamily":"NotoSansHans-Regular"}],"_color":{"__type__":"cc.Color"},"_contentSize":{"__type__":"cc.Size","width":210,"height":40},"_anchorPoint":{"__type__":"cc.Vec2","y":0.5},"_position":{"__type__":"cc.Vec3","x":-200,"y":92},"_scale":{"__type__":"cc.Vec3","x":1,"y":1,"z":1}},{"__type__":"cc.Node","_name":"update","_parent":{"__id__":24},"_level":4,"_components":[{"__type__":"cc.Sprite","node":{"__id__":26},"_spriteFrame":{"__uuid__":"bdQ4RO05pK24M+V6QZNcY6"}}],"_contentSize":{"__type__":"cc.Size","width":51,"height":51},"_position":{"__type__":"cc.Vec3","x":-200,"y":40},"_scale":{"__type__":"cc.Vec3","x":1,"y":1,"z":1}},{"__type__":"cc.Node","_name":"luck","_parent":{"__id__":24},"_level":4,"_components":[{"__type__":"cc.Sprite","node":{"__id__":27},"_spriteFrame":{"__uuid__":"54x52POhlKibuIEeFInPr0"}}],"_contentSize":{"__type__":"cc.Size","width":58,"height":51},"_position":{"__type__":"cc.Vec3","x":-130,"y":40},"_scale":{"__type__":"cc.Vec3","x":1,"y":1,"z":1}},{"__type__":"cc.Node","_name":"New Label","_parent":{"__id__":24},"_level":4,"_components":[{"__type__":"cc.Label","node":{"__id__":28},"_srcBlendFactor":1,"_useOriginalSize":false,"_string":"车行，买房，求职每月免费刷新一次\n三等奖概率提升","_N$string":"车行，买房，求职每月免费刷新一次\n三等奖概率提升","_fontSize":22,"_N$verticalAlign":1,"_N$fontFamily":"NotoSansHans-Regular"}],"_color":{"__type__":"cc.Color","r":49,"g":49,"b":73},"_contentSize":{"__type__":"cc.Size","width":352,"height":80},"_anchorPoint":{"__type__":"cc.Vec2","y":0.5},"_position":{"__type__":"cc.Vec3","x":-225,"y":-30},"_scale":{"__type__":"cc.Vec3","x":1,"y":1,"z":1}},{"__type__":"cc.Node","_name":"base","_parent":{"__id__":18},"_children":[{"__id__":30},{"__id__":31},{"__id__":32},{"__id__":33}],"_level":3,"_components":[{"__type__":"cc.Sprite","node":{"__id__":29},"_spriteFrame":{"__uuid__":"eblfQCpBFN+qk8wupbRESj"}}],"_contentSize":{"__type__":"cc.Size","width":487,"height":142},"_position":{"__type__":"cc.Vec3","y":-509},"_scale":{"__type__":"cc.Vec3","x":1,"y":1,"z":1}},{"__type__":"cc.Node","_name":"New Label","_parent":{"__id__":29},"_level":4,"_components":[{"__type__":"cc.Label","node":{"__id__":30},"_srcBlendFactor":1,"_useOriginalSize":false,"_string":"累计邀请5个好友","_N$string":"累计邀请5个好友","_fontSize":28,"_N$horizontalAlign":1,"_N$verticalAlign":1,"_N$fontFamily":"NotoSansHans-Regular"}],"_color":{"__type__":"cc.Color"},"_contentSize":{"__type__":"cc.Size","width":210,"height":40},"_anchorPoint":{"__type__":"cc.Vec2","y":0.5},"_position":{"__type__":"cc.Vec3","x":-200,"y":72},"_scale":{"__type__":"cc.Vec3","x":1,"y":1,"z":1}},{"__type__":"cc.Node","_name":"gj","_parent":{"__id__":29},"_level":4,"_components":[{"__type__":"cc.Sprite","node":{"__id__":31},"_spriteFrame":{"__uuid__":"539gm37q9KIIyNUvA3ZB9b"}}],"_contentSize":{"__type__":"cc.Size","width":51,"height":51},"_position":{"__type__":"cc.Vec3","x":-200,"y":20},"_scale":{"__type__":"cc.Vec3","x":1,"y":1,"z":1}},{"__type__":"cc.Node","_name":"luck","_parent":{"__id__":29},"_level":4,"_components":[{"__type__":"cc.Sprite","node":{"__id__":32},"_spriteFrame":{"__uuid__":"54x52POhlKibuIEeFInPr0"}}],"_contentSize":{"__type__":"cc.Size","width":58,"height":51},"_position":{"__type__":"cc.Vec3","x":-130,"y":20},"_scale":{"__type__":"cc.Vec3","x":1,"y":1,"z":1}},{"__type__":"cc.Node","_name":"New Label","_parent":{"__id__":29},"_level":4,"_components":[{"__type__":"cc.Label","node":{"__id__":33},"_srcBlendFactor":1,"_useOriginalSize":false,"_string":"永远干劲满满，二等奖概率提升","_N$string":"永远干劲满满，二等奖概率提升","_fontSize":22,"_N$horizontalAlign":1,"_N$verticalAlign":1,"_N$fontFamily":"NotoSansHans-Regular"}],"_color":{"__type__":"cc.Color","r":49,"g":49,"b":73},"_contentSize":{"__type__":"cc.Size","width":308,"height":40},"_anchorPoint":{"__type__":"cc.Vec2","y":0.5},"_position":{"__type__":"cc.Vec3","x":-225,"y":-30},"_scale":{"__type__":"cc.Vec3","x":1,"y":1,"z":1}},{"__type__":"cc.Node","_name":"base","_parent":{"__id__":18},"_children":[{"__id__":35},{"__id__":36},{"__id__":37}],"_level":3,"_components":[{"__type__":"cc.Sprite","node":{"__id__":34},"_spriteFrame":{"__uuid__":"eblfQCpBFN+qk8wupbRESj"}}],"_contentSize":{"__type__":"cc.Size","width":487,"height":142},"_position":{"__type__":"cc.Vec3","y":-693},"_scale":{"__type__":"cc.Vec3","x":1,"y":1,"z":1}},{"__type__":"cc.Node","_name":"New Label","_parent":{"__id__":34},"_level":4,"_components":[{"__type__":"cc.Label","node":{"__id__":35},"_srcBlendFactor":1,"_useOriginalSize":false,"_string":"累计邀请10个好友","_N$string":"累计邀请10个好友","_fontSize":28,"_N$horizontalAlign":1,"_N$verticalAlign":1,"_N$fontFamily":"NotoSansHans-Regular"}],"_color":{"__type__":"cc.Color"},"_contentSize":{"__type__":"cc.Size","width":224,"height":40},"_anchorPoint":{"__type__":"cc.Vec2","y":0.5},"_position":{"__type__":"cc.Vec3","x":-200,"y":72},"_scale":{"__type__":"cc.Vec3","x":1,"y":1,"z":1}},{"__type__":"cc.Node","_name":"luck","_parent":{"__id__":34},"_level":4,"_components":[{"__type__":"cc.Sprite","node":{"__id__":36},"_spriteFrame":{"__uuid__":"54x52POhlKibuIEeFInPr0"}}],"_contentSize":{"__type__":"cc.Size","width":58,"height":51},"_position":{"__type__":"cc.Vec3","x":-200,"y":20},"_scale":{"__type__":"cc.Vec3","x":1,"y":1,"z":1}},{"__type__":"cc.Node","_name":"New Label","_parent":{"__id__":34},"_level":4,"_components":[{"__type__":"cc.Label","node":{"__id__":37},"_srcBlendFactor":1,"_useOriginalSize":false,"_string":"一等奖概率提升","_N$string":"一等奖概率提升","_fontSize":22,"_N$horizontalAlign":1,"_N$verticalAlign":1,"_N$fontFamily":"NotoSansHans-Regular"}],"_color":{"__type__":"cc.Color","r":49,"g":49,"b":73},"_contentSize":{"__type__":"cc.Size","width":154,"height":40},"_anchorPoint":{"__type__":"cc.Vec2","y":0.5},"_position":{"__type__":"cc.Vec3","x":-225,"y":-30},"_scale":{"__type__":"cc.Vec3","x":1,"y":1,"z":1}}],{"__type__":"cc.SpriteFrame","content":{"name":"todo","texture":"1fb4a8873","rect":[966,466,51,51],"offset":[0,0],"originalSize":[51,51]}},{"__type__":"cc.SpriteFrame","content":{"name":"close","texture":"1d3a87338","rect":[202,951,65,65],"offset":[0,0],"originalSize":[65,65]}},{"__type__":"cc.SpriteFrame","content":{"name":"gbtn","texture":"178abc183","rect":[362,864,204,76],"offset":[0,0],"originalSize":[204,76],"capInsets":[50,20,50,20]}},{"__type__":"cc.SpriteFrame","content":{"name":"head","texture":"178abc183","rect":[792,661,80,89],"offset":[0,0],"originalSize":[80,89]}},[{"__type__":"cc.Prefab","_name":"inviteHeadImg","data":{"__id__":1}},{"__type__":"cc.Node","_name":"inviteHeadImg","_children":[{"__id__":2}],"_level":1,"_components":[{"__type__":"cc.Sprite","node":{"__id__":1},"_spriteFrame":{"__uuid__":"9d9efqSUpB+oFD/yofAQ1d"},"_type":1},{"__type__":"bb1cdPOSelHpZlfdAeEOpSR","node":{"__id__":1},"headImg":{"__id__":3}}],"_prefab":{"__type__":"cc.PrefabInfo","root":{"__id__":1},"asset":{"__uuid__":"b5FVM+xa1NM6qHm8uuBvZS"},"fileId":"9adH0ZA9xLT7E57kz7BFg+"},"_contentSize":{"__type__":"cc.Size","width":80,"height":89},"_position":{"__type__":"cc.Vec3","x":40},"_scale":{"__type__":"cc.Vec3","x":1,"y":1,"z":1}},{"__type__":"cc.Node","_name":"headImg","_parent":{"__id__":1},"_level":2,"_components":[{"__id__":3}],"_prefab":{"__type__":"cc.PrefabInfo","root":{"__id__":1},"asset":{"__uuid__":"b5FVM+xa1NM6qHm8uuBvZS"},"fileId":"47tqzkzuNKA56XSj7yAhX+"},"_contentSize":{"__type__":"cc.Size","width":75,"height":75},"_position":{"__type__":"cc.Vec3","y":4.5},"_scale":{"__type__":"cc.Vec3","x":1,"y":1,"z":1}},{"__type__":"cc.Sprite","node":{"__id__":2},"_sizeMode":0}],{"__type__":"cc.SpriteFrame","content":{"name":"update","texture":"178abc183","rect":[969,661,51,51],"offset":[0,0],"originalSize":[51,51]}},{"__type__":"cc.SpriteFrame","content":{"name":"base","texture":"14a1c60ae","rect":[871,2,487,142],"offset":[0,0],"originalSize":[487,142],"rotated":1}},{"__type__":"cc.SpriteFrame","content":{"name":"eventbg","texture":"1fe470191","rect":[2,2,592,829],"offset":[0,0],"originalSize":[592,829]}}]