[[{"__type__":"cc.SceneAsset","_name":"StartScene","scene":{"__id__":1},"asyncLoadAssets":null},{"__type__":"cc.Scene","_name":"New Node","_children":[{"__id__":2},{"__id__":15},{"__id__":16},{"__id__":31}],"_anchorPoint":{"__type__":"cc.Vec2"},"_scale":{"__type__":"cc.Vec3","x":0.585793610873414,"y":0.585793610873414,"z":1},"autoReleaseAssets":false},{"__type__":"cc.Node","_name":"Canvas","_parent":{"__id__":1},"_children":[{"__id__":3},{"__id__":4},{"__id__":5},{"__id__":6},{"__id__":7},{"__id__":10},{"__id__":11},{"__id__":13}],"_components":[{"__type__":"cc.Canvas","node":{"__id__":2},"_designResolution":{"__type__":"cc.Size","width":640,"height":1136},"_fitWidth":true,"_fitHeight":false},{"__type__":"e1b90/rohdEk4SdmmEZANaD","node":{"__id__":2},"startBtn":{"__id__":8},"continueBtn":{"__id__":9}},{"__type__":"cc.Animation","node":{"__id__":2},"_defaultClip":{"__uuid__":"ea7t30mNhP/ab+vJ6YaEzM"},"_clips":[{"__uuid__":"ea7t30mNhP/ab+vJ6YaEzM"},{"__uuid__":"8bSw0EWGVAMrrjJGfz2AZn"}],"playOnLoad":true}],"_contentSize":{"__type__":"cc.Size","width":640,"height":1136},"_position":{"__type__":"cc.Vec3","x":320,"y":568},"_scale":{"__type__":"cc.Vec3","x":1,"y":1,"z":1},"_id":"f0knujyDZIl4a5SquP+Ns2"},{"__type__":"cc.Node","_name":"Main Camera","_parent":{"__id__":2},"_level":1,"_components":[{"__type__":"cc.Camera","node":{"__id__":3},"_clearFlags":7,"_depth":-1}],"_scale":{"__type__":"cc.Vec3","x":1,"y":1,"z":1}},{"__type__":"cc.Node","_name":"coverbg","_parent":{"__id__":2},"_level":1,"_components":[{"__type__":"cc.Sprite","node":{"__id__":4},"_spriteFrame":{"__uuid__":"cbSorvLxVOfL5UOfMeEa/p"}}],"_contentSize":{"__type__":"cc.Size","width":640,"height":1136},"_scale":{"__type__":"cc.Vec3","x":1,"y":1,"z":1}},{"__type__":"cc.Node","_name":"title","_parent":{"__id__":2},"_level":1,"_components":[{"__type__":"cc.Sprite","node":{"__id__":5},"_spriteFrame":{"__uuid__":"7dcFmlKXlGT7ZpoMEP1rH6"}}],"_contentSize":{"__type__":"cc.Size","width":300,"height":473},"_position":{"__type__":"cc.Vec3","x":9,"y":209},"_scale":{"__type__":"cc.Vec3","x":0.5,"y":0.5,"z":1}},{"__type__":"cc.Node","_name":"pieces","_parent":{"__id__":2},"_level":1,"_components":[{"__type__":"cc.Sprite","node":{"__id__":6},"_spriteFrame":{"__uuid__":"d33uI9UpZP8qNdyaGmDidT"}}],"_contentSize":{"__type__":"cc.Size","width":572,"height":522},"_position":{"__type__":"cc.Vec3","y":218},"_scale":{"__type__":"cc.Vec3","x":0.1,"y":0.1,"z":1}},{"__type__":"cc.Node","_name":"btns","_parent":{"__id__":2},"_children":[{"__id__":8},{"__id__":9}],"_level":1,"_components":[{"__type__":"cc.Layout","node":{"__id__":7},"_layoutSize":{"__type__":"cc.Size","width":340,"height":250},"_N$layoutType":2,"_N$spacingY":20},{"__type__":"cc.Widget","node":{"__id__":7},"_alignFlags":20,"_bottom":160}],"_contentSize":{"__type__":"cc.Size","width":340,"height":250},"_position":{"__type__":"cc.Vec3","y":-283},"_scale":{"__type__":"cc.Vec3","x":1,"y":1,"z":1}},{"__type__":"cc.Node","_name":"begin","_parent":{"__id__":7},"_level":2,"_components":[{"__type__":"cc.Sprite","node":{"__id__":8},"_spriteFrame":{"__uuid__":"57EaT7gmZH8avmX2XXjHKZ"}},{"__type__":"cc.Button","node":{"__id__":8},"clickEvents":[{"__type__":"cc.ClickEvent","target":{"__id__":2},"component":"StartScene","handler":"onStart"}],"_N$target":{"__id__":8}},{"__type__":"6056f/XGBNHtIUBNDKLS3il","node":{"__id__":8}}],"_contentSize":{"__type__":"cc.Size","width":332,"height":99},"_position":{"__type__":"cc.Vec3","x":-2,"y":75.5},"_scale":{"__type__":"cc.Vec3","x":1,"y":1,"z":1}},{"__type__":"cc.Node","_name":"continueBtn","_parent":{"__id__":7},"_level":2,"_components":[{"__type__":"cc.Sprite","node":{"__id__":9},"_spriteFrame":{"__uuid__":"7a1Ktb4bZE44MidXSqFLRg"}},{"__type__":"6056f/XGBNHtIUBNDKLS3il","node":{"__id__":9}},{"__type__":"cc.Button","node":{"__id__":9},"clickEvents":[{"__type__":"cc.ClickEvent","target":{"__id__":2},"component":"StartScene","handler":"onContinue"}],"_N$target":{"__id__":9}}],"_contentSize":{"__type__":"cc.Size","width":332,"height":99},"_position":{"__type__":"cc.Vec3","y":-43.5},"_scale":{"__type__":"cc.Vec3","x":1,"y":1,"z":1}},{"__type__":"cc.Node","_name":"label","_parent":{"__id__":2},"_level":1,"_components":[{"__type__":"cc.Label","node":{"__id__":10},"_srcBlendFactor":1,"_useOriginalSize":false,"_string":"版本: ver1.2.0","_N$string":"版本: ver1.2.0","_fontSize":26,"_N$horizontalAlign":1,"_N$verticalAlign":1},{"__type__":"cc.Widget","node":{"__id__":10},"_alignFlags":9,"_left":10,"_top":10,"_bottom":10,"_originalHeight":40},{"__type__":"cc.LabelOutline","node":{"__id__":10},"_color":{"__type__":"cc.Color"},"_width":2}],"_contentSize":{"__type__":"cc.Size","width":164.39,"height":40},"_position":{"__type__":"cc.Vec3","x":-227.805,"y":538},"_scale":{"__type__":"cc.Vec3","x":1,"y":1,"z":1}},{"__type__":"cc.Node","_name":"more_b","_parent":{"__id__":2},"_children":[{"__id__":12}],"_level":1,"_components":[{"__type__":"cc.Sprite","node":{"__id__":11},"_spriteFrame":{"__uuid__":"34hGZhSWNIJrbgsiypLl55"}},{"__type__":"cc.Widget","node":{"__id__":11},"_alignFlags":12,"_left":160,"_bottom":60},{"__type__":"cc.Button","node":{"__id__":11},"clickEvents":[{"__type__":"cc.ClickEvent","target":{"__id__":2},"component":"StartScene","handler":"onMore"}],"_N$target":{"__id__":11}}],"_contentSize":{"__type__":"cc.Size","width":86,"height":86},"_position":{"__type__":"cc.Vec3","x":-117,"y":-465},"_scale":{"__type__":"cc.Vec3","x":1,"y":1,"z":1}},{"__type__":"cc.Node","_name":"label","_parent":{"__id__":11},"_level":3,"_components":[{"__type__":"cc.Label","node":{"__id__":12},"_srcBlendFactor":1,"_useOriginalSize":false,"_string":"更多好玩","_N$string":"更多好玩","_fontSize":22,"_N$horizontalAlign":1,"_N$verticalAlign":1}],"_contentSize":{"__type__":"cc.Size","width":88,"height":40},"_position":{"__type__":"cc.Vec3","y":-63},"_scale":{"__type__":"cc.Vec3","x":1,"y":1,"z":1}},{"__type__":"cc.Node","_name":"rank_b","_parent":{"__id__":2},"_children":[{"__id__":14}],"_level":1,"_components":[{"__type__":"cc.Sprite","node":{"__id__":13},"_spriteFrame":{"__uuid__":"366xV6/e1DHKT2znWXfJF0"},"_sizeMode":0},{"__type__":"cc.Widget","node":{"__id__":13},"_alignFlags":36,"_left":472.5,"_right":160,"_bottom":60,"_originalWidth":86},{"__type__":"cc.Button","node":{"__id__":13},"clickEvents":[{"__type__":"cc.ClickEvent","target":{"__id__":2},"component":"StartScene","handler":"onRank"}],"_N$target":{"__id__":13}}],"_contentSize":{"__type__":"cc.Size","width":86,"height":86},"_position":{"__type__":"cc.Vec3","x":117,"y":-465},"_scale":{"__type__":"cc.Vec3","x":1,"y":1,"z":1}},{"__type__":"cc.Node","_name":"label","_parent":{"__id__":13},"_level":3,"_components":[{"__type__":"cc.Label","node":{"__id__":14},"_srcBlendFactor":1,"_useOriginalSize":false,"_string":"好友排行","_N$string":"好友排行","_fontSize":22,"_N$horizontalAlign":1,"_N$verticalAlign":1}],"_contentSize":{"__type__":"cc.Size","width":88,"height":40},"_position":{"__type__":"cc.Vec3","y":-63},"_scale":{"__type__":"cc.Vec3","x":1,"y":1,"z":1}},{"__type__":"cc.Node","_name":"AlphaBg","_objFlags":512,"_parent":{"__id__":1},"_level":1,"_components":[{"__type__":"cc.Sprite","node":{"__id__":15},"_spriteFrame":{"__uuid__":"293QrN8z5Alo+a4+CD5VyE"},"_sizeMode":0},{"__type__":"cc.Widget","node":{"__id__":15},"_alignFlags":45,"_originalWidth":200,"_originalHeight":200},{"__type__":"12722jwlDZJcKvj+SDj1+b/","node":{"__id__":15}},{"__type__":"cc.Button","node":{"__id__":15},"clickEvents":[{"__type__":"cc.ClickEvent","target":{"__id__":15},"component":"AlphaBg","handler":"onBgClick"}],"_N$target":{"__id__":15}}],"_contentSize":{"__type__":"cc.Size","width":640,"height":1136},"_position":{"__type__":"cc.Vec3","x":320,"y":568},"_scale":{"__type__":"cc.Vec3","x":1,"y":1,"z":1},"_id":"e0F/28fwVKEKYlYGOcLI+B"},{"__type__":"cc.Node","_name":"Alert","_objFlags":512,"_parent":{"__id__":1},"_children":[{"__id__":17}],"_level":1,"_components":[{"__type__":"cc.Widget","node":{"__id__":16},"_alignFlags":18},{"__type__":"1868bbh1GVDH6Wi9/De8cuO","node":{"__id__":16},"wapper":{"__id__":17},"content_l":{"__id__":22},"attr_l":{"__id__":24},"ok_b":{"__id__":29},"yes_b":{"__id__":27},"no_b":{"__id__":25}}],"_position":{"__type__":"cc.Vec3","x":320,"y":568},"_scale":{"__type__":"cc.Vec3","x":1,"y":1,"z":1},"_id":"454Kt4f5VHoLSBtjYYK5JQ"},{"__type__":"cc.Node","_name":"wapper","_parent":{"__id__":16},"_children":[{"__id__":18},{"__id__":19},{"__id__":20},{"__id__":21},{"__id__":23},{"__id__":25},{"__id__":27},{"__id__":29}],"_active":false,"_level":2,"_color":{"__type__":"cc.Color","r":248,"g":248,"b":248},"_contentSize":{"__type__":"cc.Size","width":640,"height":1136},"_scale":{"__type__":"cc.Vec3","x":1,"y":1,"z":1}},{"__type__":"cc.Node","_name":"alphabg","_parent":{"__id__":17},"_level":3,"_components":[{"__type__":"cc.Sprite","node":{"__id__":18},"_spriteFrame":{"__uuid__":"293QrN8z5Alo+a4+CD5VyE"},"_sizeMode":0},{"__type__":"cc.Widget","node":{"__id__":18},"_alignFlags":45,"_originalWidth":200,"_originalHeight":200},{"__type__":"cc.Button","node":{"__id__":18},"clickEvents":[{"__type__":"cc.ClickEvent","target":{"__id__":16},"component":"Alert","handler":"bgClick"}],"_N$target":{"__id__":18}}],"_contentSize":{"__type__":"cc.Size","width":640,"height":1136},"_scale":{"__type__":"cc.Vec3","x":1,"y":1,"z":1}},{"__type__":"cc.Node","_name":"alert","_parent":{"__id__":17},"_level":3,"_components":[{"__type__":"cc.Sprite","node":{"__id__":19},"_spriteFrame":{"__uuid__":"6485O5Ds9E27SrBNG/Ckax"}}],"_contentSize":{"__type__":"cc.Size","width":533,"height":478},"_scale":{"__type__":"cc.Vec3","x":1,"y":1,"z":1}},{"__type__":"cc.Node","_name":"title","_parent":{"__id__":17},"_level":3,"_components":[{"__type__":"cc.Label","node":{"__id__":20},"_srcBlendFactor":1,"_useOriginalSize":false,"_string":"提示","_N$string":"提示","_fontSize":32,"_lineHeight":32,"_N$horizontalAlign":1,"_N$verticalAlign":1,"_N$fontFamily":"微软雅黑"}],"_contentSize":{"__type__":"cc.Size","width":64,"height":32},"_position":{"__type__":"cc.Vec3","y":200},"_scale":{"__type__":"cc.Vec3","x":1,"y":1,"z":1}},{"__type__":"cc.Node","_name":"content","_parent":{"__id__":17},"_level":3,"_components":[{"__id__":22}],"_color":{"__type__":"cc.Color","r":102,"g":102,"b":102},"_contentSize":{"__type__":"cc.Size","width":450,"height":40},"_anchorPoint":{"__type__":"cc.Vec2","x":0.5},"_scale":{"__type__":"cc.Vec3","x":1,"y":1,"z":1}},{"__type__":"cc.Label","node":{"__id__":21},"_srcBlendFactor":1,"_useOriginalSize":false,"_fontSize":26,"_N$fontFamily":"微软雅黑","_N$overflow":3},{"__type__":"cc.Node","_name":"attr","_parent":{"__id__":17},"_level":3,"_components":[{"__id__":24}],"_color":{"__type__":"cc.Color","r":250,"g":62,"b":102},"_contentSize":{"__type__":"cc.Size","width":450,"height":35},"_anchorPoint":{"__type__":"cc.Vec2","x":0.5,"y":1},"_scale":{"__type__":"cc.Vec3","x":1,"y":1,"z":1}},{"__type__":"cc.Label","node":{"__id__":23},"_srcBlendFactor":1,"_useOriginalSize":false,"_fontSize":26,"_lineHeight":35,"_N$fontFamily":"微软雅黑","_N$overflow":3},{"__type__":"cc.Node","_name":"bbtn","_parent":{"__id__":17},"_children":[{"__id__":26}],"_level":3,"_components":[{"__type__":"cc.Sprite","node":{"__id__":25},"_spriteFrame":{"__uuid__":"dbkBtgySdF2LR9VgbXrQg+"}},{"__type__":"cc.Button","node":{"__id__":25},"clickEvents":[{"__type__":"cc.ClickEvent","target":{"__id__":16},"component":"Alert","handler":"hide"}],"_N$target":{"__id__":25}},{"__type__":"6056f/XGBNHtIUBNDKLS3il","node":{"__id__":25}}],"_contentSize":{"__type__":"cc.Size","width":204,"height":76},"_position":{"__type__":"cc.Vec3","x":-113,"y":-150},"_scale":{"__type__":"cc.Vec3","x":1,"y":1,"z":1}},{"__type__":"cc.Node","_name":"label","_parent":{"__id__":25},"_level":4,"_components":[{"__type__":"cc.Label","node":{"__id__":26},"_srcBlendFactor":1,"_useOriginalSize":false,"_string":"再想想","_N$string":"再想想","_fontSize":26,"_lineHeight":26,"_N$horizontalAlign":1,"_N$verticalAlign":1}],"_contentSize":{"__type__":"cc.Size","width":78,"height":26},"_scale":{"__type__":"cc.Vec3","x":1,"y":1,"z":1}},{"__type__":"cc.Node","_name":"rbtn","_parent":{"__id__":17},"_children":[{"__id__":28}],"_level":3,"_components":[{"__type__":"cc.Sprite","node":{"__id__":27},"_spriteFrame":{"__uuid__":"36YKOrflZDFqqTH5/ojP9v"}},{"__type__":"cc.Button","node":{"__id__":27},"clickEvents":[{"__type__":"cc.ClickEvent","target":{"__id__":16},"component":"Alert","handler":"close"}],"_N$target":{"__id__":27}},{"__type__":"6056f/XGBNHtIUBNDKLS3il","node":{"__id__":27}}],"_contentSize":{"__type__":"cc.Size","width":204,"height":76},"_position":{"__type__":"cc.Vec3","x":109,"y":-150},"_scale":{"__type__":"cc.Vec3","x":1,"y":1,"z":1}},{"__type__":"cc.Node","_name":"label","_parent":{"__id__":27},"_level":4,"_components":[{"__type__":"cc.Label","node":{"__id__":28},"_srcBlendFactor":1,"_useOriginalSize":false,"_string":"好的","_N$string":"好的","_fontSize":26,"_lineHeight":26,"_N$horizontalAlign":1,"_N$verticalAlign":1}],"_contentSize":{"__type__":"cc.Size","width":52,"height":26},"_scale":{"__type__":"cc.Vec3","x":1,"y":1,"z":1}},{"__type__":"cc.Node","_name":"bbtn","_parent":{"__id__":17},"_children":[{"__id__":30}],"_level":3,"_components":[{"__type__":"cc.Sprite","node":{"__id__":29},"_spriteFrame":{"__uuid__":"73c2N1FjZMgJadCi75rxr2"}},{"__type__":"cc.Button","node":{"__id__":29},"clickEvents":[{"__type__":"cc.ClickEvent","target":{"__id__":16},"component":"Alert","handler":"close"}],"_N$target":{"__id__":29}},{"__type__":"6056f/XGBNHtIUBNDKLS3il","node":{"__id__":29}}],"_contentSize":{"__type__":"cc.Size","width":204,"height":76},"_position":{"__type__":"cc.Vec3","y":-150},"_scale":{"__type__":"cc.Vec3","x":1,"y":1,"z":1}},{"__type__":"cc.Node","_name":"label","_parent":{"__id__":29},"_level":4,"_components":[{"__type__":"cc.Label","node":{"__id__":30},"_srcBlendFactor":1,"_useOriginalSize":false,"_string":"确 定","_N$string":"确 定","_N$horizontalAlign":1,"_N$verticalAlign":1}],"_contentSize":{"__type__":"cc.Size","width":91.11,"height":40},"_scale":{"__type__":"cc.Vec3","x":1,"y":1,"z":1}},{"__type__":"cc.Node","_name":"Comfire","_objFlags":512,"_parent":{"__id__":1},"_children":[{"__id__":32}],"_level":1,"_components":[{"__type__":"cc.Widget","node":{"__id__":31},"_alignFlags":18},{"__type__":"31adeojXflNBZfYn3PWUkfs","node":{"__id__":31},"title_l":{"__id__":35},"img_n":{"__id__":36},"content_l":{"__id__":38},"content":{"__id__":32},"bbtn":{"__id__":39},"rbtn":{"__id__":41},"gbtn":{"__id__":43},"atts":{"__id__":45}}],"_position":{"__type__":"cc.Vec3","x":320,"y":568},"_scale":{"__type__":"cc.Vec3","x":1,"y":1,"z":1},"_id":"3dFtwaV+tBb5hhqMytXZAw"},{"__type__":"cc.Node","_name":"wapper","_parent":{"__id__":31},"_children":[{"__id__":33},{"__id__":34},{"__id__":36},{"__id__":37},{"__id__":39},{"__id__":41},{"__id__":43},{"__id__":45}],"_active":false,"_level":2,"_scale":{"__type__":"cc.Vec3","x":1,"y":1,"z":1}},{"__type__":"cc.Node","_name":"eventbg","_parent":{"__id__":32},"_level":3,"_components":[{"__type__":"cc.Sprite","node":{"__id__":33},"_spriteFrame":{"__uuid__":"f6Kn32Nc5L07h/cCbBDbPK"}}],"_contentSize":{"__type__":"cc.Size","width":592,"height":829},"_scale":{"__type__":"cc.Vec3","x":1,"y":1,"z":1}},{"__type__":"cc.Node","_name":"title","_parent":{"__id__":32},"_level":3,"_components":[{"__id__":35}],"_contentSize":{"__type__":"cc.Size","width":64,"height":32},"_position":{"__type__":"cc.Vec3","y":370},"_scale":{"__type__":"cc.Vec3","x":1,"y":1,"z":1}},{"__type__":"cc.Label","node":{"__id__":34},"_srcBlendFactor":1,"_useOriginalSize":false,"_string":"事件","_N$string":"事件","_fontSize":32,"_lineHeight":32,"_N$horizontalAlign":1,"_N$verticalAlign":1,"_N$fontFamily":"微软雅黑"},{"__type__":"cc.Node","_name":"img","_parent":{"__id__":32},"_level":3,"_components":[{"__type__":"cc.Sprite","node":{"__id__":36},"_sizeMode":0}],"_contentSize":{"__type__":"cc.Size","width":475,"height":300},"_position":{"__type__":"cc.Vec3","y":140},"_scale":{"__type__":"cc.Vec3","x":1,"y":1,"z":1}},{"__type__":"cc.Node","_name":"content","_parent":{"__id__":32},"_level":3,"_components":[{"__id__":38}],"_color":{"__type__":"cc.Color","r":102,"g":102,"b":102},"_contentSize":{"__type__":"cc.Size","width":472,"height":120},"_anchorPoint":{"__type__":"cc.Vec2","x":0.5,"y":1},"_position":{"__type__":"cc.Vec3","y":-21},"_scale":{"__type__":"cc.Vec3","x":1,"y":1,"z":1}},{"__type__":"cc.Label","node":{"__id__":37},"_srcBlendFactor":1,"_useOriginalSize":false,"_string":"在经历资源灾难后的未来，城市以巨型的机械树为形态进行运作，快递和程序员两大职业承担着机械树中","_N$string":"在经历资源灾难后的未来，城市以巨型的机械树为形态进行运作，快递和程序员两大职业承担着机械树中","_fontSize":26,"_N$verticalAlign":1,"_N$overflow":3},{"__type__":"cc.Node","_name":"bbtn","_parent":{"__id__":32},"_children":[{"__id__":40}],"_level":3,"_components":[{"__type__":"cc.Sprite","node":{"__id__":39},"_spriteFrame":{"__uuid__":"dbkBtgySdF2LR9VgbXrQg+"}},{"__type__":"cc.Button","node":{"__id__":39},"clickEvents":[{"__type__":"cc.ClickEvent","target":{"__id__":31},"component":"Comfire","handler":"onNoClick"}],"_N$target":{"__id__":39}},{"__type__":"6056f/XGBNHtIUBNDKLS3il","node":{"__id__":39}}],"_contentSize":{"__type__":"cc.Size","width":204,"height":76},"_position":{"__type__":"cc.Vec3","x":-135,"y":-324},"_scale":{"__type__":"cc.Vec3","x":1,"y":1,"z":1}},{"__type__":"cc.Node","_name":"label","_parent":{"__id__":39},"_level":4,"_components":[{"__type__":"cc.Label","node":{"__id__":40},"_srcBlendFactor":1,"_useOriginalSize":false,"_string":"放弃","_N$string":"放弃","_fontSize":26,"_lineHeight":26,"_N$horizontalAlign":1,"_N$verticalAlign":1}],"_contentSize":{"__type__":"cc.Size","width":52,"height":26},"_scale":{"__type__":"cc.Vec3","x":1,"y":1,"z":1}},{"__type__":"cc.Node","_name":"rbtn","_parent":{"__id__":32},"_children":[{"__id__":42}],"_level":3,"_components":[{"__type__":"cc.Sprite","node":{"__id__":41},"_spriteFrame":{"__uuid__":"36YKOrflZDFqqTH5/ojP9v"}},{"__type__":"cc.Button","node":{"__id__":41},"clickEvents":[{"__type__":"cc.ClickEvent","target":{"__id__":31},"component":"Comfire","handler":"onYesClick"}],"_N$target":{"__id__":41}},{"__type__":"6056f/XGBNHtIUBNDKLS3il","node":{"__id__":41}}],"_contentSize":{"__type__":"cc.Size","width":204,"height":76},"_position":{"__type__":"cc.Vec3","x":135,"y":-324},"_scale":{"__type__":"cc.Vec3","x":1,"y":1,"z":1}},{"__type__":"cc.Node","_name":"label","_parent":{"__id__":41},"_level":4,"_components":[{"__type__":"cc.Label","node":{"__id__":42},"_srcBlendFactor":1,"_useOriginalSize":false,"_string":"好的","_N$string":"好的","_fontSize":26,"_lineHeight":26,"_N$horizontalAlign":1,"_N$verticalAlign":1}],"_contentSize":{"__type__":"cc.Size","width":52,"height":26},"_scale":{"__type__":"cc.Vec3","x":1,"y":1,"z":1}},{"__type__":"cc.Node","_name":"gbtn","_parent":{"__id__":32},"_children":[{"__id__":44}],"_level":3,"_components":[{"__type__":"cc.Sprite","node":{"__id__":43},"_spriteFrame":{"__uuid__":"73c2N1FjZMgJadCi75rxr2"}},{"__type__":"cc.Button","node":{"__id__":43},"clickEvents":[{"__type__":"cc.ClickEvent","target":{"__id__":31},"component":"Comfire","handler":"onYesClick"}],"_N$target":{"__id__":43}},{"__type__":"6056f/XGBNHtIUBNDKLS3il","node":{"__id__":43}}],"_contentSize":{"__type__":"cc.Size","width":204,"height":76},"_position":{"__type__":"cc.Vec3","y":-324},"_scale":{"__type__":"cc.Vec3","x":1,"y":1,"z":1}},{"__type__":"cc.Node","_name":"label","_parent":{"__id__":43},"_level":4,"_components":[{"__type__":"cc.Label","node":{"__id__":44},"_srcBlendFactor":1,"_useOriginalSize":false,"_string":"好的","_N$string":"好的","_fontSize":26,"_lineHeight":26,"_N$horizontalAlign":1,"_N$verticalAlign":1}],"_contentSize":{"__type__":"cc.Size","width":52,"height":26},"_scale":{"__type__":"cc.Vec3","x":1,"y":1,"z":1}},{"__type__":"cc.Node","_name":"attr","_parent":{"__id__":32},"_children":[{"__id__":46},{"__id__":49}],"_level":3,"_position":{"__type__":"cc.Vec3","y":20},"_scale":{"__type__":"cc.Vec3","x":1,"y":1,"z":1}},{"__type__":"cc.Node","_name":"costbg","_parent":{"__id__":45},"_children":[{"__id__":47},{"__id__":48}],"_level":4,"_components":[{"__type__":"cc.Sprite","node":{"__id__":46},"_spriteFrame":{"__uuid__":"3dmUv07ERLvat0vGJKIxLk"}}],"_contentSize":{"__type__":"cc.Size","width":476,"height":43},"_position":{"__type__":"cc.Vec3","y":-149},"_scale":{"__type__":"cc.Vec3","x":1,"y":1,"z":1}},{"__type__":"cc.Node","_name":"label","_parent":{"__id__":46},"_level":5,"_components":[{"__type__":"cc.Label","node":{"__id__":47},"_srcBlendFactor":1,"_useOriginalSize":false,"_string":"花费了：","_N$string":"花费了：","_fontSize":24,"_N$horizontalAlign":1,"_N$verticalAlign":1}],"_contentSize":{"__type__":"cc.Size","width":96,"height":40},"_anchorPoint":{"__type__":"cc.Vec2","y":0.5},"_position":{"__type__":"cc.Vec3","x":-210},"_scale":{"__type__":"cc.Vec3","x":1,"y":1,"z":1}},{"__type__":"cc.Node","_name":"costlabel","_parent":{"__id__":46},"_level":5,"_components":[{"__type__":"cc.Label","node":{"__id__":48},"_srcBlendFactor":1,"_useOriginalSize":false,"_string":"30小时    10000元","_N$string":"30小时    10000元","_fontSize":24,"_N$horizontalAlign":1,"_N$verticalAlign":1}],"_contentSize":{"__type__":"cc.Size","width":192.11,"height":40},"_anchorPoint":{"__type__":"cc.Vec2","y":0.5},"_position":{"__type__":"cc.Vec3","x":-88},"_scale":{"__type__":"cc.Vec3","x":1,"y":1,"z":1}},{"__type__":"cc.Node","_name":"attbg","_parent":{"__id__":45},"_children":[{"__id__":50},{"__id__":51}],"_level":4,"_components":[{"__type__":"cc.Sprite","node":{"__id__":49},"_spriteFrame":{"__uuid__":"c82vj7cgpD/5KDz0GhrBVX"}}],"_contentSize":{"__type__":"cc.Size","width":476,"height":105},"_position":{"__type__":"cc.Vec3","y":-233},"_scale":{"__type__":"cc.Vec3","x":1,"y":1,"z":1}},{"__type__":"cc.Node","_name":"label","_parent":{"__id__":49},"_level":4,"_components":[{"__type__":"cc.Label","node":{"__id__":50},"_srcBlendFactor":1,"_useOriginalSize":false,"_string":"属性变化:","_N$string":"属性变化:","_fontSize":24,"_N$horizontalAlign":1,"_N$verticalAlign":1}],"_color":{"__type__":"cc.Color","r":112,"g":123,"b":185},"_contentSize":{"__type__":"cc.Size","width":102.67,"height":40},"_position":{"__type__":"cc.Vec3","x":-160,"y":26},"_scale":{"__type__":"cc.Vec3","x":1,"y":1,"z":1}},{"__type__":"cc.Node","_name":"attlabel","_parent":{"__id__":49},"_level":4,"_components":[{"__type__":"cc.Label","node":{"__id__":51},"_srcBlendFactor":1,"_useOriginalSize":false,"_string":"社交-1    经验+2    快乐+8\n健康-2    道德-2","_N$string":"社交-1    经验+2    快乐+8\n健康-2    道德-2","_fontSize":24,"_N$verticalAlign":1,"_N$overflow":3}],"_color":{"__type__":"cc.Color","r":112,"g":123,"b":185},"_contentSize":{"__type__":"cc.Size","width":330,"height":80},"_anchorPoint":{"__type__":"cc.Vec2","y":1},"_position":{"__type__":"cc.Vec3","x":-89,"y":45},"_scale":{"__type__":"cc.Vec3","x":1,"y":1,"z":1}}],{"__type__":"cc.SpriteFrame","content":{"name":"alphabg","texture":"178abc183","rect":[765,803,200,200],"offset":[0,0],"originalSize":[200,200]}},{"__type__":"cc.SpriteFrame","content":{"name":"more_b","texture":"178abc183","rect":[876,661,86,86],"offset":[0,0],"originalSize":[86,86]}},{"__type__":"cc.SpriteFrame","content":{"name":"rbtn","texture":"178abc183","rect":[362,944,204,76],"offset":[0,0],"originalSize":[204,76],"capInsets":[50,20,50,20]}},{"__type__":"cc.SpriteFrame","content":{"name":"friendrank","texture":"178abc183","rect":[868,303,86,86],"offset":[0,0],"originalSize":[86,86]}},{"__type__":"cc.SpriteFrame","content":{"name":"costbg","texture":"1fb4a8873","rect":[182,953,476,43],"offset":[0,0],"originalSize":[476,43]}},{"__type__":"cc.SpriteFrame","content":{"name":"wbtn","texture":"1d3a87338","rect":[804,526,332,99],"offset":[0,0],"originalSize":[332,99],"rotated":1}},{"__type__":"cc.SpriteFrame","content":{"name":"alert","texture":"1fb403fc4","rect":[2,528,533,478],"offset":[0,0],"originalSize":[533,478]}},{"__type__":"cc.SpriteFrame","content":{"name":"gbtn","texture":"178abc183","rect":[362,864,204,76],"offset":[0,0],"originalSize":[204,76],"capInsets":[50,20,50,20]}},{"__type__":"cc.SpriteFrame","content":{"name":"rbtn","texture":"1d3a87338","rect":[625,646,332,99],"offset":[0,0],"originalSize":[332,99],"rotated":1}},{"__type__":"cc.SpriteFrame","content":{"name":"title","texture":"178abc183","rect":[564,98,300,473],"offset":[0,0],"originalSize":[300,473]}},{"__type__":"cc.AnimationClip","_name":"viewmove","_duration":1.3333333333333333,"wrapMode":"2","curveData":{"paths":{"pieces":{"props":{"y":[{"frame":0,"value":218},{"frame":0.6666666666666666,"value":200},{"frame":1.3333333333333333,"value":218}]}},"title":{"props":{"x":[{"frame":0,"value":9},{"frame":0.3333333333333333,"value":9},{"frame":0.8166666666666667,"value":5},{"frame":1.1333333333333333,"value":7},{"frame":1.3333333333333333,"value":9}],"y":[{"frame":0,"value":209},{"frame":0.3333333333333333,"value":209},{"frame":0.8166666666666667,"value":209},{"frame":1.1333333333333333,"value":213},{"frame":1.3333333333333333,"value":209}]}}}}},{"__type__":"cc.SpriteFrame","content":{"name":"attbg","texture":"14a1c60ae","rect":[871,493,476,105],"offset":[0,0],"originalSize":[476,105],"rotated":1}},{"__type__":"cc.SpriteFrame","content":{"name":"coverbg","texture":"10cJBmyWtECrrGWiqU/YQI","rect":[0,0,640,1136],"offset":[0,0],"originalSize":[640,1136]}},{"__type__":"cc.SpriteFrame","content":{"name":"pieces","texture":"1fb403fc4","rect":[2,2,572,522],"offset":[0,0],"originalSize":[572,522]}},{"__type__":"cc.SpriteFrame","content":{"name":"bbtn","texture":"1fb4a8873","rect":[932,746,204,76],"offset":[0,0],"originalSize":[204,76],"rotated":1,"capInsets":[45,30,45,30]}},{"__type__":"cc.AnimationClip","_name":"logopop","_duration":0.25,"wrapMode":"1","curveData":{"paths":{"title":{"props":{"scale":[{"frame":0,"value":{"__type__":"cc.Vec2","x":0.5,"y":0.5}},{"frame":0.16666666666666666,"value":{"__type__":"cc.Vec2","x":1.1,"y":1.1}},{"frame":0.25,"value":{"__type__":"cc.Vec2","x":1,"y":1}}]}},"pieces":{"props":{"scale":[{"frame":0,"value":{"__type__":"cc.Vec2","x":0.1,"y":0.1}},{"frame":0.05,"value":{"__type__":"cc.Vec2","x":0.5,"y":0.5}},{"frame":0.16666666666666666,"value":{"__type__":"cc.Vec2","x":1.1,"y":1.1}},{"frame":0.25,"value":{"__type__":"cc.Vec2","x":1,"y":1}}]}}},"props":{"scale":[]}}},{"__type__":"cc.SpriteFrame","content":{"name":"eventbg","texture":"1fe470191","rect":[2,2,592,829],"offset":[0,0],"originalSize":[592,829]}}]