[{"__type__":"cc.SpriteFrame","content":{"name":"title2","texture":"178abc183","rect":[792,575,174,82],"offset":[0,2],"originalSize":[174,86]}},{"__type__":"cc.SpriteFrame","content":{"name":"listbg","texture":"1bd732664","rect":[625,2,569,207],"offset":[0,0],"originalSize":[569,207],"rotated":1}},{"__type__":"cc.SpriteFrame","content":{"name":"normalbg","texture":"24ubN/e2dDXbmdl2D5avQY","rect":[0,0,640,1136],"offset":[0,0],"originalSize":[640,1136]}},{"__type__":"cc.SpriteFrame","content":{"name":"refreshIcon","texture":"14a1c60ae","rect":[990,902,25,25],"offset":[0,0],"originalSize":[25,25]}},{"__type__":"cc.SpriteFrame","content":{"name":"leave","texture":"178abc183","rect":[898,2,191,79],"offset":[0,0],"originalSize":[191,79],"rotated":1}},{"__type__":"cc.SpriteFrame","content":{"name":"skew","texture":"1d3a87338","rect":[915,332,139,107],"offset":[0,0],"originalSize":[139,107],"rotated":1}},{"__type__":"cc.SpriteFrame","content":{"name":"gbtn","texture":"178abc183","rect":[362,864,204,76],"offset":[0,0],"originalSize":[204,76],"capInsets":[50,20,50,20]}},[{"__type__":"cc.SceneAsset","_name":"CarDealerScene","scene":{"__id__":1},"asyncLoadAssets":null},{"__type__":"cc.Scene","_name":"New Node","_children":[{"__id__":2}],"_anchorPoint":{"__type__":"cc.Vec2"},"_scale":{"__type__":"cc.Vec3","x":0.4639084507042254,"y":0.4639084507042254,"z":1},"autoReleaseAssets":false},{"__type__":"cc.Node","_name":"Canvas","_parent":{"__id__":1},"_children":[{"__id__":3},{"__id__":4},{"__id__":5},{"__id__":6},{"__id__":8},{"__id__":10},{"__id__":11},{"__id__":12},{"__id__":16},{"__id__":17}],"_level":1,"_components":[{"__type__":"cc.Canvas","node":{"__id__":2},"_designResolution":{"__type__":"cc.Size","width":640,"height":1136},"_fitWidth":true,"_fitHeight":false},{"__type__":"701c8GxixdOe5ZKvopmYkrB","node":{"__id__":2},"car_fab":{"__uuid__":"983PFDfVVL8YOC9OojWNlI"},"carlistLayout":{"__id__":16},"carlistLayout2":{"__id__":17},"restmoney_l":{"__id__":9},"refresh_l":{"__id__":15}}],"_contentSize":{"__type__":"cc.Size","width":640,"height":1136},"_position":{"__type__":"cc.Vec3","x":320,"y":568},"_scale":{"__type__":"cc.Vec3","x":1,"y":1,"z":1},"_id":"1dwnmDHaBK74AKilavt+gK"},{"__type__":"cc.Node","_name":"Main Camera","_parent":{"__id__":2},"_level":1,"_components":[{"__type__":"cc.Camera","node":{"__id__":3},"_clearFlags":7,"_depth":-1}],"_scale":{"__type__":"cc.Vec3","x":1,"y":1,"z":1}},{"__type__":"cc.Node","_name":"mainbg","_parent":{"__id__":2},"_level":1,"_components":[{"__type__":"cc.Sprite","node":{"__id__":4},"_spriteFrame":{"__uuid__":"18N3NegzBMk6HiDLP7eV3e"}}],"_contentSize":{"__type__":"cc.Size","width":640,"height":1136},"_scale":{"__type__":"cc.Vec3","x":1,"y":1,"z":1}},{"__type__":"cc.Node","_name":"declining_BG","_parent":{"__id__":2},"_level":1,"_components":[{"__type__":"cc.Sprite","node":{"__id__":5},"_spriteFrame":{"__uuid__":"edkQ/PpiZPsYHjBoK1+RRj"}}],"_contentSize":{"__type__":"cc.Size","width":619,"height":945},"_scale":{"__type__":"cc.Vec3","x":1,"y":1,"z":1}},{"__type__":"cc.Node","_name":"title2","_parent":{"__id__":2},"_children":[{"__id__":7}],"_level":1,"_components":[{"__type__":"cc.Sprite","node":{"__id__":6},"_spriteFrame":{"__uuid__":"03VMz7B2RGM4Sy0X7Nfnoi"}}],"_contentSize":{"__type__":"cc.Size","width":174,"height":82},"_position":{"__type__":"cc.Vec3","x":-231,"y":472},"_scale":{"__type__":"cc.Vec3","x":1,"y":1,"z":1}},{"__type__":"cc.Node","_name":"New Label","_parent":{"__id__":6},"_level":2,"_components":[{"__type__":"cc.Label","node":{"__id__":7},"_srcBlendFactor":1,"_useOriginalSize":false,"_string":"车行","_N$string":"车行","_fontSize":32,"_N$horizontalAlign":1,"_N$verticalAlign":1}],"_contentSize":{"__type__":"cc.Size","width":64,"height":40},"_scale":{"__type__":"cc.Vec3","x":1,"y":1,"z":1},"_rotationX":-10,"_rotationY":-10,"_quat":{"__type__":"cc.Quat","z":0.08715574274765817,"w":0.9961946980917455}},{"__type__":"cc.Node","_name":"restmoney","_parent":{"__id__":2},"_level":2,"_components":[{"__id__":9}],"_contentSize":{"__type__":"cc.Size","width":231.23,"height":40},"_anchorPoint":{"__type__":"cc.Vec2","y":0.5},"_position":{"__type__":"cc.Vec3","x":-275,"y":402},"_scale":{"__type__":"cc.Vec3","x":1,"y":1,"z":1}},{"__type__":"cc.Label","node":{"__id__":8},"_srcBlendFactor":1,"_useOriginalSize":false,"_string":"钱包：10000","_N$string":"钱包：10000","_N$horizontalAlign":1,"_N$verticalAlign":1},{"__type__":"cc.Node","_name":"tips","_parent":{"__id__":2},"_level":1,"_components":[{"__type__":"cc.Label","node":{"__id__":10},"_srcBlendFactor":1,"_useOriginalSize":false,"_string":"购买新车前请先出售旧车","_N$string":"购买新车前请先出售旧车","_fontSize":24,"_N$horizontalAlign":1,"_N$verticalAlign":1}],"_contentSize":{"__type__":"cc.Size","width":264,"height":40},"_position":{"__type__":"cc.Vec3","x":-138,"y":343},"_scale":{"__type__":"cc.Vec3","x":1,"y":1,"z":1}},{"__type__":"cc.Node","_name":"leave","_parent":{"__id__":2},"_level":1,"_components":[{"__type__":"cc.Sprite","node":{"__id__":11},"_spriteFrame":{"__uuid__":"30XiAkCYlKyJerx6MDnqcH"}},{"__type__":"cc.Button","node":{"__id__":11},"clickEvents":[{"__type__":"cc.ClickEvent","target":{"__id__":2},"component":"CarDealerScene","handler":"onLeaveBtnClick"}],"_N$target":{"__id__":11}}],"_contentSize":{"__type__":"cc.Size","width":191,"height":79},"_position":{"__type__":"cc.Vec3","x":218,"y":-508},"_scale":{"__type__":"cc.Vec3","x":1,"y":1,"z":1}},{"__type__":"cc.Node","_name":"refresh","_parent":{"__id__":2},"_children":[{"__id__":13},{"__id__":14}],"_level":2,"_components":[{"__type__":"cc.Sprite","node":{"__id__":12},"_spriteFrame":{"__uuid__":"9c7CQOymdOarSgSKPAPQJg"}},{"__type__":"cc.Button","node":{"__id__":12},"clickEvents":[{"__type__":"cc.ClickEvent","target":{"__id__":2},"component":"CarDealerScene","handler":"onRefreshBtnClick"}],"_N$target":{"__id__":12}}],"_contentSize":{"__type__":"cc.Size","width":193,"height":60},"_position":{"__type__":"cc.Vec3","x":216,"y":341},"_scale":{"__type__":"cc.Vec3","x":1,"y":1,"z":1}},{"__type__":"cc.Node","_name":"refreshIcon","_parent":{"__id__":12},"_level":3,"_components":[{"__type__":"cc.Sprite","node":{"__id__":13},"_spriteFrame":{"__uuid__":"2bFiGSMOtOGL1kb1qafZzq"}}],"_contentSize":{"__type__":"cc.Size","width":25,"height":25},"_position":{"__type__":"cc.Vec3","x":-50,"y":-1},"_scale":{"__type__":"cc.Vec3","x":1,"y":1,"z":1}},{"__type__":"cc.Node","_name":"refreshLabel","_parent":{"__id__":12},"_level":3,"_components":[{"__id__":15}],"_contentSize":{"__type__":"cc.Size","width":122.24,"height":40},"_anchorPoint":{"__type__":"cc.Vec2","y":0.5},"_position":{"__type__":"cc.Vec3","x":-27},"_scale":{"__type__":"cc.Vec3","x":1,"y":1,"z":1}},{"__type__":"cc.Label","node":{"__id__":14},"_srcBlendFactor":1,"_useOriginalSize":false,"_string":"换一批（1）","_N$string":"换一批（1）","_fontSize":22,"_N$verticalAlign":1},{"__type__":"cc.Node","_name":"carlistLayout","_parent":{"__id__":2},"_level":2,"_components":[{"__type__":"cc.Sprite","node":{"__id__":16},"_type":1,"_sizeMode":0},{"__type__":"cc.Layout","node":{"__id__":16},"_layoutSize":{"__type__":"cc.Size","width":650,"height":1136},"_N$layoutType":2,"_N$paddingTop":400,"_N$paddingBottom":-250,"_N$spacingY":230}],"_contentSize":{"__type__":"cc.Size","width":650,"height":1136},"_scale":{"__type__":"cc.Vec3","x":1,"y":1,"z":1}},{"__type__":"cc.Node","_name":"carlistLayout2","_parent":{"__id__":2},"_level":2,"_components":[{"__type__":"cc.Sprite","node":{"__id__":17},"_type":1,"_sizeMode":0},{"__type__":"cc.Layout","node":{"__id__":17},"_layoutSize":{"__type__":"cc.Size","width":650,"height":1136},"_N$layoutType":2,"_N$paddingTop":630,"_N$paddingBottom":-250,"_N$spacingY":230}],"_contentSize":{"__type__":"cc.Size","width":650,"height":1136},"_scale":{"__type__":"cc.Vec3","x":1,"y":1,"z":1}}],[{"__type__":"cc.Prefab","_name":"carList","data":{"__id__":1}},{"__type__":"cc.Node","_name":"list","_children":[{"__id__":2},{"__id__":3},{"__id__":5},{"__id__":7},{"__id__":9},{"__id__":11},{"__id__":13},{"__id__":15}],"_level":1,"_components":[{"__type__":"387dcFVlvNKRJ6AkCAIqRoi","node":{"__id__":1},"skew":{"__id__":5},"saleBtn":{"__id__":7},"buyBtn":{"__id__":9},"goods_s":{"__id__":4},"carKind":{"__id__":12},"carPrice":{"__id__":14},"carMaintenance":{"__id__":16}}],"_prefab":{"__type__":"cc.PrefabInfo","root":{"__id__":1},"asset":{"__uuid__":"983PFDfVVL8YOC9OojWNlI"},"fileId":"41xRsGShlLH731jBQveI87"},"_scale":{"__type__":"cc.Vec3","x":1,"y":1,"z":1},"_localZOrder":350},{"__type__":"cc.Node","_name":"listbg","_parent":{"__id__":1},"_level":3,"_components":[{"__type__":"cc.Sprite","node":{"__id__":2},"_spriteFrame":{"__uuid__":"10usDTib9DLr5TbuKcqDrr"}}],"_prefab":{"__type__":"cc.PrefabInfo","root":{"__id__":1},"asset":{"__uuid__":"983PFDfVVL8YOC9OojWNlI"},"fileId":"36A9Jmi9pIs5iVQTlJIqSN"},"_contentSize":{"__type__":"cc.Size","width":569,"height":207},"_scale":{"__type__":"cc.Vec3","x":1,"y":1,"z":1},"_localZOrder":207},{"__type__":"cc.Node","_name":"goods","_parent":{"__id__":1},"_level":2,"_components":[{"__id__":4}],"_prefab":{"__type__":"cc.PrefabInfo","root":{"__id__":1},"asset":{"__uuid__":"983PFDfVVL8YOC9OojWNlI"},"fileId":"b4eiZMvO5IeKCLVQIhgR5z"},"_contentSize":{"__type__":"cc.Size","width":273,"height":158},"_position":{"__type__":"cc.Vec3","x":-130},"_scale":{"__type__":"cc.Vec3","x":1,"y":1,"z":1},"_localZOrder":208},{"__type__":"cc.Sprite","node":{"__id__":3},"_sizeMode":0},{"__type__":"cc.Node","_name":"skew","_parent":{"__id__":1},"_children":[{"__id__":6}],"_level":3,"_components":[{"__type__":"cc.Sprite","node":{"__id__":5},"_spriteFrame":{"__uuid__":"3efKQ5hHBCBqF+P7ZoB1UA"}}],"_prefab":{"__type__":"cc.PrefabInfo","root":{"__id__":1},"asset":{"__uuid__":"983PFDfVVL8YOC9OojWNlI"},"fileId":"acQVn2z3BBfL3nECNqGuPw"},"_contentSize":{"__type__":"cc.Size","width":139,"height":107},"_position":{"__type__":"cc.Vec3","x":-220,"y":59},"_scale":{"__type__":"cc.Vec3","x":1,"y":1,"z":1},"_localZOrder":209},{"__type__":"cc.Node","_name":"New Label","_parent":{"__id__":5},"_level":4,"_components":[{"__type__":"cc.Label","node":{"__id__":6},"_srcBlendFactor":1,"_useOriginalSize":false,"_string":"我的车","_N$string":"我的车","_fontSize":22,"_N$horizontalAlign":1,"_N$verticalAlign":1}],"_prefab":{"__type__":"cc.PrefabInfo","root":{"__id__":1},"asset":{"__uuid__":"983PFDfVVL8YOC9OojWNlI"},"fileId":"e15SMV5vdBQJPYMbxGFDQH"},"_contentSize":{"__type__":"cc.Size","width":66,"height":40},"_position":{"__type__":"cc.Vec3","x":-9,"y":13},"_scale":{"__type__":"cc.Vec3","x":1,"y":1,"z":1},"_rotationX":-35,"_rotationY":-35,"_quat":{"__type__":"cc.Quat","z":0.3007057995042731,"w":0.9537169507482269},"_localZOrder":665},{"__type__":"cc.Node","_name":"saleBtn","_parent":{"__id__":1},"_children":[{"__id__":8}],"_level":3,"_components":[{"__type__":"cc.Sprite","node":{"__id__":7},"_spriteFrame":{"__uuid__":"dbkBtgySdF2LR9VgbXrQg+"},"_sizeMode":0},{"__type__":"cc.Button","node":{"__id__":7},"clickEvents":[{"__type__":"cc.ClickEvent","target":{"__id__":1},"component":"CarList","handler":"onClick"}],"_N$target":{"__id__":7}}],"_prefab":{"__type__":"cc.PrefabInfo","root":{"__id__":1},"asset":{"__uuid__":"983PFDfVVL8YOC9OojWNlI"},"fileId":"9a0YJB1tREXIOw83MOnSg/"},"_contentSize":{"__type__":"cc.Size","width":137,"height":47},"_position":{"__type__":"cc.Vec3","x":200,"y":-50},"_scale":{"__type__":"cc.Vec3","x":1,"y":1,"z":1},"_localZOrder":211},{"__type__":"cc.Node","_name":"New Label","_parent":{"__id__":7},"_level":4,"_components":[{"__type__":"cc.Label","node":{"__id__":8},"_srcBlendFactor":1,"_useOriginalSize":false,"_string":"出售","_N$string":"出售","_fontSize":28,"_N$horizontalAlign":1,"_N$verticalAlign":1}],"_prefab":{"__type__":"cc.PrefabInfo","root":{"__id__":1},"asset":{"__uuid__":"983PFDfVVL8YOC9OojWNlI"},"fileId":"e6l/aSJ6FF8aZDKD6f44YP"},"_contentSize":{"__type__":"cc.Size","width":56,"height":40},"_scale":{"__type__":"cc.Vec3","x":1,"y":1,"z":1},"_localZOrder":192},{"__type__":"cc.Node","_name":"buyBtn","_parent":{"__id__":1},"_children":[{"__id__":10}],"_level":3,"_components":[{"__type__":"cc.Sprite","node":{"__id__":9},"_spriteFrame":{"__uuid__":"73c2N1FjZMgJadCi75rxr2"},"_sizeMode":0},{"__type__":"cc.Button","node":{"__id__":9},"clickEvents":[{"__type__":"cc.ClickEvent","target":{"__id__":1},"component":"CarList","handler":"onClick"}],"_N$target":{"__id__":9}}],"_prefab":{"__type__":"cc.PrefabInfo","root":{"__id__":1},"asset":{"__uuid__":"983PFDfVVL8YOC9OojWNlI"},"fileId":"bbhjP3VUVCyb8SfU1JdQLU"},"_contentSize":{"__type__":"cc.Size","width":137,"height":47},"_position":{"__type__":"cc.Vec3","x":200,"y":-50},"_scale":{"__type__":"cc.Vec3","x":1,"y":1,"z":1},"_localZOrder":212},{"__type__":"cc.Node","_name":"btnLabel","_parent":{"__id__":9},"_level":4,"_components":[{"__type__":"cc.Label","node":{"__id__":10},"_srcBlendFactor":1,"_useOriginalSize":false,"_string":"购买","_N$string":"购买","_fontSize":28,"_N$horizontalAlign":1,"_N$verticalAlign":1}],"_prefab":{"__type__":"cc.PrefabInfo","root":{"__id__":1},"asset":{"__uuid__":"983PFDfVVL8YOC9OojWNlI"},"fileId":"18WeZLG51HkbnMmpq453CW"},"_contentSize":{"__type__":"cc.Size","width":56,"height":40},"_scale":{"__type__":"cc.Vec3","x":1,"y":1,"z":1},"_localZOrder":193},{"__type__":"cc.Node","_name":"carkind","_parent":{"__id__":1},"_level":2,"_components":[{"__id__":12}],"_prefab":{"__type__":"cc.PrefabInfo","root":{"__id__":1},"asset":{"__uuid__":"983PFDfVVL8YOC9OojWNlI"},"fileId":"d5UImSkZhMSJcWdVj/YVmh"},"_color":{"__type__":"cc.Color"},"_contentSize":{"__type__":"cc.Size","width":108,"height":40},"_anchorPoint":{"__type__":"cc.Vec2","x":1,"y":0.5},"_position":{"__type__":"cc.Vec3","x":260,"y":74},"_scale":{"__type__":"cc.Vec3","x":1,"y":1,"z":1},"_localZOrder":216},{"__type__":"cc.Label","node":{"__id__":11},"_srcBlendFactor":1,"_useOriginalSize":false,"_string":"时尚拉风跑车","_N$string":"时尚拉风跑车","_fontSize":18,"_N$horizontalAlign":2,"_N$verticalAlign":1},{"__type__":"cc.Node","_name":"price","_parent":{"__id__":1},"_level":2,"_components":[{"__id__":14}],"_prefab":{"__type__":"cc.PrefabInfo","root":{"__id__":1},"asset":{"__uuid__":"983PFDfVVL8YOC9OojWNlI"},"fileId":"5e4vSPqvREVpkzXlhFilV/"},"_color":{"__type__":"cc.Color","r":255,"g":24,"b":78},"_contentSize":{"__type__":"cc.Size","width":62.29,"height":40},"_anchorPoint":{"__type__":"cc.Vec2","x":1,"y":0.5},"_position":{"__type__":"cc.Vec3","x":260,"y":40},"_scale":{"__type__":"cc.Vec3","x":1,"y":1,"z":1},"_localZOrder":217},{"__type__":"cc.Label","node":{"__id__":13},"_srcBlendFactor":1,"_useOriginalSize":false,"_string":"2222","_N$string":"2222","_fontSize":28,"_N$horizontalAlign":2,"_N$verticalAlign":1},{"__type__":"cc.Node","_name":"maintenance","_parent":{"__id__":1},"_level":2,"_components":[{"__id__":16}],"_prefab":{"__type__":"cc.PrefabInfo","root":{"__id__":1},"asset":{"__uuid__":"983PFDfVVL8YOC9OojWNlI"},"fileId":"5dicsI5DpJB5MNu4g5UBCp"},"_color":{"__type__":"cc.Color","r":102,"g":102,"b":102},"_contentSize":{"__type__":"cc.Size","width":117.04,"height":40},"_anchorPoint":{"__type__":"cc.Vec2","x":1,"y":0.5},"_position":{"__type__":"cc.Vec3","x":260,"y":5},"_scale":{"__type__":"cc.Vec3","x":1,"y":1,"z":1},"_localZOrder":218},{"__type__":"cc.Label","node":{"__id__":15},"_srcBlendFactor":1,"_useOriginalSize":false,"_string":"维护：2200/月","_N$string":"维护：2200/月","_fontSize":18,"_N$horizontalAlign":2,"_N$verticalAlign":1}],{"__type__":"cc.SpriteFrame","content":{"name":"refresh","texture":"1d3a87338","rect":[271,951,193,60],"offset":[0,0],"originalSize":[193,60]}},{"__type__":"cc.SpriteFrame","content":{"name":"bbtn","texture":"1fb4a8873","rect":[932,746,204,76],"offset":[0,0],"originalSize":[204,76],"rotated":1,"capInsets":[45,30,45,30]}},{"__type__":"cc.SpriteFrame","content":{"name":"declining_BG","texture":"1d3a87338","rect":[2,2,619,945],"offset":[0,0],"originalSize":[619,945]}}]