[{"__type__":"cc.SpriteFrame","content":{"name":"normalbg","texture":"24ubN/e2dDXbmdl2D5avQY","rect":[0,0,640,1136],"offset":[0,0],"originalSize":[640,1136]}},[{"__type__":"cc.Prefab","_name":"peopleItem","data":{"__id__":1}},{"__type__":"cc.Node","_name":"peopleItem","_children":[{"__id__":2},{"__id__":3},{"__id__":5},{"__id__":7}],"_level":1,"_components":[{"__type__":"1bd4azHgthNvaEOkDWJr/eO","node":{"__id__":1},"name_l":{"__id__":4},"avatar":{"__id__":2},"sign_l":{"__id__":6},"msg_n":{"__id__":7}},{"__type__":"cc.Button","node":{"__id__":1},"clickEvents":[{"__type__":"cc.ClickEvent","target":{"__id__":1},"component":"PeopleItem","handler":"onClick"}],"_N$target":{"__id__":1}}],"_prefab":{"__type__":"cc.PrefabInfo","root":{"__id__":1},"asset":{"__uuid__":"43YzWWuItCnL2kPqUVgg2q"},"fileId":"fdrri24A5Fm7L3nNptHosD"},"_contentSize":{"__type__":"cc.Size","width":500,"height":100},"_anchorPoint":{"__type__":"cc.Vec2","y":0.5},"_position":{"__type__":"cc.Vec3","y":-50},"_scale":{"__type__":"cc.Vec3","x":1,"y":1,"z":1}},{"__type__":"cc.Node","_name":"avatartmp","_parent":{"__id__":1},"_level":2,"_components":[{"__type__":"cc.Sprite","node":{"__id__":2}}],"_prefab":{"__type__":"cc.PrefabInfo","root":{"__id__":1},"asset":{"__uuid__":"43YzWWuItCnL2kPqUVgg2q"},"fileId":"f8zlQ2VERBC7VvidFINFcN"},"_contentSize":{"__type__":"cc.Size","width":80,"height":80},"_position":{"__type__":"cc.Vec3","x":40},"_scale":{"__type__":"cc.Vec3","x":1,"y":1,"z":1}},{"__type__":"cc.Node","_name":"label","_parent":{"__id__":1},"_level":2,"_components":[{"__id__":4}],"_prefab":{"__type__":"cc.PrefabInfo","root":{"__id__":1},"asset":{"__uuid__":"43YzWWuItCnL2kPqUVgg2q"},"fileId":"e6hGSTeq5Agq3g/bSZHw4X"},"_color":{"__type__":"cc.Color"},"_contentSize":{"__type__":"cc.Size","width":168,"height":32},"_anchorPoint":{"__type__":"cc.Vec2","y":0.5},"_position":{"__type__":"cc.Vec3","x":100,"y":20},"_scale":{"__type__":"cc.Vec3","x":1,"y":1,"z":1}},{"__type__":"cc.Label","node":{"__id__":3},"_srcBlendFactor":1,"_useOriginalSize":false,"_string":"房产中介小樱","_N$string":"房产中介小樱","_fontSize":28,"_lineHeight":32,"_N$horizontalAlign":1,"_N$verticalAlign":1,"_N$fontFamily":"微软雅黑"},{"__type__":"cc.Node","_name":"label","_parent":{"__id__":1},"_level":2,"_components":[{"__id__":6}],"_prefab":{"__type__":"cc.PrefabInfo","root":{"__id__":1},"asset":{"__uuid__":"43YzWWuItCnL2kPqUVgg2q"},"fileId":"02WVWeGbJOMrdfTHa7SBV0"},"_color":{"__type__":"cc.Color","r":102,"g":102,"b":102},"_contentSize":{"__type__":"cc.Size","width":265,"height":32},"_anchorPoint":{"__type__":"cc.Vec2","y":0.5},"_position":{"__type__":"cc.Vec3","x":100,"y":-20},"_scale":{"__type__":"cc.Vec3","x":1,"y":1,"z":1}},{"__type__":"cc.Label","node":{"__id__":5},"_srcBlendFactor":1,"_useOriginalSize":false,"_string":"永远不是一种距离而是一个决定...","_N$string":"永远不是一种距离而是一个决定...","_fontSize":18,"_lineHeight":32,"_N$horizontalAlign":1,"_N$verticalAlign":1,"_N$fontFamily":"微软雅黑"},{"__type__":"cc.Node","_name":"redPot","_parent":{"__id__":1},"_children":[{"__id__":8}],"_level":2,"_components":[{"__type__":"cc.Sprite","node":{"__id__":7},"_spriteFrame":{"__uuid__":"6dXN3Q80NO9IvT+1ThxRMu"},"_type":1,"_sizeMode":0},{"__type__":"cc.Layout","node":{"__id__":7},"_layoutSize":{"__type__":"cc.Size","width":34,"height":34},"_resize":1,"_N$layoutType":2}],"_prefab":{"__type__":"cc.PrefabInfo","root":{"__id__":1},"asset":{"__uuid__":"43YzWWuItCnL2kPqUVgg2q"},"fileId":"cb1bqD5vpNQ7+IanLZprci"},"_contentSize":{"__type__":"cc.Size","width":34,"height":34},"_position":{"__type__":"cc.Vec3","x":475},"_scale":{"__type__":"cc.Vec3","x":1,"y":1,"z":1}},{"__type__":"cc.Node","_name":"label","_parent":{"__id__":7},"_level":3,"_components":[{"__type__":"cc.Label","node":{"__id__":8},"_srcBlendFactor":1,"_useOriginalSize":false,"_string":"5","_N$string":"5","_fontSize":22,"_lineHeight":34,"_N$horizontalAlign":1,"_N$verticalAlign":1}],"_prefab":{"__type__":"cc.PrefabInfo","root":{"__id__":1},"asset":{"__uuid__":"43YzWWuItCnL2kPqUVgg2q"},"fileId":"09zwrpPIdCNZNNUbLRpY6U"},"_contentSize":{"__type__":"cc.Size","width":12.24,"height":34},"_scale":{"__type__":"cc.Vec3","x":1,"y":1,"z":1}}],{"__type__":"cc.SpriteFrame","content":{"name":"default_scrollbar_vertical","texture":"d608qFRoFHwbXd0Dap056i","rect":[0,0,15,30],"offset":[0,0],"originalSize":[15,30],"capInsets":[4,10,4,10]}},{"__type__":"cc.SpriteFrame","content":{"name":"default_scrollbar_vertical_bg","texture":"61cyPdEfRN047sDK9rO0W5","rect":[0,0,15,30],"offset":[0,0],"originalSize":[15,30],"capInsets":[4,10,4,10]}},{"__type__":"cc.SpriteFrame","content":{"name":"redPot","texture":"14a1c60ae","rect":[941,973,34,34],"offset":[0,0],"originalSize":[34,34],"capInsets":[16,16,16,16]}},{"__type__":"cc.SpriteFrame","content":{"name":"dotline","texture":"14a1c60ae","rect":[128,1013,520,1],"offset":[0,0],"originalSize":[520,1]}},{"__type__":"cc.SpriteFrame","content":{"name":"attr_titlebg","texture":"1fb4a8873","rect":[932,521,221,78],"offset":[0,0],"originalSize":[221,78],"rotated":1}},{"__type__":"cc.SpriteFrame","content":{"name":"bg","texture":"1bd732664","rect":[836,754,241,181],"offset":[0,0],"originalSize":[241,181],"rotated":1,"capInsets":[50,50,50,50]}},{"__type__":"cc.SpriteFrame","content":{"name":"leaveBtn","texture":"178abc183","rect":[570,803,191,79],"offset":[0,0],"originalSize":[191,79]}},[{"__type__":"cc.SceneAsset","_name":"ContactsScene","scene":{"__id__":1},"asyncLoadAssets":null},{"__type__":"cc.Scene","_name":"New Node","_children":[{"__id__":2}],"_anchorPoint":{"__type__":"cc.Vec2"},"_scale":{"__type__":"cc.Vec3","x":0.4639084507042254,"y":0.4639084507042254,"z":1},"autoReleaseAssets":false},{"__type__":"cc.Node","_name":"Canvas","_parent":{"__id__":1},"_children":[{"__id__":3},{"__id__":4},{"__id__":5},{"__id__":17}],"_components":[{"__type__":"cc.Canvas","node":{"__id__":2},"_designResolution":{"__type__":"cc.Size","width":640,"height":1136},"_fitWidth":true,"_fitHeight":false},{"__type__":"b212f/htLlBpKlInEntxQwT","node":{"__id__":2},"pitem_fab":{"__uuid__":"43YzWWuItCnL2kPqUVgg2q"},"content_n":{"__id__":15}}],"_contentSize":{"__type__":"cc.Size","width":640,"height":1136},"_position":{"__type__":"cc.Vec3","x":320,"y":568},"_scale":{"__type__":"cc.Vec3","x":1,"y":1,"z":1},"_id":"d7N7zxEqNEbJFniNYvVc/N"},{"__type__":"cc.Node","_name":"Main Camera","_parent":{"__id__":2},"_level":1,"_components":[{"__type__":"cc.Camera","node":{"__id__":3},"_clearFlags":7,"_depth":-1}],"_scale":{"__type__":"cc.Vec3","x":1,"y":1,"z":1}},{"__type__":"cc.Node","_name":"BG","_objFlags":512,"_parent":{"__id__":2},"_level":1,"_components":[{"__type__":"cc.Sprite","node":{"__id__":4},"_spriteFrame":{"__uuid__":"18N3NegzBMk6HiDLP7eV3e"}},{"__type__":"cc.Widget","node":{"__id__":4},"_alignFlags":45,"_originalWidth":640,"_originalHeight":1136}],"_contentSize":{"__type__":"cc.Size","width":640,"height":1136},"_scale":{"__type__":"cc.Vec3","x":1,"y":1,"z":1}},{"__type__":"cc.Node","_name":"bg","_parent":{"__id__":2},"_children":[{"__id__":6},{"__id__":8},{"__id__":9}],"_level":1,"_components":[{"__type__":"cc.Sprite","node":{"__id__":5},"_spriteFrame":{"__uuid__":"8dxIip/mtCc59uGrCbeek2"},"_type":1,"_sizeMode":0},{"__type__":"cc.Widget","node":{"__id__":5},"_alignFlags":45,"_left":25,"_right":25,"_top":95,"_bottom":115,"_originalWidth":241,"_originalHeight":181}],"_contentSize":{"__type__":"cc.Size","width":590,"height":926},"_anchorPoint":{"__type__":"cc.Vec2","y":1},"_position":{"__type__":"cc.Vec3","x":-295,"y":473},"_scale":{"__type__":"cc.Vec3","x":1,"y":1,"z":1}},{"__type__":"cc.Node","_name":"attr_titlebg","_parent":{"__id__":5},"_children":[{"__id__":7}],"_level":2,"_components":[{"__type__":"cc.Sprite","node":{"__id__":6},"_spriteFrame":{"__uuid__":"80EoDIKYNC9r+OeRXhajjj"}}],"_contentSize":{"__type__":"cc.Size","width":221,"height":78},"_position":{"__type__":"cc.Vec3","x":86},"_scale":{"__type__":"cc.Vec3","x":1,"y":1,"z":1}},{"__type__":"cc.Node","_name":"label","_parent":{"__id__":6},"_level":3,"_components":[{"__type__":"cc.Label","node":{"__id__":7},"_srcBlendFactor":1,"_useOriginalSize":false,"_string":"联系人","_N$string":"联系人","_fontSize":38,"_lineHeight":38,"_N$horizontalAlign":1,"_N$verticalAlign":1,"_N$fontFamily":"微软雅黑"}],"_contentSize":{"__type__":"cc.Size","width":114,"height":38},"_scale":{"__type__":"cc.Vec3","x":1,"y":1,"z":1}},{"__type__":"cc.Node","_name":"dotline","_parent":{"__id__":5},"_level":2,"_components":[{"__type__":"cc.Sprite","node":{"__id__":8},"_spriteFrame":{"__uuid__":"74xLTvpF9I8ZDAaqG8n04k"}}],"_contentSize":{"__type__":"cc.Size","width":520,"height":1},"_position":{"__type__":"cc.Vec3","x":290,"y":-80},"_scale":{"__type__":"cc.Vec3","x":1,"y":1,"z":1}},{"__type__":"cc.Node","_name":"scrollview","_parent":{"__id__":5},"_children":[{"__id__":10},{"__id__":16}],"_level":2,"_components":[{"__type__":"cc.Sprite","node":{"__id__":9},"_type":1,"_sizeMode":0},{"__id__":14},{"__type__":"cc.Widget","node":{"__id__":9},"_alignFlags":45,"_top":100,"_originalWidth":240,"_originalHeight":250}],"_contentSize":{"__type__":"cc.Size","width":590,"height":826},"_position":{"__type__":"cc.Vec3","x":295,"y":-513},"_scale":{"__type__":"cc.Vec3","x":1,"y":1,"z":1}},{"__type__":"cc.Node","_name":"scrollBar","_parent":{"__id__":9},"_children":[{"__id__":11}],"_components":[{"__id__":13},{"__type__":"cc.Widget","node":{"__id__":10},"alignMode":0,"_alignFlags":37,"_left":350.07654921020657,"_originalHeight":237},{"__type__":"cc.Sprite","node":{"__id__":10},"_spriteFrame":{"__uuid__":"5f5dyqtRNNxaFmVzYns6FZ"},"_type":1,"_sizeMode":0}],"_contentSize":{"__type__":"cc.Size","width":12,"height":826},"_anchorPoint":{"__type__":"cc.Vec2","x":1,"y":0.5},"_position":{"__type__":"cc.Vec3","x":295},"_scale":{"__type__":"cc.Vec3","x":1,"y":1,"z":1}},{"__type__":"cc.Node","_name":"bar","_parent":{"__id__":10},"_components":[{"__id__":12}],"_contentSize":{"__type__":"cc.Size","width":10,"height":30},"_anchorPoint":{"__type__":"cc.Vec2","x":1},"_position":{"__type__":"cc.Vec3","x":-1},"_scale":{"__type__":"cc.Vec3","x":1,"y":1,"z":1}},{"__type__":"cc.Sprite","node":{"__id__":11},"_spriteFrame":{"__uuid__":"5cO7kybDxGj4ipyMYdRYZB"},"_type":1,"_sizeMode":0},{"__type__":"cc.Scrollbar","node":{"__id__":10},"_scrollView":{"__id__":14},"_N$handle":{"__id__":12},"_N$direction":1},{"__type__":"cc.ScrollView","node":{"__id__":9},"content":{"__id__":15},"horizontal":false,"brake":0.75,"bounceDuration":0.23,"_N$horizontalScrollBar":null,"_N$verticalScrollBar":{"__id__":13}},{"__type__":"cc.Node","_name":"content","_parent":{"__id__":16},"_components":[{"__type__":"cc.Widget","node":{"__id__":15},"_alignFlags":45,"_left":45,"_right":45,"_bottom":726,"_originalWidth":220,"_originalHeight":400},{"__type__":"cc.Layout","node":{"__id__":15},"_layoutSize":{"__type__":"cc.Size","width":500,"height":100},"_resize":1,"_N$layoutType":2}],"_contentSize":{"__type__":"cc.Size","width":500,"height":100},"_anchorPoint":{"__type__":"cc.Vec2","y":1},"_position":{"__type__":"cc.Vec3","x":-250,"y":413},"_scale":{"__type__":"cc.Vec3","x":1,"y":1,"z":1}},{"__type__":"cc.Node","_name":"view","_parent":{"__id__":9},"_children":[{"__id__":15}],"_components":[{"__type__":"cc.Mask","node":{"__id__":16}},{"__type__":"cc.Widget","node":{"__id__":16},"_alignFlags":45,"_originalWidth":240,"_originalHeight":250}],"_contentSize":{"__type__":"cc.Size","width":590,"height":826},"_scale":{"__type__":"cc.Vec3","x":1,"y":1,"z":1}},{"__type__":"cc.Node","_name":"leaveBtn","_parent":{"__id__":2},"_level":1,"_components":[{"__type__":"cc.Sprite","node":{"__id__":17},"_spriteFrame":{"__uuid__":"9054GGmV1K0orHp3BThl4w"}},{"__type__":"cc.Widget","node":{"__id__":17},"_alignFlags":36,"_bottom":10},{"__type__":"cc.Button","node":{"__id__":17},"clickEvents":[{"__type__":"cc.ClickEvent","target":{"__id__":2},"component":"ContactsScene","handler":"back"}],"_N$target":{"__id__":17}}],"_contentSize":{"__type__":"cc.Size","width":191,"height":79},"_position":{"__type__":"cc.Vec3","x":224.5,"y":-518.5},"_scale":{"__type__":"cc.Vec3","x":1,"y":1,"z":1}}]]