[{"__type__":"cc.SpriteFrame","content":{"name":"unchoose","texture":"14a1c60ae","rect":[990,872,26,26],"offset":[0,0],"originalSize":[26,26]}},{"__type__":"cc.SpriteFrame","content":{"name":"rbtn","texture":"178abc183","rect":[362,944,204,76],"offset":[0,0],"originalSize":[204,76],"capInsets":[50,20,50,20]}},{"__type__":"cc.SpriteFrame","content":{"name":"attr_BG","texture":"14a1c60ae","rect":[2,2,622,1007],"offset":[0,0],"originalSize":[622,1007]}},{"__type__":"cc.SpriteFrame","content":{"name":"appiconbg","texture":"178abc183","rect":[868,197,102,102],"offset":[0,0],"originalSize":[102,102]}},{"__type__":"cc.SpriteFrame","content":{"name":"return","texture":"14a1c60ae","rect":[990,517,15,26],"offset":[0,0],"originalSize":[15,26]}},{"__type__":"cc.SpriteFrame","content":{"name":"gbtn","texture":"178abc183","rect":[362,864,204,76],"offset":[0,0],"originalSize":[204,76],"capInsets":[50,20,50,20]}},[{"__type__":"cc.Prefab","_name":"pgGift","data":{"__id__":1}},{"__type__":"cc.Node","_name":"gifticon","_children":[{"__id__":2}],"_level":1,"_components":[{"__id__":4},{"__type__":"cc.Button","node":{"__id__":1},"clickEvents":[{"__type__":"cc.ClickEvent","target":{"__id__":1},"component":"PgGift","handler":"onClick"}],"_N$target":{"__id__":1}},{"__type__":"94f69RWjWVA8IvfZmbccqXy","node":{"__id__":1},"label":{"__id__":3},"gift_icon":{"__id__":4}}],"_prefab":{"__type__":"cc.PrefabInfo","root":{"__id__":1},"asset":{"__uuid__":"75MeHg0IpO/oNvmrucURXA"},"fileId":"82DyZYFZhOjLgp3iP89Cb7"},"_contentSize":{"__type__":"cc.Size","width":150,"height":130},"_position":{"__type__":"cc.Vec3","x":-229,"y":-51},"_scale":{"__type__":"cc.Vec3","x":1,"y":1,"z":1},"_localZOrder":2439},{"__type__":"cc.Node","_name":"label","_parent":{"__id__":1},"_level":2,"_components":[{"__id__":3}],"_prefab":{"__type__":"cc.PrefabInfo","root":{"__id__":1},"asset":{"__uuid__":"75MeHg0IpO/oNvmrucURXA"},"fileId":"50slAUtrxJx6Hp7vnI2152"},"_color":{"__type__":"cc.Color","r":88,"g":90,"b":103},"_contentSize":{"__type__":"cc.Size","width":96,"height":24},"_position":{"__type__":"cc.Vec3","y":100},"_scale":{"__type__":"cc.Vec3","x":1,"y":1,"z":1},"_localZOrder":102},{"__type__":"cc.Label","node":{"__id__":2},"_srcBlendFactor":1,"_useOriginalSize":false,"_string":"事业礼包","_N$string":"事业礼包","_fontSize":24,"_lineHeight":24,"_N$horizontalAlign":1,"_N$verticalAlign":1},{"__type__":"cc.Sprite","node":{"__id__":1},"_spriteFrame":{"__uuid__":"4a8LYN5j1MLpE5/s7b+DAr"},"_sizeMode":0}],[{"__type__":"cc.Prefab","_name":"postgraduateTime","data":{"__id__":1}},{"__type__":"cc.Node","_name":"postgraduateTime","_children":[{"__id__":2},{"__id__":4},{"__id__":6},{"__id__":8}],"_level":1,"_components":[{"__type__":"f30cbhPGlNCB414TUdYSozc","node":{"__id__":1},"field_l":{"__id__":3},"field_t_l":{"__id__":5}}],"_prefab":{"__type__":"cc.PrefabInfo","root":{"__id__":1},"asset":{"__uuid__":"786vblDKNGIa1fdCmSeB/v"},"fileId":"85Uir06UxCro0Dch7TKh/K"},"_scale":{"__type__":"cc.Vec3","x":1,"y":1,"z":1}},{"__type__":"cc.Node","_name":"field_l","_parent":{"__id__":1},"_level":4,"_components":[{"__id__":3}],"_prefab":{"__type__":"cc.PrefabInfo","root":{"__id__":1},"asset":{"__uuid__":"786vblDKNGIa1fdCmSeB/v"},"fileId":"11raTORm5CdbWH1P/QDn40"},"_color":{"__type__":"cc.Color","r":70,"g":70,"b":97},"_contentSize":{"__type__":"cc.Size","width":116,"height":40},"_position":{"__type__":"cc.Vec3","x":-207,"y":201},"_scale":{"__type__":"cc.Vec3","x":1,"y":1,"z":1}},{"__type__":"cc.Label","node":{"__id__":2},"_srcBlendFactor":1,"_useOriginalSize":false,"_string":"专业学习","_N$string":"专业学习","_fontSize":29,"_N$horizontalAlign":1,"_N$verticalAlign":1},{"__type__":"cc.Node","_name":"field_t","_parent":{"__id__":1},"_level":4,"_components":[{"__id__":5}],"_prefab":{"__type__":"cc.PrefabInfo","root":{"__id__":1},"asset":{"__uuid__":"786vblDKNGIa1fdCmSeB/v"},"fileId":"64EmcMfDJK95WHWW1XKnNv"},"_color":{"__type__":"cc.Color","r":90,"g":95,"b":123},"_contentSize":{"__type__":"cc.Size","width":16.68,"height":40},"_position":{"__type__":"cc.Vec3","x":139,"y":203},"_scale":{"__type__":"cc.Vec3","x":1,"y":1,"z":1}},{"__type__":"cc.Label","node":{"__id__":4},"_srcBlendFactor":1,"_useOriginalSize":false,"_string":"0","_N$string":"0","_fontSize":30,"_N$horizontalAlign":1,"_N$verticalAlign":1},{"__type__":"cc.Node","_name":"increase","_parent":{"__id__":1},"_children":[{"__id__":7}],"_level":4,"_components":[{"__type__":"cc.Sprite","node":{"__id__":6},"_spriteFrame":{"__uuid__":"dbkBtgySdF2LR9VgbXrQg+"},"_type":1,"_sizeMode":0},{"__type__":"cc.Button","node":{"__id__":6},"clickEvents":[{"__type__":"cc.ClickEvent","target":{"__id__":1},"component":"PostGradTime","handler":"onIncrease"}],"_N$target":{"__id__":6}}],"_prefab":{"__type__":"cc.PrefabInfo","root":{"__id__":1},"asset":{"__uuid__":"786vblDKNGIa1fdCmSeB/v"},"fileId":"c56zNGz4BEco460zujgbHC"},"_contentSize":{"__type__":"cc.Size","width":73,"height":36},"_position":{"__type__":"cc.Vec3","x":235,"y":200},"_scale":{"__type__":"cc.Vec3","x":1,"y":1,"z":1}},{"__type__":"cc.Node","_name":"New Label","_parent":{"__id__":6},"_level":5,"_components":[{"__type__":"cc.Label","node":{"__id__":7},"_srcBlendFactor":1,"_useOriginalSize":false,"_string":"+5","_N$string":"+5","_fontSize":26,"_N$horizontalAlign":1,"_N$verticalAlign":1}],"_prefab":{"__type__":"cc.PrefabInfo","root":{"__id__":1},"asset":{"__uuid__":"786vblDKNGIa1fdCmSeB/v"},"fileId":"ddMFdl4G5MrqsyW7n05gMO"},"_color":{"__type__":"cc.Color","r":247,"g":233,"b":233},"_contentSize":{"__type__":"cc.Size","width":29.64,"height":40},"_scale":{"__type__":"cc.Vec3","x":1,"y":1,"z":1}},{"__type__":"cc.Node","_name":"decrease","_parent":{"__id__":1},"_children":[{"__id__":9}],"_level":4,"_components":[{"__type__":"cc.Sprite","node":{"__id__":8},"_spriteFrame":{"__uuid__":"36YKOrflZDFqqTH5/ojP9v"},"_type":1,"_sizeMode":0},{"__type__":"cc.Button","node":{"__id__":8},"clickEvents":[{"__type__":"cc.ClickEvent","target":{"__id__":1},"component":"PostGradTime","handler":"onDecrease"}],"_N$target":{"__id__":8}}],"_prefab":{"__type__":"cc.PrefabInfo","root":{"__id__":1},"asset":{"__uuid__":"786vblDKNGIa1fdCmSeB/v"},"fileId":"6blaJ16ipPn7ZFhUy3boBl"},"_contentSize":{"__type__":"cc.Size","width":73,"height":36},"_position":{"__type__":"cc.Vec3","x":40,"y":200},"_scale":{"__type__":"cc.Vec3","x":1,"y":1,"z":1}},{"__type__":"cc.Node","_name":"New Label","_parent":{"__id__":8},"_level":5,"_components":[{"__type__":"cc.Label","node":{"__id__":9},"_srcBlendFactor":1,"_useOriginalSize":false,"_string":"-5","_N$string":"-5","_fontSize":26,"_N$horizontalAlign":1,"_N$verticalAlign":1}],"_prefab":{"__type__":"cc.PrefabInfo","root":{"__id__":1},"asset":{"__uuid__":"786vblDKNGIa1fdCmSeB/v"},"fileId":"95etRvf1pI6qICDCw3p5az"},"_contentSize":{"__type__":"cc.Size","width":23.12,"height":40},"_scale":{"__type__":"cc.Vec3","x":1,"y":1,"z":1}}],{"__type__":"cc.SpriteFrame","content":{"name":"attr_titlebg","texture":"1fb4a8873","rect":[932,521,221,78],"offset":[0,0],"originalSize":[221,78],"rotated":1}},[{"__type__":"cc.Prefab","_name":"AttrSelector","data":{"__id__":1}},{"__type__":"cc.Node","_name":"init_attr","_children":[{"__id__":2},{"__id__":6},{"__id__":7}],"_level":1,"_components":[{"__type__":"28d30CCywtK7qFlEIs901Ek","node":{"__id__":1},"title":{"__id__":5},"change":{"__id__":4},"attr_1":{"__id__":11},"attr_2":{"__id__":15},"attr_3":{"__id__":19},"attr_4":{"__id__":23},"attr_sf":[null,{"__uuid__":"abW5etGl9A8pjVRF2KT1mp"}],"name_1":{"__id__":10},"name_2":{"__id__":14},"name_3":{"__id__":18},"name_4":{"__id__":22}}],"_prefab":{"__type__":"cc.PrefabInfo","root":{"__id__":1},"asset":{"__uuid__":"a8dqxjsytFoZHqeS21ZL1R"},"fileId":"fakZ0LaPlFlJtSv1Ks54WE"},"_position":{"__type__":"cc.Vec3","x":-265,"y":393},"_scale":{"__type__":"cc.Vec3","x":1,"y":1,"z":1}},{"__type__":"cc.Node","_name":"title","_parent":{"__id__":1},"_children":[{"__id__":3}],"_level":2,"_components":[{"__id__":5}],"_prefab":{"__type__":"cc.PrefabInfo","root":{"__id__":1},"asset":{"__uuid__":"a8dqxjsytFoZHqeS21ZL1R"},"fileId":"4bzhUHiNFO2ZDdgZmlnQIH"},"_color":{"__type__":"cc.Color","r":213,"g":115,"b":136},"_contentSize":{"__type__":"cc.Size","width":208,"height":50},"_position":{"__type__":"cc.Vec3","x":100},"_scale":{"__type__":"cc.Vec3","x":1,"y":1,"z":1}},{"__type__":"cc.Node","_name":"change","_parent":{"__id__":2},"_level":1,"_components":[{"__id__":4}],"_prefab":{"__type__":"cc.PrefabInfo","root":{"__id__":1},"asset":{"__uuid__":"a8dqxjsytFoZHqeS21ZL1R"},"fileId":"c5BaAwMiNNsaUIWclBdlcF"},"_color":{"__type__":"cc.Color","r":213,"g":115,"b":136},"_contentSize":{"__type__":"cc.Size","height":40},"_anchorPoint":{"__type__":"cc.Vec2","x":1,"y":0.5},"_position":{"__type__":"cc.Vec3","x":420},"_scale":{"__type__":"cc.Vec3","x":1,"y":1,"z":1}},{"__type__":"cc.Label","node":{"__id__":3},"_srcBlendFactor":1,"_useOriginalSize":false,"_fontSize":18,"_N$verticalAlign":1},{"__type__":"cc.Label","node":{"__id__":2},"_srcBlendFactor":1,"_useOriginalSize":false,"_string":"家里能给你的支持","_N$string":"家里能给你的支持","_fontSize":26,"_lineHeight":50,"_N$horizontalAlign":1,"_N$verticalAlign":1},{"__type__":"cc.Node","_name":"attr_dottedLine","_parent":{"__id__":1},"_level":2,"_components":[{"__type__":"cc.Sprite","node":{"__id__":6}}],"_prefab":{"__type__":"cc.PrefabInfo","root":{"__id__":1},"asset":{"__uuid__":"a8dqxjsytFoZHqeS21ZL1R"},"fileId":"fbtjQAT4lKhLHnWSxrIpL0"},"_contentSize":{"__type__":"cc.Size","width":514,"height":1},"_position":{"__type__":"cc.Vec3","x":264,"y":-35},"_scale":{"__type__":"cc.Vec3","x":1,"y":1,"z":1}},{"__type__":"cc.Node","_name":"attr_layout","_parent":{"__id__":1},"_children":[{"__id__":8},{"__id__":12},{"__id__":16},{"__id__":20}],"_components":[{"__type__":"cc.Layout","node":{"__id__":7},"_layoutSize":{"__type__":"cc.Size","width":518,"height":69},"_N$layoutType":1,"_N$spacingX":12}],"_prefab":{"__type__":"cc.PrefabInfo","root":{"__id__":1},"asset":{"__uuid__":"a8dqxjsytFoZHqeS21ZL1R"},"fileId":"388oBhA7FG2bG4WFIlrkBR"},"_contentSize":{"__type__":"cc.Size","width":518,"height":69},"_position":{"__type__":"cc.Vec3","x":264,"y":-80},"_scale":{"__type__":"cc.Vec3","x":1,"y":1,"z":1}},{"__type__":"cc.Node","_name":"attr_1","_parent":{"__id__":7},"_children":[{"__id__":9}],"_components":[{"__id__":11},{"__type__":"cc.Button","node":{"__id__":8},"clickEvents":[{"__type__":"cc.ClickEvent","target":{"__id__":1},"component":"AttrSelector","handler":"on_1"}],"_N$target":{"__id__":8}}],"_prefab":{"__type__":"cc.PrefabInfo","root":{"__id__":1},"asset":{"__uuid__":"a8dqxjsytFoZHqeS21ZL1R"},"fileId":"d0kwPl85lHhpgFtPaGz1jr"},"_contentSize":{"__type__":"cc.Size","width":126,"height":58},"_position":{"__type__":"cc.Vec3","x":-196},"_scale":{"__type__":"cc.Vec3","x":1,"y":1,"z":1}},{"__type__":"cc.Node","_name":"name1","_parent":{"__id__":8},"_components":[{"__id__":10}],"_prefab":{"__type__":"cc.PrefabInfo","root":{"__id__":1},"asset":{"__uuid__":"a8dqxjsytFoZHqeS21ZL1R"},"fileId":"acrgXF1JFNpqxdOKVYsPhj"},"_color":{"__type__":"cc.Color","r":90,"g":95,"b":123},"_contentSize":{"__type__":"cc.Size","width":88,"height":22},"_scale":{"__type__":"cc.Vec3","x":1,"y":1,"z":1}},{"__type__":"cc.Label","node":{"__id__":9},"_srcBlendFactor":1,"_useOriginalSize":false,"_string":"清贫之家","_N$string":"清贫之家","_fontSize":22,"_lineHeight":22,"_N$horizontalAlign":1,"_N$verticalAlign":1},{"__type__":"cc.Sprite","node":{"__id__":8},"_sizeMode":0},{"__type__":"cc.Node","_name":"attr_2","_parent":{"__id__":7},"_children":[{"__id__":13}],"_level":1,"_components":[{"__id__":15},{"__type__":"cc.Button","node":{"__id__":12},"clickEvents":[{"__type__":"cc.ClickEvent","target":{"__id__":1},"component":"AttrSelector","handler":"on_2"}],"_N$target":{"__id__":12}}],"_prefab":{"__type__":"cc.PrefabInfo","root":{"__id__":1},"asset":{"__uuid__":"a8dqxjsytFoZHqeS21ZL1R"},"fileId":"367iYXe0JMwp2vGlcRFX67"},"_contentSize":{"__type__":"cc.Size","width":126,"height":58},"_position":{"__type__":"cc.Vec3","x":-58},"_scale":{"__type__":"cc.Vec3","x":1,"y":1,"z":1}},{"__type__":"cc.Node","_name":"name2","_parent":{"__id__":12},"_components":[{"__id__":14}],"_prefab":{"__type__":"cc.PrefabInfo","root":{"__id__":1},"asset":{"__uuid__":"a8dqxjsytFoZHqeS21ZL1R"},"fileId":"99sXE289dItK+oCgK8wxz3"},"_color":{"__type__":"cc.Color","r":90,"g":95,"b":123},"_contentSize":{"__type__":"cc.Size","width":88,"height":22},"_scale":{"__type__":"cc.Vec3","x":1,"y":1,"z":1}},{"__type__":"cc.Label","node":{"__id__":13},"_srcBlendFactor":1,"_useOriginalSize":false,"_string":"清贫之家","_N$string":"清贫之家","_fontSize":22,"_lineHeight":22,"_N$horizontalAlign":1,"_N$verticalAlign":1},{"__type__":"cc.Sprite","node":{"__id__":12},"_sizeMode":0},{"__type__":"cc.Node","_name":"attr_3","_parent":{"__id__":7},"_children":[{"__id__":17}],"_level":1,"_components":[{"__id__":19},{"__type__":"cc.Button","node":{"__id__":16},"clickEvents":[{"__type__":"cc.ClickEvent","target":{"__id__":1},"component":"AttrSelector","handler":"on_3"}],"_N$target":{"__id__":16}}],"_prefab":{"__type__":"cc.PrefabInfo","root":{"__id__":1},"asset":{"__uuid__":"a8dqxjsytFoZHqeS21ZL1R"},"fileId":"2bU4V/MnBAXJA9GAyAg9Qh"},"_contentSize":{"__type__":"cc.Size","width":126,"height":58},"_position":{"__type__":"cc.Vec3","x":80},"_scale":{"__type__":"cc.Vec3","x":1,"y":1,"z":1}},{"__type__":"cc.Node","_name":"name3","_parent":{"__id__":16},"_components":[{"__id__":18}],"_prefab":{"__type__":"cc.PrefabInfo","root":{"__id__":1},"asset":{"__uuid__":"a8dqxjsytFoZHqeS21ZL1R"},"fileId":"a3tvkkio9JnbCgAPGR+9nd"},"_color":{"__type__":"cc.Color","r":90,"g":95,"b":123},"_contentSize":{"__type__":"cc.Size","width":88,"height":22},"_scale":{"__type__":"cc.Vec3","x":1,"y":1,"z":1}},{"__type__":"cc.Label","node":{"__id__":17},"_srcBlendFactor":1,"_useOriginalSize":false,"_string":"清贫之家","_N$string":"清贫之家","_fontSize":22,"_lineHeight":22,"_N$horizontalAlign":1,"_N$verticalAlign":1},{"__type__":"cc.Sprite","node":{"__id__":16},"_sizeMode":0},{"__type__":"cc.Node","_name":"attr_4","_parent":{"__id__":7},"_children":[{"__id__":21}],"_level":1,"_components":[{"__id__":23},{"__type__":"cc.Button","node":{"__id__":20},"clickEvents":[{"__type__":"cc.ClickEvent","target":{"__id__":1},"component":"AttrSelector","handler":"on_4"}],"_N$target":{"__id__":20}}],"_prefab":{"__type__":"cc.PrefabInfo","root":{"__id__":1},"asset":{"__uuid__":"a8dqxjsytFoZHqeS21ZL1R"},"fileId":"b2sFww2TtIRZMwGALr09PT"},"_contentSize":{"__type__":"cc.Size","width":126,"height":58},"_position":{"__type__":"cc.Vec3","x":218},"_scale":{"__type__":"cc.Vec3","x":1,"y":1,"z":1}},{"__type__":"cc.Node","_name":"name4","_parent":{"__id__":20},"_components":[{"__id__":22}],"_prefab":{"__type__":"cc.PrefabInfo","root":{"__id__":1},"asset":{"__uuid__":"a8dqxjsytFoZHqeS21ZL1R"},"fileId":"53zop+hMREJ7M/q0Hw8ltV"},"_color":{"__type__":"cc.Color","r":90,"g":95,"b":123},"_contentSize":{"__type__":"cc.Size","width":88,"height":22},"_scale":{"__type__":"cc.Vec3","x":1,"y":1,"z":1}},{"__type__":"cc.Label","node":{"__id__":21},"_srcBlendFactor":1,"_useOriginalSize":false,"_string":"清贫之家","_N$string":"清贫之家","_fontSize":22,"_lineHeight":22,"_N$horizontalAlign":1,"_N$verticalAlign":1},{"__type__":"cc.Sprite","node":{"__id__":20},"_sizeMode":0}],{"__type__":"cc.SpriteFrame","content":{"name":"attr_selected","texture":"1fb4a8873","rect":[662,953,126,58],"offset":[0,0],"originalSize":[126,58]}},{"__type__":"cc.SpriteFrame","content":{"name":"choose","texture":"14a1c60ae","rect":[990,842,26,26],"offset":[0,0],"originalSize":[26,26]}},{"__type__":"cc.SpriteFrame","content":{"name":"BG","texture":"73fi5aVoNFRIYl3Gtxee14","rect":[0,0,640,1136],"offset":[0,0],"originalSize":[640,1136]}},[{"__type__":"cc.SceneAsset","_name":"GuideScene","scene":{"__id__":1},"asyncLoadAssets":null},{"__type__":"cc.Scene","_name":"New Node","_children":[{"__id__":2}],"_anchorPoint":{"__type__":"cc.Vec2"},"_scale":{"__type__":"cc.Vec3","x":0.4639084507042254,"y":0.4639084507042254,"z":1},"autoReleaseAssets":false},{"__type__":"cc.Node","_name":"Canvas","_parent":{"__id__":1},"_children":[{"__id__":3},{"__id__":4},{"__id__":5},{"__id__":13},{"__id__":26},{"__id__":33},{"__id__":64},{"__id__":98},{"__id__":132}],"_level":1,"_components":[{"__type__":"cc.Canvas","node":{"__id__":2},"_designResolution":{"__type__":"cc.Size","width":640,"height":1136},"_fitWidth":true,"_fitHeight":false},{"__type__":"b5f2bdiQyVIQ4SfybFpqShW","node":{"__id__":2},"init_attr":{"__uuid__":"a8dqxjsytFoZHqeS21ZL1R"},"postgraduateTime":{"__uuid__":"786vblDKNGIa1fdCmSeB/v"},"giftIcon_fab":{"__uuid__":"75MeHg0IpO/oNvmrucURXA"},"h1":{"__id__":5},"h2":{"__id__":13},"h3":{"__id__":26},"h4_1":{"__id__":33},"h4_2":{"__id__":64},"h4_3":{"__id__":98},"h5":{"__id__":132},"layout_h3":{"__id__":32},"p_toggle3_h4":{"__id__":54},"m_toggle4_h4":{"__id__":93},"e_toggle2_h4":{"__id__":114},"p_toggle":{"__id__":43},"m_toggle":{"__id__":77},"e_toggle":{"__id__":108},"layout_h5":{"__id__":143},"totalTime_h5":{"__id__":141},"chooseGift_pop_h5":{"__id__":146},"giftLayout_h5":{"__id__":148},"title_h5":{"__id__":136}}],"_contentSize":{"__type__":"cc.Size","width":640,"height":1136},"_position":{"__type__":"cc.Vec3","x":320,"y":568},"_scale":{"__type__":"cc.Vec3","x":1,"y":1,"z":1},"_id":"ddi1R9blRELa6Hp72iFz1Y"},{"__type__":"cc.Node","_name":"Main Camera","_parent":{"__id__":2},"_level":1,"_components":[{"__type__":"cc.Camera","node":{"__id__":3},"_clearFlags":7,"_depth":-1}],"_scale":{"__type__":"cc.Vec3","x":1,"y":1,"z":1}},{"__type__":"cc.Node","_name":"startbg","_parent":{"__id__":2},"_components":[{"__type__":"cc.Sprite","node":{"__id__":4},"_spriteFrame":{"__uuid__":"b95bVdQVJD5o5L24Ipzlyb"}}],"_contentSize":{"__type__":"cc.Size","width":640,"height":1136},"_scale":{"__type__":"cc.Vec3","x":1,"y":1,"z":1}},{"__type__":"cc.Node","_name":"h1","_parent":{"__id__":2},"_children":[{"__id__":6}],"_active":false,"_contentSize":{"__type__":"cc.Size","width":640,"height":1136},"_scale":{"__type__":"cc.Vec3","x":1,"y":1,"z":1}},{"__type__":"cc.Node","_name":"attr_BG","_parent":{"__id__":5},"_children":[{"__id__":7},{"__id__":8},{"__id__":9},{"__id__":11}],"_level":1,"_components":[{"__type__":"cc.Sprite","node":{"__id__":6},"_spriteFrame":{"__uuid__":"47rNDDwOFDmbA3ah6m3fng"}}],"_contentSize":{"__type__":"cc.Size","width":622,"height":1007},"_position":{"__type__":"cc.Vec3","y":-29.5},"_scale":{"__type__":"cc.Vec3","x":1,"y":1,"z":1}},{"__type__":"cc.Node","_name":"paragraph","_parent":{"__id__":6},"_level":2,"_components":[{"__type__":"cc.Label","node":{"__id__":7},"_srcBlendFactor":1,"_useOriginalSize":false,"_string":"22岁的你终于大学毕业了\n\n\n进入社会\n\n\n当上最强的社会人吧！\n\n\n\n\n\n\n\n请先选择你的性别","_N$string":"22岁的你终于大学毕业了\n\n\n进入社会\n\n\n当上最强的社会人吧！\n\n\n\n\n\n\n\n请先选择你的性别","_fontSize":30,"_N$horizontalAlign":1,"_N$verticalAlign":1}],"_color":{"__type__":"cc.Color","r":70,"g":70,"b":97},"_contentSize":{"__type__":"cc.Size","width":333.37,"height":600},"_position":{"__type__":"cc.Vec3","y":71.5},"_scale":{"__type__":"cc.Vec3","x":1,"y":1,"z":1}},{"__type__":"cc.Node","_name":"sex_dottedLine","_parent":{"__id__":6},"_level":2,"_components":[{"__type__":"cc.Sprite","node":{"__id__":8},"_spriteFrame":{"__uuid__":"f1u4OwMydK0r+/yjoVASdf"}}],"_contentSize":{"__type__":"cc.Size","width":448,"height":1},"_position":{"__type__":"cc.Vec3","y":-275},"_scale":{"__type__":"cc.Vec3","x":1,"y":1,"z":1}},{"__type__":"cc.Node","_name":"btn_blue","_parent":{"__id__":6},"_children":[{"__id__":10}],"_level":2,"_components":[{"__type__":"cc.Sprite","node":{"__id__":9},"_spriteFrame":{"__uuid__":"dbkBtgySdF2LR9VgbXrQg+"}},{"__type__":"cc.Button","node":{"__id__":9},"clickEvents":[{"__type__":"cc.ClickEvent","target":{"__id__":2},"component":"GuideScene","handler":"onBoy_h1"}],"_N$target":{"__id__":9}}],"_contentSize":{"__type__":"cc.Size","width":204,"height":76},"_position":{"__type__":"cc.Vec3","x":-140,"y":-385.5},"_scale":{"__type__":"cc.Vec3","x":1,"y":1,"z":1}},{"__type__":"cc.Node","_name":"boy","_parent":{"__id__":9},"_components":[{"__type__":"cc.Label","node":{"__id__":10},"_srcBlendFactor":1,"_useOriginalSize":false,"_string":"男生","_N$string":"男生","_fontSize":26,"_N$horizontalAlign":1,"_N$verticalAlign":1}],"_contentSize":{"__type__":"cc.Size","width":52,"height":40},"_scale":{"__type__":"cc.Vec3","x":1,"y":1,"z":1}},{"__type__":"cc.Node","_name":"btn_red","_parent":{"__id__":6},"_children":[{"__id__":12}],"_level":2,"_components":[{"__type__":"cc.Sprite","node":{"__id__":11},"_spriteFrame":{"__uuid__":"36YKOrflZDFqqTH5/ojP9v"}},{"__type__":"cc.Button","node":{"__id__":11},"clickEvents":[{"__type__":"cc.ClickEvent","target":{"__id__":2},"component":"GuideScene","handler":"onGirl_h1"}],"_N$target":{"__id__":11}}],"_contentSize":{"__type__":"cc.Size","width":204,"height":76},"_position":{"__type__":"cc.Vec3","x":140,"y":-385.5},"_scale":{"__type__":"cc.Vec3","x":1,"y":1,"z":1}},{"__type__":"cc.Node","_name":"girl","_parent":{"__id__":11},"_components":[{"__type__":"cc.Label","node":{"__id__":12},"_srcBlendFactor":1,"_useOriginalSize":false,"_string":"女生","_N$string":"女生","_fontSize":26,"_N$horizontalAlign":1,"_N$verticalAlign":1}],"_contentSize":{"__type__":"cc.Size","width":52,"height":40},"_scale":{"__type__":"cc.Vec3","x":1,"y":1,"z":1}},{"__type__":"cc.Node","_name":"h2","_parent":{"__id__":2},"_children":[{"__id__":14},{"__id__":15},{"__id__":16},{"__id__":18},{"__id__":20},{"__id__":22},{"__id__":24}],"_active":false,"_contentSize":{"__type__":"cc.Size","width":640,"height":1136},"_scale":{"__type__":"cc.Vec3","x":1,"y":1,"z":1}},{"__type__":"cc.Node","_name":"attr_BG","_parent":{"__id__":13},"_level":1,"_components":[{"__type__":"cc.Sprite","node":{"__id__":14},"_spriteFrame":{"__uuid__":"47rNDDwOFDmbA3ah6m3fng"},"_type":1},{"__type__":"cc.Widget","node":{"__id__":14},"_alignFlags":17,"_top":94}],"_contentSize":{"__type__":"cc.Size","width":622,"height":1007},"_position":{"__type__":"cc.Vec3","y":-29.5},"_scale":{"__type__":"cc.Vec3","x":1,"y":1,"z":1}},{"__type__":"cc.Node","_name":"paragraph","_parent":{"__id__":13},"_components":[{"__type__":"cc.Label","node":{"__id__":15},"_srcBlendFactor":1,"_useOriginalSize":false,"_string":"哈哈，终于毕业啦，我有志青年，前途\n无量，看我发光发热，Fighting！\n\n你准备…","_N$string":"哈哈，终于毕业啦，我有志青年，前途\n无量，看我发光发热，Fighting！\n\n你准备…","_fontSize":29,"_N$verticalAlign":1},{"__type__":"cc.Widget","node":{"__id__":15},"_alignFlags":17,"_top":188}],"_color":{"__type__":"cc.Color","r":70,"g":70,"b":97},"_contentSize":{"__type__":"cc.Size","width":493,"height":160},"_position":{"__type__":"cc.Vec3","y":300},"_scale":{"__type__":"cc.Vec3","x":1,"y":1,"z":1}},{"__type__":"cc.Node","_name":"job_hunting","_parent":{"__id__":13},"_children":[{"__id__":17}],"_components":[{"__type__":"cc.Sprite","node":{"__id__":16},"_spriteFrame":{"__uuid__":"73c2N1FjZMgJadCi75rxr2"},"_type":1,"_sizeMode":0},{"__type__":"cc.Widget","node":{"__id__":16},"_alignFlags":4,"_top":390,"_bottom":542,"_originalHeight":82},{"__type__":"cc.Button","node":{"__id__":16},"clickEvents":[{"__type__":"cc.ClickEvent","target":{"__id__":2},"component":"GuideScene","handler":"onJob_h2"}],"_N$target":{"__id__":16}}],"_contentSize":{"__type__":"cc.Size","width":530,"height":82},"_position":{"__type__":"cc.Vec3","x":-2,"y":15},"_scale":{"__type__":"cc.Vec3","x":1,"y":1,"z":1}},{"__type__":"cc.Node","_name":"New Label","_parent":{"__id__":16},"_components":[{"__type__":"cc.Label","node":{"__id__":17},"_srcBlendFactor":1,"_useOriginalSize":false,"_string":"找工作","_N$string":"找工作","_fontSize":29,"_N$horizontalAlign":1,"_N$verticalAlign":1}],"_contentSize":{"__type__":"cc.Size","width":87,"height":40},"_scale":{"__type__":"cc.Vec3","x":1,"y":1,"z":1}},{"__type__":"cc.Node","_name":"own_business","_parent":{"__id__":13},"_children":[{"__id__":19}],"_components":[{"__type__":"cc.Sprite","node":{"__id__":18},"_spriteFrame":{"__uuid__":"73c2N1FjZMgJadCi75rxr2"},"_type":1,"_sizeMode":0},{"__type__":"cc.Widget","node":{"__id__":18},"_alignFlags":4,"_top":390,"_bottom":434,"_originalHeight":82},{"__type__":"cc.Button","node":{"__id__":18},"clickEvents":[{"__type__":"cc.ClickEvent","target":{"__id__":2},"component":"GuideScene","handler":"onOwn_h2"}],"_N$target":{"__id__":18}}],"_contentSize":{"__type__":"cc.Size","width":530,"height":82},"_position":{"__type__":"cc.Vec3","x":-2,"y":-93},"_scale":{"__type__":"cc.Vec3","x":1,"y":1,"z":1}},{"__type__":"cc.Node","_name":"New Label","_parent":{"__id__":18},"_components":[{"__type__":"cc.Label","node":{"__id__":19},"_srcBlendFactor":1,"_useOriginalSize":false,"_string":"自己创业","_N$string":"自己创业","_fontSize":29,"_N$horizontalAlign":1,"_N$verticalAlign":1}],"_contentSize":{"__type__":"cc.Size","width":116,"height":40},"_scale":{"__type__":"cc.Vec3","x":1,"y":1,"z":1}},{"__type__":"cc.Node","_name":"postgraduate","_parent":{"__id__":13},"_children":[{"__id__":21}],"_components":[{"__type__":"cc.Sprite","node":{"__id__":20},"_spriteFrame":{"__uuid__":"73c2N1FjZMgJadCi75rxr2"},"_type":1,"_sizeMode":0},{"__type__":"cc.Widget","node":{"__id__":20},"_alignFlags":4,"_top":390,"_bottom":323,"_originalHeight":82},{"__type__":"cc.Button","node":{"__id__":20},"clickEvents":[{"__type__":"cc.ClickEvent","target":{"__id__":2},"component":"GuideScene","handler":"onPost_h2"}],"_N$target":{"__id__":20}}],"_contentSize":{"__type__":"cc.Size","width":530,"height":82},"_position":{"__type__":"cc.Vec3","x":-2,"y":-204},"_scale":{"__type__":"cc.Vec3","x":1,"y":1,"z":1}},{"__type__":"cc.Node","_name":"New Label","_parent":{"__id__":20},"_components":[{"__type__":"cc.Label","node":{"__id__":21},"_srcBlendFactor":1,"_useOriginalSize":false,"_string":"考研","_N$string":"考研","_fontSize":29,"_N$horizontalAlign":1,"_N$verticalAlign":1}],"_contentSize":{"__type__":"cc.Size","width":58,"height":40},"_scale":{"__type__":"cc.Vec3","x":1,"y":1,"z":1}},{"__type__":"cc.Node","_name":"civil_servants","_parent":{"__id__":13},"_children":[{"__id__":23}],"_components":[{"__type__":"cc.Sprite","node":{"__id__":22},"_spriteFrame":{"__uuid__":"73c2N1FjZMgJadCi75rxr2"},"_type":1,"_sizeMode":0},{"__type__":"cc.Widget","node":{"__id__":22},"_alignFlags":4,"_top":390,"_bottom":218,"_originalHeight":82},{"__type__":"cc.Button","node":{"__id__":22},"clickEvents":[{"__type__":"cc.ClickEvent","target":{"__id__":2},"component":"GuideScene","handler":"onCivil_h2"}],"_N$target":{"__id__":22}}],"_contentSize":{"__type__":"cc.Size","width":530,"height":82},"_position":{"__type__":"cc.Vec3","x":-2,"y":-309},"_scale":{"__type__":"cc.Vec3","x":1,"y":1,"z":1}},{"__type__":"cc.Node","_name":"New Label","_parent":{"__id__":22},"_components":[{"__type__":"cc.Label","node":{"__id__":23},"_srcBlendFactor":1,"_useOriginalSize":false,"_string":"考公务员","_N$string":"考公务员","_fontSize":29,"_N$horizontalAlign":1,"_N$verticalAlign":1}],"_contentSize":{"__type__":"cc.Size","width":116,"height":40},"_scale":{"__type__":"cc.Vec3","x":1,"y":1,"z":1}},{"__type__":"cc.Node","_name":"go_abroad","_parent":{"__id__":13},"_children":[{"__id__":25}],"_components":[{"__type__":"cc.Sprite","node":{"__id__":24},"_spriteFrame":{"__uuid__":"73c2N1FjZMgJadCi75rxr2"},"_type":1,"_sizeMode":0},{"__type__":"cc.Widget","node":{"__id__":24},"_alignFlags":4,"_top":390,"_bottom":104,"_originalHeight":82},{"__type__":"cc.Button","node":{"__id__":24},"clickEvents":[{"__type__":"cc.ClickEvent","target":{"__id__":2},"component":"GuideScene","handler":"onAbroad_h2"}],"_N$target":{"__id__":24}}],"_contentSize":{"__type__":"cc.Size","width":530,"height":82},"_position":{"__type__":"cc.Vec3","x":-2,"y":-423},"_scale":{"__type__":"cc.Vec3","x":1,"y":1,"z":1}},{"__type__":"cc.Node","_name":"New Label","_parent":{"__id__":24},"_components":[{"__type__":"cc.Label","node":{"__id__":25},"_srcBlendFactor":1,"_useOriginalSize":false,"_string":"出国","_N$string":"出国","_fontSize":29,"_N$horizontalAlign":1,"_N$verticalAlign":1}],"_contentSize":{"__type__":"cc.Size","width":58,"height":40},"_scale":{"__type__":"cc.Vec3","x":1,"y":1,"z":1}},{"__type__":"cc.Node","_name":"h3","_parent":{"__id__":2},"_children":[{"__id__":27},{"__id__":32}],"_active":false,"_contentSize":{"__type__":"cc.Size","width":640,"height":1136},"_scale":{"__type__":"cc.Vec3","x":1,"y":1,"z":1}},{"__type__":"cc.Node","_name":"attr_BG","_parent":{"__id__":26},"_children":[{"__id__":28},{"__id__":30}],"_level":1,"_components":[{"__type__":"cc.Sprite","node":{"__id__":27},"_spriteFrame":{"__uuid__":"47rNDDwOFDmbA3ah6m3fng"}}],"_contentSize":{"__type__":"cc.Size","width":622,"height":1007},"_position":{"__type__":"cc.Vec3","y":-29.5},"_scale":{"__type__":"cc.Vec3","x":1,"y":1,"z":1}},{"__type__":"cc.Node","_name":"attr_titlebg","_parent":{"__id__":27},"_children":[{"__id__":29}],"_level":3,"_components":[{"__type__":"cc.Sprite","node":{"__id__":28},"_spriteFrame":{"__uuid__":"80EoDIKYNC9r+OeRXhajjj"}}],"_contentSize":{"__type__":"cc.Size","width":221,"height":78},"_position":{"__type__":"cc.Vec3","x":-209.5,"y":499.5},"_scale":{"__type__":"cc.Vec3","x":1,"y":1,"z":1}},{"__type__":"cc.Node","_name":"title","_parent":{"__id__":28},"_level":4,"_components":[{"__type__":"cc.Label","node":{"__id__":29},"_srcBlendFactor":1,"_useOriginalSize":false,"_string":"性格背景","_N$string":"性格背景","_fontSize":32,"_N$horizontalAlign":1,"_N$verticalAlign":1}],"_contentSize":{"__type__":"cc.Size","width":128,"height":40},"_scale":{"__type__":"cc.Vec3","x":1,"y":1,"z":1},"_rotationX":-5,"_rotationY":-5,"_quat":{"__type__":"cc.Quat","z":0.043619387365336,"w":0.9990482215818578}},{"__type__":"cc.Node","_name":"ok","_parent":{"__id__":27},"_children":[{"__id__":31}],"_level":3,"_components":[{"__type__":"cc.Sprite","node":{"__id__":30},"_spriteFrame":{"__uuid__":"73c2N1FjZMgJadCi75rxr2"},"_sizeMode":0},{"__type__":"cc.Button","node":{"__id__":30},"clickEvents":[{"__type__":"cc.ClickEvent","target":{"__id__":2},"component":"GuideScene","handler":"onSure_h3"}],"_N$target":{"__id__":30}}],"_contentSize":{"__type__":"cc.Size","width":200,"height":72},"_position":{"__type__":"cc.Vec3","y":-404.5},"_scale":{"__type__":"cc.Vec3","x":1,"y":1,"z":1}},{"__type__":"cc.Node","_name":"New Label","_parent":{"__id__":30},"_components":[{"__type__":"cc.Label","node":{"__id__":31},"_srcBlendFactor":1,"_useOriginalSize":false,"_string":"选好了","_N$string":"选好了","_fontSize":28,"_N$horizontalAlign":1,"_N$verticalAlign":1}],"_contentSize":{"__type__":"cc.Size","width":84,"height":40},"_scale":{"__type__":"cc.Vec3","x":1,"y":1,"z":1}},{"__type__":"cc.Node","_name":"layout","_parent":{"__id__":26},"_components":[{"__type__":"cc.Layout","node":{"__id__":32},"_N$layoutType":3,"_N$paddingLeft":55,"_N$paddingTop":175,"_N$spacingX":1000,"_N$spacingY":150}],"_contentSize":{"__type__":"cc.Size","width":640,"height":1136},"_scale":{"__type__":"cc.Vec3","x":1,"y":1,"z":1}},{"__type__":"cc.Node","_name":"h4-1","_parent":{"__id__":2},"_children":[{"__id__":34},{"__id__":40}],"_active":false,"_level":2,"_scale":{"__type__":"cc.Vec3","x":1,"y":1,"z":1}},{"__type__":"cc.Node","_name":"questionBG","_parent":{"__id__":33},"_children":[{"__id__":35},{"__id__":37},{"__id__":39}],"_level":3,"_components":[{"__type__":"cc.Sprite","node":{"__id__":34},"_spriteFrame":{"__uuid__":"47rNDDwOFDmbA3ah6m3fng"}}],"_contentSize":{"__type__":"cc.Size","width":622,"height":1007},"_position":{"__type__":"cc.Vec3","y":-29.5},"_scale":{"__type__":"cc.Vec3","x":1,"y":1,"z":1}},{"__type__":"cc.Node","_name":"questiontitlebg","_parent":{"__id__":34},"_children":[{"__id__":36}],"_level":3,"_components":[{"__type__":"cc.Sprite","node":{"__id__":35},"_spriteFrame":{"__uuid__":"80EoDIKYNC9r+OeRXhajjj"}}],"_contentSize":{"__type__":"cc.Size","width":221,"height":78},"_position":{"__type__":"cc.Vec3","x":-209.5,"y":499.5},"_scale":{"__type__":"cc.Vec3","x":1,"y":1,"z":1}},{"__type__":"cc.Node","_name":"title","_parent":{"__id__":35},"_level":4,"_components":[{"__type__":"cc.Label","node":{"__id__":36},"_srcBlendFactor":1,"_useOriginalSize":false,"_string":"考试开始","_N$string":"考试开始","_N$horizontalAlign":1,"_N$verticalAlign":1}],"_contentSize":{"__type__":"cc.Size","width":160,"height":40},"_scale":{"__type__":"cc.Vec3","x":1,"y":1,"z":1},"_rotationX":-5,"_rotationY":-5,"_quat":{"__type__":"cc.Quat","z":0.043619387365336,"w":0.9990482215818578}},{"__type__":"cc.Node","_name":"ok","_parent":{"__id__":34},"_children":[{"__id__":38}],"_level":3,"_components":[{"__type__":"cc.Sprite","node":{"__id__":37},"_spriteFrame":{"__uuid__":"73c2N1FjZMgJadCi75rxr2"},"_sizeMode":0},{"__type__":"cc.Button","node":{"__id__":37},"clickEvents":[{"__type__":"cc.ClickEvent","target":{"__id__":2},"component":"GuideScene","handler":"onNextQuestion"}],"_N$target":{"__id__":37}}],"_contentSize":{"__type__":"cc.Size","width":200,"height":72},"_position":{"__type__":"cc.Vec3","y":-404.5},"_scale":{"__type__":"cc.Vec3","x":1,"y":1,"z":1}},{"__type__":"cc.Node","_name":"New Label","_parent":{"__id__":37},"_components":[{"__type__":"cc.Label","node":{"__id__":38},"_srcBlendFactor":1,"_useOriginalSize":false,"_string":"下一题(1/3)","_N$string":"下一题(1/3)","_fontSize":28,"_N$horizontalAlign":1,"_N$verticalAlign":1}],"_contentSize":{"__type__":"cc.Size","width":141.57,"height":40},"_scale":{"__type__":"cc.Vec3","x":1,"y":1,"z":1}},{"__type__":"cc.Node","_name":"dashed","_parent":{"__id__":34},"_level":4,"_components":[{"__type__":"cc.Label","node":{"__id__":39},"_srcBlendFactor":1,"_string":"--------------------------------------------------------------------","_N$string":"--------------------------------------------------------------------","_fontSize":22}],"_color":{"__type__":"cc.Color"},"_contentSize":{"__type__":"cc.Size","width":498.18,"height":40},"_position":{"__type__":"cc.Vec3","y":259},"_scale":{"__type__":"cc.Vec3","x":1,"y":1,"z":1}},{"__type__":"cc.Node","_name":"political","_parent":{"__id__":33},"_children":[{"__id__":41},{"__id__":42},{"__id__":43}],"_level":3,"_position":{"__type__":"cc.Vec3","y":-11},"_scale":{"__type__":"cc.Vec3","x":1,"y":1,"z":1}},{"__type__":"cc.Node","_name":"p_title","_parent":{"__id__":40},"_level":2,"_components":[{"__type__":"cc.Label","node":{"__id__":41},"_srcBlendFactor":1,"_useOriginalSize":false,"_string":"政治题目","_N$string":"政治题目","_fontSize":29,"_N$horizontalAlign":1,"_N$verticalAlign":1}],"_color":{"__type__":"cc.Color","r":70,"g":70,"b":97},"_contentSize":{"__type__":"cc.Size","width":116,"height":40},"_position":{"__type__":"cc.Vec3","y":280},"_scale":{"__type__":"cc.Vec3","x":1,"y":1,"z":1}},{"__type__":"cc.Node","_name":"p_question","_parent":{"__id__":40},"_level":2,"_components":[{"__type__":"cc.Label","node":{"__id__":42},"_srcBlendFactor":1,"_useOriginalSize":false,"_string":"   《资本论》（德文版）第一卷于1867年9月在汉堡出版，其影响力历经150年风雨而不衰，至今对我们分析、理解现实经济问题依然具有很强的指导意义，马克思主义政治经济学的理论十分丰富，其中\"理解政治经济学的枢纽\"的理论是（）。","_N$string":"   《资本论》（德文版）第一卷于1867年9月在汉堡出版，其影响力历经150年风雨而不衰，至今对我们分析、理解现实经济问题依然具有很强的指导意义，马克思主义政治经济学的理论十分丰富，其中\"理解政治经济学的枢纽\"的理论是（）。","_fontSize":29,"_N$verticalAlign":1,"_N$overflow":1}],"_color":{"__type__":"cc.Color","r":70,"g":70,"b":97},"_contentSize":{"__type__":"cc.Size","width":500,"height":600},"_position":{"__type__":"cc.Vec3","y":72},"_scale":{"__type__":"cc.Vec3","x":1,"y":1,"z":1}},{"__type__":"cc.Node","_name":"p_ToggleContainer","_parent":{"__id__":40},"_children":[{"__id__":44},{"__id__":49},{"__id__":54},{"__id__":59}],"_level":2,"_components":[{"__type__":"cc.ToggleContainer","node":{"__id__":43},"allowSwitchOff":true}],"_contentSize":{"__type__":"cc.Size","width":221,"height":104},"_position":{"__type__":"cc.Vec3","x":-115,"y":-177},"_scale":{"__type__":"cc.Vec3","x":1,"y":1,"z":1}},{"__type__":"cc.Node","_name":"toggle1","_parent":{"__id__":43},"_children":[{"__id__":45},{"__id__":46},{"__id__":48}],"_components":[{"__type__":"cc.Toggle","node":{"__id__":44},"_N$target":{"__id__":44},"checkMark":{"__id__":47},"_N$isChecked":false}],"_contentSize":{"__type__":"cc.Size","width":200,"height":28},"_anchorPoint":{"__type__":"cc.Vec2","y":0.5},"_position":{"__type__":"cc.Vec3","x":-100,"y":40},"_scale":{"__type__":"cc.Vec3","x":1,"y":1,"z":1}},{"__type__":"cc.Node","_name":"Background","_parent":{"__id__":44},"_components":[{"__type__":"cc.Sprite","node":{"__id__":45},"_spriteFrame":{"__uuid__":"1faPwvnWpL+oU81dhW5Krc"},"_sizeMode":2,"_isTrimmedMode":false}],"_contentSize":{"__type__":"cc.Size","width":26,"height":26},"_scale":{"__type__":"cc.Vec3","x":1,"y":1,"z":1}},{"__type__":"cc.Node","_name":"checkmark","_parent":{"__id__":44},"_active":false,"_components":[{"__id__":47}],"_contentSize":{"__type__":"cc.Size","width":26,"height":26},"_scale":{"__type__":"cc.Vec3","x":1,"y":1,"z":1}},{"__type__":"cc.Sprite","node":{"__id__":46},"_spriteFrame":{"__uuid__":"adbRiDvgpHCpv1TkXhALY5"},"_sizeMode":2,"_isTrimmedMode":false},{"__type__":"cc.Node","_name":"New Label","_parent":{"__id__":44},"_level":1,"_components":[{"__type__":"cc.Label","node":{"__id__":48},"_srcBlendFactor":1,"_useOriginalSize":false,"_string":"剩余价值理论","_N$string":"剩余价值理论","_fontSize":28,"_N$verticalAlign":1,"_N$overflow":1}],"_color":{"__type__":"cc.Color","r":70,"g":70,"b":97},"_contentSize":{"__type__":"cc.Size","width":200,"height":40},"_position":{"__type__":"cc.Vec3","x":118},"_scale":{"__type__":"cc.Vec3","x":1,"y":1,"z":1}},{"__type__":"cc.Node","_name":"toggle2","_parent":{"__id__":43},"_children":[{"__id__":50},{"__id__":51},{"__id__":53}],"_components":[{"__type__":"cc.Toggle","node":{"__id__":49},"transition":3,"_N$target":{"__id__":49},"checkMark":{"__id__":52},"_N$isChecked":false}],"_contentSize":{"__type__":"cc.Size","width":200,"height":28},"_anchorPoint":{"__type__":"cc.Vec2","y":0.5},"_position":{"__type__":"cc.Vec3","x":160,"y":40},"_scale":{"__type__":"cc.Vec3","x":1,"y":1,"z":1}},{"__type__":"cc.Node","_name":"Background","_parent":{"__id__":49},"_components":[{"__type__":"cc.Sprite","node":{"__id__":50},"_spriteFrame":{"__uuid__":"1faPwvnWpL+oU81dhW5Krc"},"_sizeMode":2,"_isTrimmedMode":false}],"_contentSize":{"__type__":"cc.Size","width":26,"height":26},"_scale":{"__type__":"cc.Vec3","x":1,"y":1,"z":1}},{"__type__":"cc.Node","_name":"checkmark","_parent":{"__id__":49},"_active":false,"_components":[{"__id__":52}],"_contentSize":{"__type__":"cc.Size","width":26,"height":26},"_scale":{"__type__":"cc.Vec3","x":1,"y":1,"z":1}},{"__type__":"cc.Sprite","node":{"__id__":51},"_spriteFrame":{"__uuid__":"adbRiDvgpHCpv1TkXhALY5"},"_sizeMode":2,"_isTrimmedMode":false},{"__type__":"cc.Node","_name":"New Label","_parent":{"__id__":49},"_level":1,"_components":[{"__type__":"cc.Label","node":{"__id__":53},"_srcBlendFactor":1,"_useOriginalSize":false,"_string":"价值规律理论","_N$string":"价值规律理论","_fontSize":28,"_N$verticalAlign":1,"_N$overflow":1}],"_color":{"__type__":"cc.Color","r":70,"g":70,"b":97},"_contentSize":{"__type__":"cc.Size","width":200,"height":40},"_position":{"__type__":"cc.Vec3","x":118},"_scale":{"__type__":"cc.Vec3","x":1,"y":1,"z":1}},{"__type__":"cc.Node","_name":"toggle3","_parent":{"__id__":43},"_children":[{"__id__":55},{"__id__":56},{"__id__":58}],"_components":[{"__type__":"cc.Toggle","node":{"__id__":54},"transition":3,"_N$target":{"__id__":54},"checkMark":{"__id__":57},"_N$isChecked":false}],"_contentSize":{"__type__":"cc.Size","width":200,"height":28},"_anchorPoint":{"__type__":"cc.Vec2","y":0.5},"_position":{"__type__":"cc.Vec3","x":-100,"y":-40},"_scale":{"__type__":"cc.Vec3","x":1,"y":1,"z":1}},{"__type__":"cc.Node","_name":"Background","_parent":{"__id__":54},"_components":[{"__type__":"cc.Sprite","node":{"__id__":55},"_spriteFrame":{"__uuid__":"1faPwvnWpL+oU81dhW5Krc"},"_sizeMode":2,"_isTrimmedMode":false}],"_contentSize":{"__type__":"cc.Size","width":26,"height":26},"_scale":{"__type__":"cc.Vec3","x":1,"y":1,"z":1}},{"__type__":"cc.Node","_name":"checkmark","_parent":{"__id__":54},"_active":false,"_components":[{"__id__":57}],"_contentSize":{"__type__":"cc.Size","width":26,"height":26},"_scale":{"__type__":"cc.Vec3","x":1,"y":1,"z":1}},{"__type__":"cc.Sprite","node":{"__id__":56},"_spriteFrame":{"__uuid__":"adbRiDvgpHCpv1TkXhALY5"},"_sizeMode":2,"_isTrimmedMode":false},{"__type__":"cc.Node","_name":"New Label","_parent":{"__id__":54},"_level":1,"_components":[{"__type__":"cc.Label","node":{"__id__":58},"_srcBlendFactor":1,"_useOriginalSize":false,"_string":"劳动二重性理论","_N$string":"劳动二重性理论","_fontSize":28,"_N$horizontalAlign":1,"_N$verticalAlign":1}],"_color":{"__type__":"cc.Color","r":70,"g":70,"b":97},"_contentSize":{"__type__":"cc.Size","width":196,"height":40},"_position":{"__type__":"cc.Vec3","x":118},"_scale":{"__type__":"cc.Vec3","x":1,"y":1,"z":1}},{"__type__":"cc.Node","_name":"toggle4","_parent":{"__id__":43},"_children":[{"__id__":60},{"__id__":61},{"__id__":63}],"_level":2,"_components":[{"__type__":"cc.Toggle","node":{"__id__":59},"transition":3,"_N$target":{"__id__":59},"checkMark":{"__id__":62},"_N$isChecked":false}],"_contentSize":{"__type__":"cc.Size","width":200,"height":28},"_anchorPoint":{"__type__":"cc.Vec2","y":0.5},"_position":{"__type__":"cc.Vec3","x":160,"y":-40},"_scale":{"__type__":"cc.Vec3","x":1,"y":1,"z":1}},{"__type__":"cc.Node","_name":"Background","_parent":{"__id__":59},"_components":[{"__type__":"cc.Sprite","node":{"__id__":60},"_spriteFrame":{"__uuid__":"1faPwvnWpL+oU81dhW5Krc"},"_sizeMode":2,"_isTrimmedMode":false}],"_contentSize":{"__type__":"cc.Size","width":26,"height":26},"_scale":{"__type__":"cc.Vec3","x":1,"y":1,"z":1}},{"__type__":"cc.Node","_name":"checkmark","_parent":{"__id__":59},"_active":false,"_components":[{"__id__":62}],"_contentSize":{"__type__":"cc.Size","width":26,"height":26},"_scale":{"__type__":"cc.Vec3","x":1,"y":1,"z":1}},{"__type__":"cc.Sprite","node":{"__id__":61},"_spriteFrame":{"__uuid__":"adbRiDvgpHCpv1TkXhALY5"},"_sizeMode":2,"_isTrimmedMode":false},{"__type__":"cc.Node","_name":"New Label","_parent":{"__id__":59},"_level":3,"_components":[{"__type__":"cc.Label","node":{"__id__":63},"_srcBlendFactor":1,"_useOriginalSize":false,"_string":"商品二因素理论","_N$string":"商品二因素理论","_fontSize":28,"_N$horizontalAlign":1,"_N$verticalAlign":1}],"_color":{"__type__":"cc.Color","r":70,"g":70,"b":97},"_contentSize":{"__type__":"cc.Size","width":196,"height":40},"_position":{"__type__":"cc.Vec3","x":118},"_scale":{"__type__":"cc.Vec3","x":1,"y":1,"z":1}},{"__type__":"cc.Node","_name":"h4-2","_parent":{"__id__":2},"_children":[{"__id__":65},{"__id__":70},{"__id__":73}],"_active":false,"_level":2,"_scale":{"__type__":"cc.Vec3","x":1,"y":1,"z":1}},{"__type__":"cc.Node","_name":"questionBG","_parent":{"__id__":64},"_children":[{"__id__":66},{"__id__":68}],"_level":3,"_components":[{"__type__":"cc.Sprite","node":{"__id__":65},"_spriteFrame":{"__uuid__":"47rNDDwOFDmbA3ah6m3fng"}}],"_contentSize":{"__type__":"cc.Size","width":622,"height":1007},"_position":{"__type__":"cc.Vec3","y":-29.5},"_scale":{"__type__":"cc.Vec3","x":1,"y":1,"z":1}},{"__type__":"cc.Node","_name":"questiontitlebg","_parent":{"__id__":65},"_children":[{"__id__":67}],"_level":3,"_components":[{"__type__":"cc.Sprite","node":{"__id__":66},"_spriteFrame":{"__uuid__":"80EoDIKYNC9r+OeRXhajjj"}}],"_contentSize":{"__type__":"cc.Size","width":221,"height":78},"_position":{"__type__":"cc.Vec3","x":-209.5,"y":499.5},"_scale":{"__type__":"cc.Vec3","x":1,"y":1,"z":1}},{"__type__":"cc.Node","_name":"title","_parent":{"__id__":66},"_level":4,"_components":[{"__type__":"cc.Label","node":{"__id__":67},"_srcBlendFactor":1,"_useOriginalSize":false,"_string":"考试开始","_N$string":"考试开始","_N$horizontalAlign":1,"_N$verticalAlign":1}],"_contentSize":{"__type__":"cc.Size","width":160,"height":40},"_scale":{"__type__":"cc.Vec3","x":1,"y":1,"z":1},"_rotationX":-5,"_rotationY":-5,"_quat":{"__type__":"cc.Quat","z":0.043619387365336,"w":0.9990482215818578}},{"__type__":"cc.Node","_name":"ok","_parent":{"__id__":65},"_children":[{"__id__":69}],"_level":3,"_components":[{"__type__":"cc.Sprite","node":{"__id__":68},"_spriteFrame":{"__uuid__":"73c2N1FjZMgJadCi75rxr2"},"_sizeMode":0},{"__type__":"cc.Button","node":{"__id__":68},"clickEvents":[{"__type__":"cc.ClickEvent","target":{"__id__":2},"component":"GuideScene","handler":"onNextQuestion"}],"_N$target":{"__id__":68}}],"_contentSize":{"__type__":"cc.Size","width":200,"height":72},"_position":{"__type__":"cc.Vec3","y":-404.5},"_scale":{"__type__":"cc.Vec3","x":1,"y":1,"z":1}},{"__type__":"cc.Node","_name":"New Label","_parent":{"__id__":68},"_components":[{"__type__":"cc.Label","node":{"__id__":69},"_srcBlendFactor":1,"_useOriginalSize":false,"_string":"下一题(2/3)","_N$string":"下一题(2/3)","_fontSize":28,"_N$horizontalAlign":1,"_N$verticalAlign":1}],"_contentSize":{"__type__":"cc.Size","width":141.57,"height":40},"_scale":{"__type__":"cc.Vec3","x":1,"y":1,"z":1}},{"__type__":"cc.Node","_name":"lastquestion","_parent":{"__id__":64},"_children":[{"__id__":71},{"__id__":72}],"_level":3,"_color":{"__type__":"cc.Color","r":62,"g":129,"b":211},"_contentSize":{"__type__":"cc.Size","width":108.13,"height":40},"_position":{"__type__":"cc.Vec3","x":-230,"y":380},"_scale":{"__type__":"cc.Vec3","x":1,"y":1,"z":1}},{"__type__":"cc.Node","_name":"return","_parent":{"__id__":70},"_level":4,"_components":[{"__type__":"cc.Sprite","node":{"__id__":71},"_spriteFrame":{"__uuid__":"69DUjS/4lNz65OSHhmKZPn"}},{"__type__":"cc.Button","node":{"__id__":71},"clickEvents":[{"__type__":"cc.ClickEvent","target":{"__id__":2},"component":"GuideScene","handler":"onLastQuestion"}],"_N$target":{"__id__":71}}],"_contentSize":{"__type__":"cc.Size","width":15,"height":26},"_scale":{"__type__":"cc.Vec3","x":1,"y":1,"z":1}},{"__type__":"cc.Node","_name":"New Label","_parent":{"__id__":70},"_level":4,"_components":[{"__type__":"cc.Label","node":{"__id__":72},"_srcBlendFactor":1,"_useOriginalSize":false,"_string":"上一题","_N$string":"上一题","_fontSize":28,"_N$horizontalAlign":1,"_N$verticalAlign":1},{"__type__":"cc.Button","node":{"__id__":72},"clickEvents":[{"__type__":"cc.ClickEvent","target":{"__id__":2},"component":"GuideScene","handler":"onLastQuestion"}],"_N$target":{"__id__":72}}],"_color":{"__type__":"cc.Color","r":62,"g":129,"b":211},"_contentSize":{"__type__":"cc.Size","width":84,"height":40},"_position":{"__type__":"cc.Vec3","x":69},"_scale":{"__type__":"cc.Vec3","x":1,"y":1,"z":1}},{"__type__":"cc.Node","_name":"math","_parent":{"__id__":64},"_children":[{"__id__":74},{"__id__":75},{"__id__":76},{"__id__":77}],"_level":3,"_scale":{"__type__":"cc.Vec3","x":1,"y":1,"z":1}},{"__type__":"cc.Node","_name":"m_title","_parent":{"__id__":73},"_level":2,"_components":[{"__type__":"cc.Label","node":{"__id__":74},"_srcBlendFactor":1,"_useOriginalSize":false,"_string":"数学题目","_N$string":"数学题目","_fontSize":29,"_N$horizontalAlign":1,"_N$verticalAlign":1}],"_color":{"__type__":"cc.Color","r":70,"g":70,"b":97},"_contentSize":{"__type__":"cc.Size","width":116,"height":40},"_position":{"__type__":"cc.Vec3","y":290},"_scale":{"__type__":"cc.Vec3","x":1,"y":1,"z":1}},{"__type__":"cc.Node","_name":"m_question","_parent":{"__id__":73},"_level":2,"_components":[{"__type__":"cc.Label","node":{"__id__":75},"_srcBlendFactor":1,"_useOriginalSize":false,"_string":"下列函数中，在x=0处不可导的是（）。","_N$string":"下列函数中，在x=0处不可导的是（）。","_fontSize":29,"_N$verticalAlign":1,"_N$overflow":1}],"_color":{"__type__":"cc.Color","r":70,"g":70,"b":97},"_contentSize":{"__type__":"cc.Size","width":562,"height":100},"_position":{"__type__":"cc.Vec3","x":20,"y":187},"_scale":{"__type__":"cc.Vec3","x":1,"y":1,"z":1}},{"__type__":"cc.Node","_name":"dashed","_parent":{"__id__":73},"_level":4,"_components":[{"__type__":"cc.Label","node":{"__id__":76},"_srcBlendFactor":1,"_string":"---------------------------------------------------------------------","_N$string":"---------------------------------------------------------------------","_fontSize":22}],"_color":{"__type__":"cc.Color"},"_contentSize":{"__type__":"cc.Size","width":505.51,"height":40},"_position":{"__type__":"cc.Vec3","y":250},"_scale":{"__type__":"cc.Vec3","x":1,"y":1,"z":1}},{"__type__":"cc.Node","_name":"m_ToggleContainer","_parent":{"__id__":73},"_children":[{"__id__":78},{"__id__":83},{"__id__":88},{"__id__":93}],"_level":2,"_components":[{"__type__":"cc.ToggleContainer","node":{"__id__":77},"allowSwitchOff":true}],"_contentSize":{"__type__":"cc.Size","width":221,"height":61},"_position":{"__type__":"cc.Vec3","x":-232,"y":99},"_scale":{"__type__":"cc.Vec3","x":1,"y":1,"z":1}},{"__type__":"cc.Node","_name":"toggle1","_parent":{"__id__":77},"_children":[{"__id__":79},{"__id__":80},{"__id__":82}],"_components":[{"__type__":"cc.Toggle","node":{"__id__":78},"transition":3,"_N$target":{"__id__":78},"checkMark":{"__id__":81},"_N$isChecked":false}],"_contentSize":{"__type__":"cc.Size","width":200,"height":28},"_anchorPoint":{"__type__":"cc.Vec2","y":0.5},"_scale":{"__type__":"cc.Vec3","x":1,"y":1,"z":1}},{"__type__":"cc.Node","_name":"Background","_parent":{"__id__":78},"_components":[{"__type__":"cc.Sprite","node":{"__id__":79},"_spriteFrame":{"__uuid__":"1faPwvnWpL+oU81dhW5Krc"},"_sizeMode":2,"_isTrimmedMode":false}],"_contentSize":{"__type__":"cc.Size","width":26,"height":26},"_scale":{"__type__":"cc.Vec3","x":1,"y":1,"z":1}},{"__type__":"cc.Node","_name":"checkmark","_parent":{"__id__":78},"_active":false,"_components":[{"__id__":81}],"_contentSize":{"__type__":"cc.Size","width":26,"height":26},"_scale":{"__type__":"cc.Vec3","x":1,"y":1,"z":1}},{"__type__":"cc.Sprite","node":{"__id__":80},"_spriteFrame":{"__uuid__":"adbRiDvgpHCpv1TkXhALY5"},"_sizeMode":2,"_isTrimmedMode":false},{"__type__":"cc.Node","_name":"New Label","_parent":{"__id__":78},"_level":1,"_components":[{"__type__":"cc.Label","node":{"__id__":82},"_srcBlendFactor":1,"_useOriginalSize":false,"_string":"f(x)=|x|sin|x|","_N$string":"f(x)=|x|sin|x|","_fontSize":29,"_N$verticalAlign":1}],"_color":{"__type__":"cc.Color","r":70,"g":70,"b":97},"_contentSize":{"__type__":"cc.Size","width":155.01,"height":40},"_anchorPoint":{"__type__":"cc.Vec2","y":0.5},"_position":{"__type__":"cc.Vec3","x":50},"_scale":{"__type__":"cc.Vec3","x":1,"y":1,"z":1}},{"__type__":"cc.Node","_name":"toggle2","_parent":{"__id__":77},"_children":[{"__id__":84},{"__id__":85},{"__id__":87}],"_components":[{"__type__":"cc.Toggle","node":{"__id__":83},"transition":3,"_N$target":{"__id__":83},"checkMark":{"__id__":86},"_N$isChecked":false}],"_contentSize":{"__type__":"cc.Size","width":200,"height":28},"_anchorPoint":{"__type__":"cc.Vec2","y":0.5},"_position":{"__type__":"cc.Vec3","y":-50},"_scale":{"__type__":"cc.Vec3","x":1,"y":1,"z":1}},{"__type__":"cc.Node","_name":"Background","_parent":{"__id__":83},"_components":[{"__type__":"cc.Sprite","node":{"__id__":84},"_spriteFrame":{"__uuid__":"1faPwvnWpL+oU81dhW5Krc"},"_sizeMode":2,"_isTrimmedMode":false}],"_contentSize":{"__type__":"cc.Size","width":26,"height":26},"_scale":{"__type__":"cc.Vec3","x":1,"y":1,"z":1}},{"__type__":"cc.Node","_name":"checkmark","_parent":{"__id__":83},"_active":false,"_components":[{"__id__":86}],"_contentSize":{"__type__":"cc.Size","width":26,"height":26},"_scale":{"__type__":"cc.Vec3","x":1,"y":1,"z":1}},{"__type__":"cc.Sprite","node":{"__id__":85},"_spriteFrame":{"__uuid__":"adbRiDvgpHCpv1TkXhALY5"},"_sizeMode":2,"_isTrimmedMode":false},{"__type__":"cc.Node","_name":"New Label","_parent":{"__id__":83},"_level":1,"_components":[{"__type__":"cc.Label","node":{"__id__":87},"_srcBlendFactor":1,"_useOriginalSize":false,"_string":"f(x)=|x|sin√|x|","_N$string":"f(x)=|x|sin√|x|","_fontSize":29,"_N$verticalAlign":1}],"_color":{"__type__":"cc.Color","r":70,"g":70,"b":97},"_contentSize":{"__type__":"cc.Size","width":170.93,"height":40},"_anchorPoint":{"__type__":"cc.Vec2","y":0.5},"_position":{"__type__":"cc.Vec3","x":50},"_scale":{"__type__":"cc.Vec3","x":1,"y":1,"z":1}},{"__type__":"cc.Node","_name":"toggle3","_parent":{"__id__":77},"_children":[{"__id__":89},{"__id__":90},{"__id__":92}],"_components":[{"__type__":"cc.Toggle","node":{"__id__":88},"transition":3,"_N$target":{"__id__":88},"checkMark":{"__id__":91},"_N$isChecked":false}],"_contentSize":{"__type__":"cc.Size","width":200,"height":28},"_anchorPoint":{"__type__":"cc.Vec2","y":0.5},"_position":{"__type__":"cc.Vec3","y":-100},"_scale":{"__type__":"cc.Vec3","x":1,"y":1,"z":1}},{"__type__":"cc.Node","_name":"Background","_parent":{"__id__":88},"_components":[{"__type__":"cc.Sprite","node":{"__id__":89},"_spriteFrame":{"__uuid__":"1faPwvnWpL+oU81dhW5Krc"},"_sizeMode":2,"_isTrimmedMode":false}],"_contentSize":{"__type__":"cc.Size","width":26,"height":26},"_scale":{"__type__":"cc.Vec3","x":1,"y":1,"z":1}},{"__type__":"cc.Node","_name":"checkmark","_parent":{"__id__":88},"_active":false,"_components":[{"__id__":91}],"_contentSize":{"__type__":"cc.Size","width":26,"height":26},"_scale":{"__type__":"cc.Vec3","x":1,"y":1,"z":1}},{"__type__":"cc.Sprite","node":{"__id__":90},"_spriteFrame":{"__uuid__":"adbRiDvgpHCpv1TkXhALY5"},"_sizeMode":2,"_isTrimmedMode":false},{"__type__":"cc.Node","_name":"New Label","_parent":{"__id__":88},"_level":1,"_components":[{"__type__":"cc.Label","node":{"__id__":92},"_srcBlendFactor":1,"_useOriginalSize":false,"_string":"f(x)=cos|x|","_N$string":"f(x)=cos|x|","_fontSize":29,"_N$verticalAlign":1}],"_color":{"__type__":"cc.Color","r":70,"g":70,"b":97},"_contentSize":{"__type__":"cc.Size","width":133.5,"height":40},"_anchorPoint":{"__type__":"cc.Vec2","y":0.5},"_position":{"__type__":"cc.Vec3","x":50},"_scale":{"__type__":"cc.Vec3","x":1,"y":1,"z":1}},{"__type__":"cc.Node","_name":"toggle4","_parent":{"__id__":77},"_children":[{"__id__":94},{"__id__":95},{"__id__":97}],"_level":2,"_components":[{"__type__":"cc.Toggle","node":{"__id__":93},"transition":3,"_N$target":{"__id__":93},"checkMark":{"__id__":96},"_N$isChecked":false}],"_contentSize":{"__type__":"cc.Size","width":200,"height":28},"_anchorPoint":{"__type__":"cc.Vec2","y":0.5},"_position":{"__type__":"cc.Vec3","y":-149},"_scale":{"__type__":"cc.Vec3","x":1,"y":1,"z":1}},{"__type__":"cc.Node","_name":"Background","_parent":{"__id__":93},"_components":[{"__type__":"cc.Sprite","node":{"__id__":94},"_spriteFrame":{"__uuid__":"1faPwvnWpL+oU81dhW5Krc"},"_sizeMode":2,"_isTrimmedMode":false}],"_contentSize":{"__type__":"cc.Size","width":26,"height":26},"_scale":{"__type__":"cc.Vec3","x":1,"y":1,"z":1}},{"__type__":"cc.Node","_name":"checkmark","_parent":{"__id__":93},"_active":false,"_components":[{"__id__":96}],"_contentSize":{"__type__":"cc.Size","width":26,"height":26},"_scale":{"__type__":"cc.Vec3","x":1,"y":1,"z":1}},{"__type__":"cc.Sprite","node":{"__id__":95},"_spriteFrame":{"__uuid__":"adbRiDvgpHCpv1TkXhALY5"},"_sizeMode":2,"_isTrimmedMode":false},{"__type__":"cc.Node","_name":"New Label","_parent":{"__id__":93},"_level":3,"_components":[{"__type__":"cc.Label","node":{"__id__":97},"_srcBlendFactor":1,"_useOriginalSize":false,"_string":"f(x)=cos √|x|","_N$string":"f(x)=cos √|x|","_fontSize":29,"_N$verticalAlign":1}],"_color":{"__type__":"cc.Color","r":70,"g":70,"b":97},"_contentSize":{"__type__":"cc.Size","width":157.48,"height":40},"_anchorPoint":{"__type__":"cc.Vec2","y":0.5},"_position":{"__type__":"cc.Vec3","x":50},"_scale":{"__type__":"cc.Vec3","x":1,"y":1,"z":1}},{"__type__":"cc.Node","_name":"h4-3","_parent":{"__id__":2},"_children":[{"__id__":99},{"__id__":104},{"__id__":129}],"_active":false,"_level":2,"_scale":{"__type__":"cc.Vec3","x":1,"y":1,"z":1}},{"__type__":"cc.Node","_name":"questionBG","_parent":{"__id__":98},"_children":[{"__id__":100},{"__id__":102}],"_level":3,"_components":[{"__type__":"cc.Sprite","node":{"__id__":99},"_spriteFrame":{"__uuid__":"47rNDDwOFDmbA3ah6m3fng"}}],"_contentSize":{"__type__":"cc.Size","width":622,"height":1007},"_position":{"__type__":"cc.Vec3","y":-29.5},"_scale":{"__type__":"cc.Vec3","x":1,"y":1,"z":1}},{"__type__":"cc.Node","_name":"questiontitlebg","_parent":{"__id__":99},"_children":[{"__id__":101}],"_level":3,"_components":[{"__type__":"cc.Sprite","node":{"__id__":100},"_spriteFrame":{"__uuid__":"80EoDIKYNC9r+OeRXhajjj"}}],"_contentSize":{"__type__":"cc.Size","width":221,"height":78},"_position":{"__type__":"cc.Vec3","x":-209.5,"y":499.5},"_scale":{"__type__":"cc.Vec3","x":1,"y":1,"z":1}},{"__type__":"cc.Node","_name":"title","_parent":{"__id__":100},"_level":4,"_components":[{"__type__":"cc.Label","node":{"__id__":101},"_srcBlendFactor":1,"_useOriginalSize":false,"_string":"考试开始","_N$string":"考试开始","_N$horizontalAlign":1,"_N$verticalAlign":1}],"_contentSize":{"__type__":"cc.Size","width":160,"height":40},"_scale":{"__type__":"cc.Vec3","x":1,"y":1,"z":1},"_rotationX":-5,"_rotationY":-5,"_quat":{"__type__":"cc.Quat","z":0.043619387365336,"w":0.9990482215818578}},{"__type__":"cc.Node","_name":"ok","_parent":{"__id__":99},"_children":[{"__id__":103}],"_level":3,"_components":[{"__type__":"cc.Sprite","node":{"__id__":102},"_spriteFrame":{"__uuid__":"73c2N1FjZMgJadCi75rxr2"},"_sizeMode":0},{"__type__":"cc.Button","node":{"__id__":102},"clickEvents":[{"__type__":"cc.ClickEvent","target":{"__id__":2},"component":"GuideScene","handler":"onCommit_h4"}],"_N$target":{"__id__":102}}],"_contentSize":{"__type__":"cc.Size","width":200,"height":72},"_position":{"__type__":"cc.Vec3","y":-404.5},"_scale":{"__type__":"cc.Vec3","x":1,"y":1,"z":1}},{"__type__":"cc.Node","_name":"New Label","_parent":{"__id__":102},"_components":[{"__type__":"cc.Label","node":{"__id__":103},"_srcBlendFactor":1,"_useOriginalSize":false,"_string":"交卷","_N$string":"交卷","_fontSize":28,"_N$horizontalAlign":1,"_N$verticalAlign":1}],"_contentSize":{"__type__":"cc.Size","width":56,"height":40},"_scale":{"__type__":"cc.Vec3","x":1,"y":1,"z":1}},{"__type__":"cc.Node","_name":"english","_parent":{"__id__":98},"_children":[{"__id__":105},{"__id__":106},{"__id__":107},{"__id__":108}],"_level":3,"_scale":{"__type__":"cc.Vec3","x":1,"y":1,"z":1}},{"__type__":"cc.Node","_name":"dashed","_parent":{"__id__":104},"_level":4,"_components":[{"__type__":"cc.Label","node":{"__id__":105},"_srcBlendFactor":1,"_string":"--------------------------------------------------------------------","_N$string":"--------------------------------------------------------------------","_fontSize":22}],"_color":{"__type__":"cc.Color"},"_contentSize":{"__type__":"cc.Size","width":498.18,"height":40},"_position":{"__type__":"cc.Vec3","y":250},"_scale":{"__type__":"cc.Vec3","x":1,"y":1,"z":1}},{"__type__":"cc.Node","_name":"e_title","_parent":{"__id__":104},"_level":2,"_components":[{"__type__":"cc.Label","node":{"__id__":106},"_srcBlendFactor":1,"_useOriginalSize":false,"_string":"英语题目","_N$string":"英语题目","_fontSize":29,"_N$horizontalAlign":1,"_N$verticalAlign":1}],"_color":{"__type__":"cc.Color","r":70,"g":70,"b":97},"_contentSize":{"__type__":"cc.Size","width":116,"height":40},"_position":{"__type__":"cc.Vec3","y":290},"_scale":{"__type__":"cc.Vec3","x":1,"y":1,"z":1}},{"__type__":"cc.Node","_name":"e_question","_parent":{"__id__":104},"_level":2,"_components":[{"__type__":"cc.Label","node":{"__id__":107},"_srcBlendFactor":1,"_useOriginalSize":false,"_string":"    Among the children who had not been tricked, the majority were （） to cooperate with the tester in learning a new skill, demonstrating that they trusted his leadership. \n","_N$string":"    Among the children who had not been tricked, the majority were （） to cooperate with the tester in learning a new skill, demonstrating that they trusted his leadership. \n","_fontSize":29,"_N$verticalAlign":1,"_N$overflow":1}],"_color":{"__type__":"cc.Color","r":70,"g":70,"b":97},"_contentSize":{"__type__":"cc.Size","width":500,"height":600},"_position":{"__type__":"cc.Vec3","y":107},"_scale":{"__type__":"cc.Vec3","x":1,"y":1,"z":1}},{"__type__":"cc.Node","_name":"e_ToggleContainer","_parent":{"__id__":104},"_children":[{"__id__":109},{"__id__":114},{"__id__":119},{"__id__":124}],"_level":4,"_components":[{"__type__":"cc.ToggleContainer","node":{"__id__":108},"allowSwitchOff":true}],"_contentSize":{"__type__":"cc.Size","width":221,"height":104},"_position":{"__type__":"cc.Vec3","x":-117,"y":-86},"_scale":{"__type__":"cc.Vec3","x":1,"y":1,"z":1}},{"__type__":"cc.Node","_name":"toggle1","_parent":{"__id__":108},"_children":[{"__id__":110},{"__id__":111},{"__id__":113}],"_components":[{"__type__":"cc.Toggle","node":{"__id__":109},"transition":3,"_N$target":{"__id__":109},"checkMark":{"__id__":112}}],"_contentSize":{"__type__":"cc.Size","width":150,"height":28},"_anchorPoint":{"__type__":"cc.Vec2","y":0.5},"_position":{"__type__":"cc.Vec3","x":-90,"y":40},"_scale":{"__type__":"cc.Vec3","x":1,"y":1,"z":1}},{"__type__":"cc.Node","_name":"Background","_parent":{"__id__":109},"_components":[{"__type__":"cc.Sprite","node":{"__id__":110},"_spriteFrame":{"__uuid__":"1faPwvnWpL+oU81dhW5Krc"},"_sizeMode":2,"_isTrimmedMode":false}],"_contentSize":{"__type__":"cc.Size","width":26,"height":26},"_scale":{"__type__":"cc.Vec3","x":1,"y":1,"z":1}},{"__type__":"cc.Node","_name":"checkmark","_parent":{"__id__":109},"_active":false,"_components":[{"__id__":112}],"_contentSize":{"__type__":"cc.Size","width":26,"height":26},"_scale":{"__type__":"cc.Vec3","x":1,"y":1,"z":1}},{"__type__":"cc.Sprite","node":{"__id__":111},"_spriteFrame":{"__uuid__":"adbRiDvgpHCpv1TkXhALY5"},"_sizeMode":2,"_isTrimmedMode":false},{"__type__":"cc.Node","_name":"New Label","_parent":{"__id__":109},"_level":1,"_components":[{"__type__":"cc.Label","node":{"__id__":113},"_srcBlendFactor":1,"_useOriginalSize":false,"_string":"forced","_N$string":"forced","_fontSize":28,"_N$horizontalAlign":1,"_N$verticalAlign":1}],"_color":{"__type__":"cc.Color","r":70,"g":70,"b":97},"_contentSize":{"__type__":"cc.Size","width":77.82,"height":40},"_position":{"__type__":"cc.Vec3","x":100},"_scale":{"__type__":"cc.Vec3","x":1,"y":1,"z":1}},{"__type__":"cc.Node","_name":"toggle2","_parent":{"__id__":108},"_children":[{"__id__":115},{"__id__":116},{"__id__":118}],"_components":[{"__type__":"cc.Toggle","node":{"__id__":114},"transition":3,"_N$target":{"__id__":114},"checkMark":{"__id__":117},"_N$isChecked":false}],"_contentSize":{"__type__":"cc.Size","width":150,"height":28},"_anchorPoint":{"__type__":"cc.Vec2","y":0.5},"_position":{"__type__":"cc.Vec3","x":140,"y":40},"_scale":{"__type__":"cc.Vec3","x":1,"y":1,"z":1}},{"__type__":"cc.Node","_name":"Background","_parent":{"__id__":114},"_components":[{"__type__":"cc.Sprite","node":{"__id__":115},"_spriteFrame":{"__uuid__":"1faPwvnWpL+oU81dhW5Krc"},"_sizeMode":2,"_isTrimmedMode":false}],"_contentSize":{"__type__":"cc.Size","width":26,"height":26},"_scale":{"__type__":"cc.Vec3","x":1,"y":1,"z":1}},{"__type__":"cc.Node","_name":"checkmark","_parent":{"__id__":114},"_active":false,"_components":[{"__id__":117}],"_contentSize":{"__type__":"cc.Size","width":26,"height":26},"_scale":{"__type__":"cc.Vec3","x":1,"y":1,"z":1}},{"__type__":"cc.Sprite","node":{"__id__":116},"_spriteFrame":{"__uuid__":"adbRiDvgpHCpv1TkXhALY5"},"_sizeMode":2,"_isTrimmedMode":false},{"__type__":"cc.Node","_name":"New Label","_parent":{"__id__":114},"_level":1,"_components":[{"__type__":"cc.Label","node":{"__id__":118},"_srcBlendFactor":1,"_useOriginalSize":false,"_string":"willing","_N$string":"willing","_fontSize":28,"_N$horizontalAlign":1,"_N$verticalAlign":1}],"_color":{"__type__":"cc.Color","r":70,"g":70,"b":97},"_contentSize":{"__type__":"cc.Size","width":76.25,"height":40},"_position":{"__type__":"cc.Vec3","x":100},"_scale":{"__type__":"cc.Vec3","x":1,"y":1,"z":1}},{"__type__":"cc.Node","_name":"toggle3","_parent":{"__id__":108},"_children":[{"__id__":120},{"__id__":121},{"__id__":123}],"_components":[{"__type__":"cc.Toggle","node":{"__id__":119},"transition":3,"_N$target":{"__id__":119},"checkMark":{"__id__":122},"_N$isChecked":false}],"_contentSize":{"__type__":"cc.Size","width":150,"height":28},"_anchorPoint":{"__type__":"cc.Vec2","y":0.5},"_position":{"__type__":"cc.Vec3","x":-90,"y":-40},"_scale":{"__type__":"cc.Vec3","x":1,"y":1,"z":1}},{"__type__":"cc.Node","_name":"Background","_parent":{"__id__":119},"_components":[{"__type__":"cc.Sprite","node":{"__id__":120},"_spriteFrame":{"__uuid__":"1faPwvnWpL+oU81dhW5Krc"},"_sizeMode":2,"_isTrimmedMode":false}],"_contentSize":{"__type__":"cc.Size","width":26,"height":26},"_scale":{"__type__":"cc.Vec3","x":1,"y":1,"z":1}},{"__type__":"cc.Node","_name":"checkmark","_parent":{"__id__":119},"_active":false,"_components":[{"__id__":122}],"_contentSize":{"__type__":"cc.Size","width":26,"height":26},"_scale":{"__type__":"cc.Vec3","x":1,"y":1,"z":1}},{"__type__":"cc.Sprite","node":{"__id__":121},"_spriteFrame":{"__uuid__":"adbRiDvgpHCpv1TkXhALY5"},"_sizeMode":2,"_isTrimmedMode":false},{"__type__":"cc.Node","_name":"New Label","_parent":{"__id__":119},"_level":1,"_components":[{"__type__":"cc.Label","node":{"__id__":123},"_srcBlendFactor":1,"_useOriginalSize":false,"_string":"hesitant","_N$string":"hesitant","_fontSize":28,"_N$horizontalAlign":1,"_N$verticalAlign":1}],"_color":{"__type__":"cc.Color","r":70,"g":70,"b":97},"_contentSize":{"__type__":"cc.Size","width":98.07,"height":40},"_position":{"__type__":"cc.Vec3","x":100},"_scale":{"__type__":"cc.Vec3","x":1,"y":1,"z":1}},{"__type__":"cc.Node","_name":"toggle4","_parent":{"__id__":108},"_children":[{"__id__":125},{"__id__":126},{"__id__":128}],"_level":2,"_components":[{"__type__":"cc.Toggle","node":{"__id__":124},"transition":3,"_N$target":{"__id__":124},"checkMark":{"__id__":127},"_N$isChecked":false}],"_contentSize":{"__type__":"cc.Size","width":150,"height":28},"_anchorPoint":{"__type__":"cc.Vec2","y":0.5},"_position":{"__type__":"cc.Vec3","x":140,"y":-40},"_scale":{"__type__":"cc.Vec3","x":1,"y":1,"z":1}},{"__type__":"cc.Node","_name":"Background","_parent":{"__id__":124},"_components":[{"__type__":"cc.Sprite","node":{"__id__":125},"_spriteFrame":{"__uuid__":"1faPwvnWpL+oU81dhW5Krc"},"_sizeMode":2,"_isTrimmedMode":false}],"_contentSize":{"__type__":"cc.Size","width":26,"height":26},"_scale":{"__type__":"cc.Vec3","x":1,"y":1,"z":1}},{"__type__":"cc.Node","_name":"checkmark","_parent":{"__id__":124},"_active":false,"_components":[{"__id__":127}],"_contentSize":{"__type__":"cc.Size","width":26,"height":26},"_scale":{"__type__":"cc.Vec3","x":1,"y":1,"z":1}},{"__type__":"cc.Sprite","node":{"__id__":126},"_spriteFrame":{"__uuid__":"adbRiDvgpHCpv1TkXhALY5"},"_sizeMode":2,"_isTrimmedMode":false},{"__type__":"cc.Node","_name":"New Label","_parent":{"__id__":124},"_level":3,"_components":[{"__type__":"cc.Label","node":{"__id__":128},"_srcBlendFactor":1,"_useOriginalSize":false,"_string":"entitled","_N$string":"entitled","_fontSize":28,"_N$horizontalAlign":1,"_N$verticalAlign":1}],"_color":{"__type__":"cc.Color","r":70,"g":70,"b":97},"_contentSize":{"__type__":"cc.Size","width":90.29,"height":40},"_position":{"__type__":"cc.Vec3","x":100},"_scale":{"__type__":"cc.Vec3","x":1,"y":1,"z":1}},{"__type__":"cc.Node","_name":"lastquestion","_parent":{"__id__":98},"_children":[{"__id__":130},{"__id__":131}],"_level":3,"_color":{"__type__":"cc.Color","r":62,"g":129,"b":211},"_contentSize":{"__type__":"cc.Size","width":108.13,"height":40},"_position":{"__type__":"cc.Vec3","x":-230,"y":380},"_scale":{"__type__":"cc.Vec3","x":1,"y":1,"z":1}},{"__type__":"cc.Node","_name":"return","_parent":{"__id__":129},"_level":4,"_components":[{"__type__":"cc.Sprite","node":{"__id__":130},"_spriteFrame":{"__uuid__":"69DUjS/4lNz65OSHhmKZPn"}},{"__type__":"cc.Button","node":{"__id__":130},"clickEvents":[{"__type__":"cc.ClickEvent","target":{"__id__":2},"component":"GuideScene","handler":"onLastQuestion"}],"_N$target":{"__id__":130}}],"_contentSize":{"__type__":"cc.Size","width":15,"height":26},"_scale":{"__type__":"cc.Vec3","x":1,"y":1,"z":1}},{"__type__":"cc.Node","_name":"New Label","_parent":{"__id__":129},"_level":4,"_components":[{"__type__":"cc.Label","node":{"__id__":131},"_srcBlendFactor":1,"_useOriginalSize":false,"_string":"上一题","_N$string":"上一题","_fontSize":28,"_N$horizontalAlign":1,"_N$verticalAlign":1},{"__type__":"cc.Button","node":{"__id__":131},"clickEvents":[{"__type__":"cc.ClickEvent","target":{"__id__":2},"component":"GuideScene","handler":"onLastQuestion"}],"_N$target":{"__id__":131}}],"_color":{"__type__":"cc.Color","r":62,"g":129,"b":211},"_contentSize":{"__type__":"cc.Size","width":84,"height":40},"_position":{"__type__":"cc.Vec3","x":69},"_scale":{"__type__":"cc.Vec3","x":1,"y":1,"z":1}},{"__type__":"cc.Node","_name":"h5","_parent":{"__id__":2},"_children":[{"__id__":133},{"__id__":136},{"__id__":139},{"__id__":143},{"__id__":144},{"__id__":146},{"__id__":150}],"_level":2,"_scale":{"__type__":"cc.Vec3","x":1,"y":1,"z":1}},{"__type__":"cc.Node","_name":"BG","_parent":{"__id__":132},"_children":[{"__id__":134}],"_level":3,"_components":[{"__type__":"cc.Sprite","node":{"__id__":133},"_spriteFrame":{"__uuid__":"47rNDDwOFDmbA3ah6m3fng"}},{"__type__":"cc.Widget","node":{"__id__":133},"_alignFlags":4,"_bottom":-537}],"_contentSize":{"__type__":"cc.Size","width":622,"height":1007},"_position":{"__type__":"cc.Vec3","y":-33.5},"_scale":{"__type__":"cc.Vec3","x":1,"y":1,"z":1}},{"__type__":"cc.Node","_name":"titlebg","_parent":{"__id__":133},"_children":[{"__id__":135}],"_level":4,"_components":[{"__type__":"cc.Sprite","node":{"__id__":134},"_spriteFrame":{"__uuid__":"80EoDIKYNC9r+OeRXhajjj"}}],"_contentSize":{"__type__":"cc.Size","width":221,"height":78},"_position":{"__type__":"cc.Vec3","x":-204,"y":491},"_scale":{"__type__":"cc.Vec3","x":1,"y":1,"z":1}},{"__type__":"cc.Node","_name":"New Label","_parent":{"__id__":134},"_level":5,"_components":[{"__type__":"cc.Label","node":{"__id__":135},"_srcBlendFactor":1,"_useOriginalSize":false,"_string":"精力分配","_N$string":"精力分配","_N$horizontalAlign":1,"_N$verticalAlign":1}],"_contentSize":{"__type__":"cc.Size","width":160,"height":40},"_scale":{"__type__":"cc.Vec3","x":1,"y":1,"z":1},"_rotationX":-5,"_rotationY":-5,"_quat":{"__type__":"cc.Quat","z":0.043619387365336,"w":0.9990482215818578}},{"__type__":"cc.Node","_name":"title","_parent":{"__id__":132},"_children":[{"__id__":137},{"__id__":138}],"_level":3,"_position":{"__type__":"cc.Vec3","y":-79},"_scale":{"__type__":"cc.Vec3","x":1,"y":1,"z":1}},{"__type__":"cc.Node","_name":"title1","_objFlags":512,"_parent":{"__id__":136},"_level":4,"_components":[{"__type__":"cc.Label","node":{"__id__":137},"_srcBlendFactor":1,"_useOriginalSize":false,"_string":"研究生阶段时间精力计划安排","_N$string":"研究生阶段时间精力计划安排","_fontSize":30,"_N$horizontalAlign":1,"_N$verticalAlign":1}],"_color":{"__type__":"cc.Color","r":70,"g":70,"b":97},"_contentSize":{"__type__":"cc.Size","width":390,"height":40},"_position":{"__type__":"cc.Vec3","y":462},"_scale":{"__type__":"cc.Vec3","x":1,"y":1,"z":1}},{"__type__":"cc.Node","_name":"title2","_parent":{"__id__":136},"_level":4,"_components":[{"__type__":"cc.Label","node":{"__id__":138},"_srcBlendFactor":1,"_useOriginalSize":false,"_string":"请将你的时间精力分配到各个方面，分配完后执行","_N$string":"请将你的时间精力分配到各个方面，分配完后执行","_fontSize":22.1,"_N$horizontalAlign":1,"_N$verticalAlign":1}],"_color":{"__type__":"cc.Color","r":145,"g":175,"b":212},"_contentSize":{"__type__":"cc.Size","width":486.2,"height":40},"_position":{"__type__":"cc.Vec3","y":296},"_scale":{"__type__":"cc.Vec3","x":1,"y":1,"z":1}},{"__type__":"cc.Node","_name":"totalTime","_parent":{"__id__":132},"_children":[{"__id__":140},{"__id__":142}],"_level":3,"_position":{"__type__":"cc.Vec3","y":-6},"_scale":{"__type__":"cc.Vec3","x":1,"y":1,"z":1}},{"__type__":"cc.Node","_name":"totaltime","_parent":{"__id__":139},"_level":4,"_components":[{"__id__":141}],"_color":{"__type__":"cc.Color","r":90,"g":95,"b":123},"_contentSize":{"__type__":"cc.Size","width":53.39,"height":40},"_position":{"__type__":"cc.Vec3","x":60,"y":300},"_scale":{"__type__":"cc.Vec3","x":1,"y":1,"z":1}},{"__type__":"cc.Label","node":{"__id__":140},"_srcBlendFactor":1,"_useOriginalSize":false,"_string":"100","_N$string":"100","_fontSize":32,"_N$horizontalAlign":1,"_N$verticalAlign":1},{"__type__":"cc.Node","_name":"totaltime_l","_parent":{"__id__":139},"_level":4,"_components":[{"__type__":"cc.Label","node":{"__id__":142},"_srcBlendFactor":1,"_useOriginalSize":false,"_string":"总时间精力","_N$string":"总时间精力","_fontSize":32,"_N$horizontalAlign":1,"_N$verticalAlign":1}],"_color":{"__type__":"cc.Color","r":90,"g":95,"b":123},"_contentSize":{"__type__":"cc.Size","width":160,"height":40},"_position":{"__type__":"cc.Vec3","x":-60,"y":300},"_scale":{"__type__":"cc.Vec3","x":1,"y":1,"z":1}},{"__type__":"cc.Node","_name":"layout","_parent":{"__id__":132},"_level":3,"_components":[{"__type__":"cc.Sprite","node":{"__id__":143},"_type":1,"_sizeMode":0},{"__type__":"cc.Layout","node":{"__id__":143},"_layoutSize":{"__type__":"cc.Size","width":200,"height":150},"_N$layoutType":3,"_N$paddingLeft":100,"_N$paddingTop":150,"_N$spacingX":1000,"_N$spacingY":80}],"_contentSize":{"__type__":"cc.Size","width":200,"height":150},"_scale":{"__type__":"cc.Vec3","x":1,"y":1,"z":1}},{"__type__":"cc.Node","_name":"gbtn","_parent":{"__id__":132},"_children":[{"__id__":145}],"_level":3,"_components":[{"__type__":"cc.Sprite","node":{"__id__":144},"_spriteFrame":{"__uuid__":"73c2N1FjZMgJadCi75rxr2"},"_sizeMode":0},{"__type__":"cc.Button","node":{"__id__":144},"clickEvents":[{"__type__":"cc.ClickEvent","target":{"__id__":2},"component":"GuideScene","handler":"onExecute_h5"}],"_N$target":{"__id__":144}}],"_contentSize":{"__type__":"cc.Size","width":200,"height":72},"_position":{"__type__":"cc.Vec3","y":-428},"_scale":{"__type__":"cc.Vec3","x":1,"y":1,"z":1}},{"__type__":"cc.Node","_name":"label","_parent":{"__id__":144},"_level":4,"_components":[{"__type__":"cc.Label","node":{"__id__":145},"_srcBlendFactor":1,"_useOriginalSize":false,"_string":"执行","_N$string":"执行","_fontSize":28,"_N$horizontalAlign":1,"_N$verticalAlign":1}],"_contentSize":{"__type__":"cc.Size","width":56,"height":40},"_scale":{"__type__":"cc.Vec3","x":1,"y":1,"z":1}},{"__type__":"cc.Node","_name":"chooseGift","_parent":{"__id__":132},"_children":[{"__id__":147},{"__id__":148},{"__id__":149}],"_level":3,"_components":[{"__type__":"cc.Sprite","node":{"__id__":146},"_spriteFrame":{"__uuid__":"f6Kn32Nc5L07h/cCbBDbPK"}}],"_contentSize":{"__type__":"cc.Size","width":592,"height":829},"_position":{"__type__":"cc.Vec3","y":-10},"_scale":{"__type__":"cc.Vec3","x":1,"y":1,"z":1}},{"__type__":"cc.Node","_name":"New Label","_parent":{"__id__":146},"_level":4,"_components":[{"__type__":"cc.Label","node":{"__id__":147},"_srcBlendFactor":1,"_useOriginalSize":false,"_string":"     读研期间，你错过不少社会事件，善良的程序猿于心不忍，给你包了几个毕业礼包。（ps：除了对象以外里面啥都有）","_N$string":"     读研期间，你错过不少社会事件，善良的程序猿于心不忍，给你包了几个毕业礼包。（ps：除了对象以外里面啥都有）","_fontSize":28,"_N$verticalAlign":1,"_N$overflow":1}],"_color":{"__type__":"cc.Color","r":90,"g":95,"b":123},"_contentSize":{"__type__":"cc.Size","width":500,"height":1000},"_position":{"__type__":"cc.Vec3","y":200},"_scale":{"__type__":"cc.Vec3","x":1,"y":1,"z":1}},{"__type__":"cc.Node","_name":"giftLayout","_parent":{"__id__":146},"_level":4,"_components":[{"__type__":"cc.Layout","node":{"__id__":148},"_layoutSize":{"__type__":"cc.Size","width":500,"height":300},"_N$layoutType":1,"_N$paddingLeft":-15,"_N$paddingRight":50,"_N$spacingX":35}],"_contentSize":{"__type__":"cc.Size","width":500,"height":300},"_position":{"__type__":"cc.Vec3","y":-200},"_scale":{"__type__":"cc.Vec3","x":1,"y":1,"z":1}},{"__type__":"cc.Node","_name":"tiplabel","_parent":{"__id__":146},"_level":4,"_components":[{"__type__":"cc.Label","node":{"__id__":149},"_srcBlendFactor":1,"_useOriginalSize":false,"_string":"挑选一个毕业礼包","_N$string":"挑选一个毕业礼包","_N$horizontalAlign":1,"_N$verticalAlign":1}],"_color":{"__type__":"cc.Color","r":90,"g":95,"b":123},"_contentSize":{"__type__":"cc.Size","width":320,"height":40},"_scale":{"__type__":"cc.Vec3","x":1,"y":1,"z":1}},{"__type__":"cc.Node","_name":"dashed","_parent":{"__id__":132},"_level":3,"_components":[{"__type__":"cc.Label","node":{"__id__":150},"_srcBlendFactor":1,"_string":"----------------------------------------------------------------------------","_N$string":"----------------------------------------------------------------------------","_fontSize":20}],"_color":{"__type__":"cc.Color"},"_contentSize":{"__type__":"cc.Size","width":506.17,"height":40},"_position":{"__type__":"cc.Vec3","y":345},"_scale":{"__type__":"cc.Vec3","x":1,"y":1,"z":1}}],{"__type__":"cc.SpriteFrame","content":{"name":"bbtn","texture":"1fb4a8873","rect":[932,746,204,76],"offset":[0,0],"originalSize":[204,76],"rotated":1,"capInsets":[45,30,45,30]}},{"__type__":"cc.SpriteFrame","content":{"name":"sex_dottedLine","texture":"14a1c60ae","rect":[557,1021,448,1],"offset":[0,0],"originalSize":[448,1]}},{"__type__":"cc.SpriteFrame","content":{"name":"eventbg","texture":"1fe470191","rect":[2,2,592,829],"offset":[0,0],"originalSize":[592,829]}}]