[{"__type__":"cc.SpriteFrame","content":{"name":"totalbtn","texture":"1fb4a8873","rect":[792,954,125,58],"offset":[0,0],"originalSize":[125,58]}},{"__type__":"cc.SpriteFrame","content":{"name":"friendrank","texture":"1d3a87338","rect":[468,951,145,58],"offset":[0,0],"originalSize":[145,58]}},{"__type__":"cc.SpriteFrame","content":{"name":"reportpaper","texture":"3949S1i9NKkKvJUH9A/csx","rect":[0,0,624,1031],"offset":[0,0],"originalSize":[624,1031]}},{"__type__":"cc.SpriteFrame","content":{"name":"codePic","texture":"1fb4a8873","rect":[564,521,258,256],"offset":[0,0],"originalSize":[258,256]}},{"__type__":"cc.SpriteFrame","content":{"name":"default_sprite","texture":"6eBWFz0oVHPLIGQKf/9Thu","rect":[0,2,40,36],"offset":[0,0],"originalSize":[40,40]}},{"__type__":"cc.SpriteFrame","content":{"name":"balckBG","texture":"abnt4TqDJMop3bzv8j4oeZ","rect":[0,0,640,1136],"offset":[0,0],"originalSize":[640,1136]}},{"__type__":"cc.SpriteFrame","content":{"name":"hexagonalBg","texture":"1fb4a8873","rect":[741,781,162,187],"offset":[0,0],"originalSize":[162,187],"rotated":1}},[{"__type__":"cc.SceneAsset","_name":"FinishScene","scene":{"__id__":1},"asyncLoadAssets":null},{"__type__":"cc.Scene","_name":"New Node","_children":[{"__id__":2},{"__id__":62},{"__id__":63}],"_anchorPoint":{"__type__":"cc.Vec2"},"_scale":{"__type__":"cc.Vec3","x":0.4639084507042254,"y":0.4639084507042254,"z":1},"autoReleaseAssets":false},{"__type__":"cc.Node","_name":"Canvas","_parent":{"__id__":1},"_children":[{"__id__":3},{"__id__":4},{"__id__":5},{"__id__":6},{"__id__":33},{"__id__":34},{"__id__":36},{"__id__":38},{"__id__":40},{"__id__":42},{"__id__":44},{"__id__":46},{"__id__":47},{"__id__":48},{"__id__":50},{"__id__":56},{"__id__":58},{"__id__":60}],"_level":1,"_components":[{"__type__":"cc.Canvas","node":{"__id__":2},"_designResolution":{"__type__":"cc.Size","width":640,"height":1136},"_fitWidth":true,"_fitHeight":false},{"__type__":"70527N5q7ZCx5rQMUM/8Pwd","node":{"__id__":2},"hexagonalNode":{"__id__":6},"healthNode":{"__id__":7},"abilityNode":{"__id__":8},"expNode":{"__id__":9},"socialNode":{"__id__":10},"moralityNode":{"__id__":11},"happyNode":{"__id__":12},"randomNode":{"__id__":33},"money_l":{"__id__":35},"job_l":{"__id__":37},"house_l":{"__id__":39},"car_l":{"__id__":41},"lover_l":{"__id__":43},"loverdialogue_l":{"__id__":45},"health_l":{"__id__":17},"ablity_l":{"__id__":20},"exp_l":{"__id__":23},"social_l":{"__id__":26},"morality_l":{"__id__":29},"happy_l":{"__id__":32},"advertise":{"__id__":47},"qrCodeBg":{"__id__":48},"savePic":{"__id__":46},"carSprite":{"__id__":14},"avanta":{"__id__":55},"username":{"__id__":52},"score_l":{"__id__":57},"Rank_l":{"__id__":59},"ending":{"__id__":61}}],"_contentSize":{"__type__":"cc.Size","width":640,"height":1136},"_position":{"__type__":"cc.Vec3","x":320,"y":568},"_scale":{"__type__":"cc.Vec3","x":1,"y":1,"z":1},"_id":"c7WG739sxHpZ7MF3w2xA6N"},{"__type__":"cc.Node","_name":"Main Camera","_parent":{"__id__":2},"_level":1,"_components":[{"__type__":"cc.Camera","node":{"__id__":3},"_clearFlags":7,"_depth":-1}],"_scale":{"__type__":"cc.Vec3","x":1,"y":1,"z":1}},{"__type__":"cc.Node","_name":"balckBG","_parent":{"__id__":2},"_level":1,"_components":[{"__type__":"cc.Sprite","node":{"__id__":4},"_spriteFrame":{"__uuid__":"8fC7LSSTZAtawa3VZFa412"}}],"_contentSize":{"__type__":"cc.Size","width":640,"height":1136},"_scale":{"__type__":"cc.Vec3","x":1,"y":1,"z":1}},{"__type__":"cc.Node","_name":"reportpaper","_parent":{"__id__":2},"_level":1,"_components":[{"__type__":"cc.Sprite","node":{"__id__":5},"_spriteFrame":{"__uuid__":"5eSDg2Zh1IT7+++YgHnIa7"}}],"_contentSize":{"__type__":"cc.Size","width":624,"height":1031},"_scale":{"__type__":"cc.Vec3","x":1,"y":1,"z":1}},{"__type__":"cc.Node","_name":"hexagonalBg","_parent":{"__id__":2},"_children":[{"__id__":7},{"__id__":8},{"__id__":9},{"__id__":10},{"__id__":11},{"__id__":12},{"__id__":13},{"__id__":15},{"__id__":18},{"__id__":21},{"__id__":24},{"__id__":27},{"__id__":30}],"_level":1,"_components":[{"__type__":"cc.Sprite","node":{"__id__":6},"_spriteFrame":{"__uuid__":"9eLuGnwulIw4fF3Gw/LsPg"},"_sizeMode":0}],"_contentSize":{"__type__":"cc.Size","width":162,"height":188},"_position":{"__type__":"cc.Vec3","x":145,"y":265},"_scale":{"__type__":"cc.Vec3","x":1,"y":1,"z":1}},{"__type__":"cc.Node","_name":"healthnode","_parent":{"__id__":6},"_level":2,"_position":{"__type__":"cc.Vec3","x":-145,"y":-255},"_scale":{"__type__":"cc.Vec3","x":1,"y":1,"z":1}},{"__type__":"cc.Node","_name":"ablitynode","_parent":{"__id__":6},"_level":2,"_position":{"__type__":"cc.Vec3","x":-145,"y":-255},"_scale":{"__type__":"cc.Vec3","x":1,"y":1,"z":1}},{"__type__":"cc.Node","_name":"expnode","_parent":{"__id__":6},"_level":2,"_position":{"__type__":"cc.Vec3","x":-145,"y":-255},"_scale":{"__type__":"cc.Vec3","x":1,"y":1,"z":1}},{"__type__":"cc.Node","_name":"socialnode","_parent":{"__id__":6},"_level":2,"_position":{"__type__":"cc.Vec3","x":-145,"y":-255},"_scale":{"__type__":"cc.Vec3","x":1,"y":1,"z":1}},{"__type__":"cc.Node","_name":"moralitynode","_parent":{"__id__":6},"_level":2,"_position":{"__type__":"cc.Vec3","x":-145,"y":-255},"_scale":{"__type__":"cc.Vec3","x":1,"y":1,"z":1}},{"__type__":"cc.Node","_name":"happynode","_parent":{"__id__":6},"_level":2,"_position":{"__type__":"cc.Vec3","x":-145,"y":-255},"_scale":{"__type__":"cc.Vec3","x":1,"y":1,"z":1}},{"__type__":"cc.Node","_name":"carsprite","_parent":{"__id__":6},"_level":2,"_components":[{"__id__":14}],"_contentSize":{"__type__":"cc.Size","width":141,"height":86},"_position":{"__type__":"cc.Vec3","x":-308,"y":-276},"_scale":{"__type__":"cc.Vec3","x":1,"y":1,"z":1},"_rotationX":4,"_rotationY":4,"_quat":{"__type__":"cc.Quat","z":-0.03489949670250097,"w":0.9993908270190958}},{"__type__":"cc.Sprite","node":{"__id__":13},"_sizeMode":0},{"__type__":"cc.Node","_name":"health","_parent":{"__id__":6},"_children":[{"__id__":16}],"_level":2,"_components":[{"__type__":"cc.Label","node":{"__id__":15},"_srcBlendFactor":1,"_useOriginalSize":false,"_string":"健康","_N$string":"健康","_fontSize":18,"_N$horizontalAlign":1,"_N$verticalAlign":1}],"_color":{"__type__":"cc.Color","r":73,"g":70,"b":96},"_contentSize":{"__type__":"cc.Size","width":36,"height":40},"_position":{"__type__":"cc.Vec3","y":131},"_scale":{"__type__":"cc.Vec3","x":1,"y":1,"z":1}},{"__type__":"cc.Node","_name":"healthlabel","_parent":{"__id__":15},"_level":3,"_components":[{"__id__":17}],"_color":{"__type__":"cc.Color","r":73,"g":70,"b":96},"_contentSize":{"__type__":"cc.Size","width":40.04,"height":40},"_position":{"__type__":"cc.Vec3","y":-23},"_scale":{"__type__":"cc.Vec3","x":1,"y":1,"z":1}},{"__type__":"cc.Label","node":{"__id__":16},"_srcBlendFactor":1,"_useOriginalSize":false,"_string":"3000","_N$string":"3000","_fontSize":18,"_N$horizontalAlign":1,"_N$verticalAlign":1},{"__type__":"cc.Node","_name":"ability","_parent":{"__id__":6},"_children":[{"__id__":19}],"_level":2,"_components":[{"__type__":"cc.Label","node":{"__id__":18},"_srcBlendFactor":1,"_useOriginalSize":false,"_string":"能力","_N$string":"能力","_fontSize":18,"_N$horizontalAlign":1,"_N$verticalAlign":1}],"_color":{"__type__":"cc.Color","r":73,"g":70,"b":96},"_contentSize":{"__type__":"cc.Size","width":36,"height":40},"_position":{"__type__":"cc.Vec3","x":-110,"y":72},"_scale":{"__type__":"cc.Vec3","x":1,"y":1,"z":1}},{"__type__":"cc.Node","_name":"abilitylabel","_parent":{"__id__":18},"_level":3,"_components":[{"__id__":20}],"_color":{"__type__":"cc.Color","r":73,"g":70,"b":96},"_contentSize":{"__type__":"cc.Size","width":40.04,"height":40},"_position":{"__type__":"cc.Vec3","y":-23},"_scale":{"__type__":"cc.Vec3","x":1,"y":1,"z":1}},{"__type__":"cc.Label","node":{"__id__":19},"_srcBlendFactor":1,"_useOriginalSize":false,"_string":"3000","_N$string":"3000","_fontSize":18,"_N$horizontalAlign":1,"_N$verticalAlign":1},{"__type__":"cc.Node","_name":"exp","_parent":{"__id__":6},"_children":[{"__id__":22}],"_level":2,"_components":[{"__type__":"cc.Label","node":{"__id__":21},"_srcBlendFactor":1,"_useOriginalSize":false,"_string":"经验","_N$string":"经验","_fontSize":18,"_N$horizontalAlign":1,"_N$verticalAlign":1}],"_color":{"__type__":"cc.Color","r":73,"g":70,"b":96},"_contentSize":{"__type__":"cc.Size","width":36,"height":40},"_position":{"__type__":"cc.Vec3","x":-109,"y":-56},"_scale":{"__type__":"cc.Vec3","x":1,"y":1,"z":1}},{"__type__":"cc.Node","_name":"explabel","_parent":{"__id__":21},"_level":3,"_components":[{"__id__":23}],"_color":{"__type__":"cc.Color","r":73,"g":70,"b":96},"_contentSize":{"__type__":"cc.Size","width":40.04,"height":40},"_position":{"__type__":"cc.Vec3","y":-23},"_scale":{"__type__":"cc.Vec3","x":1,"y":1,"z":1}},{"__type__":"cc.Label","node":{"__id__":22},"_srcBlendFactor":1,"_useOriginalSize":false,"_string":"3000","_N$string":"3000","_fontSize":18,"_N$horizontalAlign":1,"_N$verticalAlign":1},{"__type__":"cc.Node","_name":"social","_parent":{"__id__":6},"_children":[{"__id__":25}],"_level":2,"_components":[{"__type__":"cc.Label","node":{"__id__":24},"_srcBlendFactor":1,"_useOriginalSize":false,"_string":"交际","_N$string":"交际","_fontSize":18,"_N$horizontalAlign":1,"_N$verticalAlign":1}],"_color":{"__type__":"cc.Color","r":73,"g":70,"b":96},"_contentSize":{"__type__":"cc.Size","width":36,"height":40},"_position":{"__type__":"cc.Vec3","y":-121},"_scale":{"__type__":"cc.Vec3","x":1,"y":1,"z":1}},{"__type__":"cc.Node","_name":"sociallabel","_parent":{"__id__":24},"_level":3,"_components":[{"__id__":26}],"_color":{"__type__":"cc.Color","r":73,"g":70,"b":96},"_contentSize":{"__type__":"cc.Size","width":40.04,"height":40},"_position":{"__type__":"cc.Vec3","y":-23},"_scale":{"__type__":"cc.Vec3","x":1,"y":1,"z":1}},{"__type__":"cc.Label","node":{"__id__":25},"_srcBlendFactor":1,"_useOriginalSize":false,"_string":"3000","_N$string":"3000","_fontSize":18,"_N$horizontalAlign":1,"_N$verticalAlign":1},{"__type__":"cc.Node","_name":"morality","_parent":{"__id__":6},"_children":[{"__id__":28}],"_level":2,"_components":[{"__type__":"cc.Label","node":{"__id__":27},"_srcBlendFactor":1,"_useOriginalSize":false,"_string":"道德","_N$string":"道德","_fontSize":18,"_N$horizontalAlign":1,"_N$verticalAlign":1}],"_color":{"__type__":"cc.Color","r":73,"g":70,"b":96},"_contentSize":{"__type__":"cc.Size","width":36,"height":40},"_position":{"__type__":"cc.Vec3","x":112,"y":-56},"_scale":{"__type__":"cc.Vec3","x":1,"y":1,"z":1}},{"__type__":"cc.Node","_name":"moralitylabel","_parent":{"__id__":27},"_level":3,"_components":[{"__id__":29}],"_color":{"__type__":"cc.Color","r":73,"g":70,"b":96},"_contentSize":{"__type__":"cc.Size","width":40.04,"height":40},"_position":{"__type__":"cc.Vec3","y":-23},"_scale":{"__type__":"cc.Vec3","x":1,"y":1,"z":1}},{"__type__":"cc.Label","node":{"__id__":28},"_srcBlendFactor":1,"_useOriginalSize":false,"_string":"3000","_N$string":"3000","_fontSize":18,"_N$horizontalAlign":1,"_N$verticalAlign":1},{"__type__":"cc.Node","_name":"happy","_parent":{"__id__":6},"_children":[{"__id__":31}],"_level":2,"_components":[{"__type__":"cc.Label","node":{"__id__":30},"_srcBlendFactor":1,"_useOriginalSize":false,"_string":"快乐","_N$string":"快乐","_fontSize":18,"_N$horizontalAlign":1,"_N$verticalAlign":1}],"_color":{"__type__":"cc.Color","r":73,"g":70,"b":96},"_contentSize":{"__type__":"cc.Size","width":36,"height":40},"_position":{"__type__":"cc.Vec3","x":110,"y":72},"_scale":{"__type__":"cc.Vec3","x":1,"y":1,"z":1}},{"__type__":"cc.Node","_name":"happylabel","_parent":{"__id__":30},"_level":3,"_components":[{"__id__":32}],"_color":{"__type__":"cc.Color","r":73,"g":70,"b":96},"_contentSize":{"__type__":"cc.Size","width":40.04,"height":40},"_position":{"__type__":"cc.Vec3","y":-23},"_scale":{"__type__":"cc.Vec3","x":1,"y":1,"z":1}},{"__type__":"cc.Label","node":{"__id__":31},"_srcBlendFactor":1,"_useOriginalSize":false,"_string":"3000","_N$string":"3000","_fontSize":18,"_N$horizontalAlign":1,"_N$verticalAlign":1},{"__type__":"cc.Node","_name":"randomnode","_parent":{"__id__":2},"_level":1,"_components":[{"__type__":"cc.Graphics","node":{"__id__":33}}],"_scale":{"__type__":"cc.Vec3","x":1,"y":1,"z":1}},{"__type__":"cc.Node","_name":"moneylabel","_parent":{"__id__":2},"_level":1,"_components":[{"__id__":35}],"_contentSize":{"__type__":"cc.Size","width":110.12,"height":40},"_anchorPoint":{"__type__":"cc.Vec2","y":0.5},"_position":{"__type__":"cc.Vec3","x":-229,"y":334},"_scale":{"__type__":"cc.Vec3","x":1,"y":1,"z":1}},{"__type__":"cc.Label","node":{"__id__":34},"_srcBlendFactor":1,"_useOriginalSize":false,"_string":"123456789","_N$string":"123456789","_fontSize":22,"_N$horizontalAlign":1,"_N$verticalAlign":1},{"__type__":"cc.Node","_name":"joblabel","_parent":{"__id__":2},"_level":1,"_components":[{"__id__":37}],"_contentSize":{"__type__":"cc.Size","width":220,"height":60},"_anchorPoint":{"__type__":"cc.Vec2","y":1.1},"_position":{"__type__":"cc.Vec3","x":-252,"y":278},"_scale":{"__type__":"cc.Vec3","x":1,"y":1,"z":1}},{"__type__":"cc.Label","node":{"__id__":36},"_srcBlendFactor":1,"_useOriginalSize":false,"_string":"海外驻华公司高层老总","_N$string":"海外驻华公司高层老总","_fontSize":22,"_lineHeight":30,"_N$overflow":1},{"__type__":"cc.Node","_name":"houselabel","_parent":{"__id__":2},"_level":1,"_components":[{"__id__":39}],"_contentSize":{"__type__":"cc.Size","width":110,"height":40},"_anchorPoint":{"__type__":"cc.Vec2","y":0.5},"_position":{"__type__":"cc.Vec3","x":-251,"y":156},"_scale":{"__type__":"cc.Vec3","x":1,"y":1,"z":1}},{"__type__":"cc.Label","node":{"__id__":38},"_srcBlendFactor":1,"_useOriginalSize":false,"_string":"市中心豪宅","_N$string":"市中心豪宅","_fontSize":22,"_N$horizontalAlign":1,"_N$verticalAlign":1},{"__type__":"cc.Node","_name":"carlabel","_parent":{"__id__":2},"_level":1,"_components":[{"__id__":41}],"_contentSize":{"__type__":"cc.Size","width":220,"height":40},"_anchorPoint":{"__type__":"cc.Vec2","y":0.5},"_position":{"__type__":"cc.Vec3","x":-256,"y":81},"_scale":{"__type__":"cc.Vec3","x":1,"y":1,"z":1}},{"__type__":"cc.Label","node":{"__id__":40},"_srcBlendFactor":1,"_useOriginalSize":false,"_string":"时尚拉风玛莎拉蒂跑车","_N$string":"时尚拉风玛莎拉蒂跑车","_fontSize":22,"_N$horizontalAlign":1,"_N$verticalAlign":1},{"__type__":"cc.Node","_name":"lovername","_parent":{"__id__":2},"_level":1,"_components":[{"__id__":43}],"_contentSize":{"__type__":"cc.Size","width":95,"height":40},"_anchorPoint":{"__type__":"cc.Vec2","y":0.5},"_position":{"__type__":"cc.Vec3","x":9,"y":35},"_scale":{"__type__":"cc.Vec3","x":1,"y":1,"z":1}},{"__type__":"cc.Label","node":{"__id__":42},"_srcBlendFactor":1,"_useOriginalSize":false,"_string":"王美丽 律师","_N$string":"王美丽 律师","_fontSize":18,"_N$verticalAlign":1},{"__type__":"cc.Node","_name":"loverdialogue","_parent":{"__id__":2},"_level":2,"_components":[{"__id__":45}],"_color":{"__type__":"cc.Color","r":51,"g":55,"b":85},"_contentSize":{"__type__":"cc.Size","width":150,"height":100},"_anchorPoint":{"__type__":"cc.Vec2","y":1},"_position":{"__type__":"cc.Vec3","y":10},"_scale":{"__type__":"cc.Vec3","x":1,"y":1,"z":1}},{"__type__":"cc.Label","node":{"__id__":44},"_srcBlendFactor":1,"_useOriginalSize":false,"_fontSize":22,"_N$overflow":1},{"__type__":"cc.Node","_name":"savepic","_parent":{"__id__":2},"_level":1,"_components":[{"__type__":"cc.Sprite","node":{"__id__":46},"_spriteFrame":{"__uuid__":"f3popwMB9DoJfgrabk1X/x"}},{"__type__":"cc.Button","node":{"__id__":46},"clickEvents":[{"__type__":"cc.ClickEvent","target":{"__id__":2},"component":"FinishScene","handler":"onSavePicClicked"}],"_N$target":{"__id__":46}}],"_contentSize":{"__type__":"cc.Size","width":81,"height":81},"_position":{"__type__":"cc.Vec3","x":240,"y":457},"_scale":{"__type__":"cc.Vec3","x":1,"y":1,"z":1}},{"__type__":"cc.Node","_name":"advertise","_parent":{"__id__":2},"_level":1,"_components":[{"__type__":"cc.Label","node":{"__id__":47},"_srcBlendFactor":1,"_useOriginalSize":false,"_string":"”三十岁成为大佬“ 扫码 看你能不能当大佬","_N$string":"”三十岁成为大佬“ 扫码 看你能不能当大佬","_fontSize":22,"_N$horizontalAlign":1,"_N$verticalAlign":1}],"_contentSize":{"__type__":"cc.Size","width":400.88,"height":40},"_position":{"__type__":"cc.Vec3","x":-85,"y":525},"_scale":{"__type__":"cc.Vec3","x":1,"y":1,"z":1}},{"__type__":"cc.Node","_name":"QRcodeBg","_parent":{"__id__":2},"_children":[{"__id__":49}],"_level":1,"_components":[{"__type__":"cc.Sprite","node":{"__id__":48},"_spriteFrame":{"__uuid__":"d7LA0bORBFQYpwiU2ddQuy"}}],"_contentSize":{"__type__":"cc.Size","width":90,"height":99},"_position":{"__type__":"cc.Vec3","x":240,"y":457},"_scale":{"__type__":"cc.Vec3","x":1,"y":1,"z":1}},{"__type__":"cc.Node","_name":"codePic","_parent":{"__id__":48},"_level":2,"_components":[{"__type__":"cc.Sprite","node":{"__id__":49},"_spriteFrame":{"__uuid__":"7a6e/7jAxG/6QM6rFl6ZVn"},"_sizeMode":0}],"_contentSize":{"__type__":"cc.Size","width":90,"height":99},"_scale":{"__type__":"cc.Vec3","x":1,"y":1,"z":1}},{"__type__":"cc.Node","_name":"userinfo","_parent":{"__id__":2},"_children":[{"__id__":51},{"__id__":53}],"_level":2,"_position":{"__type__":"cc.Vec3","x":-239,"y":440},"_scale":{"__type__":"cc.Vec3","x":1,"y":1,"z":1}},{"__type__":"cc.Node","_name":"name","_parent":{"__id__":50},"_level":3,"_components":[{"__id__":52}],"_color":{"__type__":"cc.Color","r":115,"g":119,"b":150},"_contentSize":{"__type__":"cc.Size","width":140,"height":40},"_anchorPoint":{"__type__":"cc.Vec2","y":0.5},"_position":{"__type__":"cc.Vec3","x":48.1,"y":25.5},"_scale":{"__type__":"cc.Vec3","x":1,"y":1,"z":1}},{"__type__":"cc.Label","node":{"__id__":51},"_srcBlendFactor":1,"_useOriginalSize":false,"_string":"番茄暴打西红柿","_N$string":"番茄暴打西红柿","_fontSize":20,"_N$verticalAlign":1},{"__type__":"cc.Node","_name":"node","_parent":{"__id__":50},"_children":[{"__id__":54}],"_level":3,"_components":[{"__type__":"cc.Mask","node":{"__id__":53},"_type":1}],"_contentSize":{"__type__":"cc.Size","width":66,"height":66},"_scale":{"__type__":"cc.Vec3","x":1,"y":1,"z":1}},{"__type__":"cc.Node","_name":"avataSprite","_parent":{"__id__":53},"_level":4,"_components":[{"__id__":55}],"_contentSize":{"__type__":"cc.Size","width":40,"height":36},"_scale":{"__type__":"cc.Vec3","x":1,"y":1,"z":1}},{"__type__":"cc.Sprite","node":{"__id__":54},"_spriteFrame":{"__uuid__":"8c20Sso/ZEn7NUfNSM+EBh"}},{"__type__":"cc.Node","_name":"scorelabel","_parent":{"__id__":2},"_level":2,"_components":[{"__id__":57}],"_color":{"__type__":"cc.Color","r":255,"g":22,"b":22},"_contentSize":{"__type__":"cc.Size","width":130.8,"height":40},"_anchorPoint":{"__type__":"cc.Vec2","y":0.5},"_position":{"__type__":"cc.Vec3","x":-115,"y":-431},"_scale":{"__type__":"cc.Vec3","x":1,"y":1,"z":1}},{"__type__":"cc.Label","node":{"__id__":56},"_srcBlendFactor":1,"_useOriginalSize":false,"_string":"111122","_N$string":"111122","_fontSize":42,"_N$verticalAlign":1},{"__type__":"cc.Node","_name":"ranklabel","_parent":{"__id__":2},"_level":2,"_components":[{"__id__":59}],"_color":{"__type__":"cc.Color","r":255,"g":22,"b":22},"_contentSize":{"__type__":"cc.Size","width":23.36,"height":40},"_position":{"__type__":"cc.Vec3","x":202,"y":-431},"_scale":{"__type__":"cc.Vec3","x":1,"y":1,"z":1}},{"__type__":"cc.Label","node":{"__id__":58},"_srcBlendFactor":1,"_useOriginalSize":false,"_string":"2","_N$string":"2","_fontSize":42,"_N$horizontalAlign":1,"_N$verticalAlign":1},{"__type__":"cc.Node","_name":"ending","_parent":{"__id__":2},"_level":2,"_components":[{"__id__":61}],"_color":{"__type__":"cc.Color","r":51,"g":55,"b":85},"_contentSize":{"__type__":"cc.Size","width":500,"height":280},"_anchorPoint":{"__type__":"cc.Vec2","y":1},"_position":{"__type__":"cc.Vec3","x":-255,"y":-116},"_scale":{"__type__":"cc.Vec3","x":1,"y":1,"z":1}},{"__type__":"cc.Label","node":{"__id__":60},"_srcBlendFactor":1,"_useOriginalSize":false,"_fontSize":22,"_N$overflow":1},{"__type__":"cc.Node","_name":"friendbtn","_parent":{"__id__":1},"_level":1,"_components":[{"__type__":"cc.Sprite","node":{"__id__":62},"_spriteFrame":{"__uuid__":"53lK4htH9JgpcKLvF2zK0C"}},{"__type__":"cc.Button","node":{"__id__":62},"clickEvents":[{"__type__":"cc.ClickEvent","target":{"__id__":2},"component":"FinishScene","handler":"friendRank"}],"_N$target":{"__id__":62}}],"_contentSize":{"__type__":"cc.Size","width":145,"height":58},"_position":{"__type__":"cc.Vec3","x":408,"y":57},"_scale":{"__type__":"cc.Vec3","x":1,"y":1,"z":1},"_id":"43BksgmeRFDKTzmML14mLK"},{"__type__":"cc.Node","_name":"totalbtn","_parent":{"__id__":1},"_level":1,"_components":[{"__type__":"cc.Sprite","node":{"__id__":63},"_spriteFrame":{"__uuid__":"09iJVTf/ZFNJzkzsPYaGBQ"}},{"__type__":"cc.Button","node":{"__id__":63},"clickEvents":[{"__type__":"cc.ClickEvent","target":{"__id__":2},"component":"FinishScene","handler":"totalRank"}],"_N$target":{"__id__":63}}],"_contentSize":{"__type__":"cc.Size","width":125,"height":58},"_position":{"__type__":"cc.Vec3","x":550,"y":57},"_scale":{"__type__":"cc.Vec3","x":1,"y":1,"z":1},"_id":"c1+KiqQ3RHGr5fLLvqA0xK"}],{"__type__":"cc.SpriteFrame","content":{"name":"QRcodeBg","texture":"1bd732664","rect":[707,923,90,99],"offset":[0,0],"originalSize":[90,99]}},{"__type__":"cc.SpriteFrame","content":{"name":"savepic","texture":"178abc183","rect":[676,886,81,81],"offset":[0,0],"originalSize":[81,81]}}]