[{"__type__":"cc.SpriteFrame","content":{"name":"rankingDottedLine","texture":"14a1c60ae","rect":[980,493,514,1],"offset":[0,0],"originalSize":[514,1],"rotated":1}},{"__type__":"cc.SpriteFrame","content":{"name":"title2","texture":"178abc183","rect":[792,575,174,82],"offset":[0,2],"originalSize":[174,86]}},{"__type__":"cc.SpriteFrame","content":{"name":"rankingGroup","texture":"1fb4a8873","rect":[946,2,238,74],"offset":[0,0],"originalSize":[238,74],"rotated":1}},{"__type__":"cc.SpriteFrame","content":{"name":"normalbg","texture":"24ubN/e2dDXbmdl2D5avQY","rect":[0,0,640,1136],"offset":[0,0],"originalSize":[640,1136]}},{"__type__":"cc.SpriteFrame","content":{"name":"leave","texture":"178abc183","rect":[898,2,191,79],"offset":[0,0],"originalSize":[191,79],"rotated":1}},{"__type__":"cc.SpriteFrame","content":{"name":"todo","texture":"1fb4a8873","rect":[966,466,51,51],"offset":[0,0],"originalSize":[51,51]}},[{"__type__":"cc.SceneAsset","_name":"RankingScene","scene":{"__id__":1},"asyncLoadAssets":null},{"__type__":"cc.Scene","_name":"New Node","_children":[{"__id__":2}],"_anchorPoint":{"__type__":"cc.Vec2"},"_scale":{"__type__":"cc.Vec3","x":0.4639084507042254,"y":0.4639084507042254,"z":1},"autoReleaseAssets":false},{"__type__":"cc.Node","_name":"Canvas","_parent":{"__id__":1},"_children":[{"__id__":3},{"__id__":4},{"__id__":17},{"__id__":18}],"_level":1,"_components":[{"__type__":"cc.Canvas","node":{"__id__":2},"_designResolution":{"__type__":"cc.Size","width":640,"height":1136},"_fitWidth":true,"_fitHeight":false},{"__type__":"61338nRyvpNbrvA25V7lw1V","node":{"__id__":2},"rankCanvas":{"__id__":23},"slideNode":{"__id__":15},"close":{"__id__":17},"n":{"__id__":16},"details":{"__uuid__":"93DwkkrupKspUZzmVEcUM1"}}],"_contentSize":{"__type__":"cc.Size","width":640,"height":1136},"_position":{"__type__":"cc.Vec3","x":320,"y":568},"_scale":{"__type__":"cc.Vec3","x":1,"y":1,"z":1},"_id":"71QnyG8l5A5qVpU+qRM9gt"},{"__type__":"cc.Node","_name":"Main Camera","_parent":{"__id__":2},"_level":1,"_components":[{"__type__":"cc.Camera","node":{"__id__":3},"_depth":-1}],"_scale":{"__type__":"cc.Vec3","x":1,"y":1,"z":1}},{"__type__":"cc.Node","_name":"mainbg","_parent":{"__id__":2},"_children":[{"__id__":5},{"__id__":10},{"__id__":11},{"__id__":12},{"__id__":13},{"__id__":14},{"__id__":15}],"_level":1,"_components":[{"__type__":"cc.Sprite","node":{"__id__":4},"_spriteFrame":{"__uuid__":"18N3NegzBMk6HiDLP7eV3e"},"_sizeMode":0}],"_contentSize":{"__type__":"cc.Size","width":640,"height":1136},"_scale":{"__type__":"cc.Vec3","x":1,"y":1,"z":1}},{"__type__":"cc.Node","_name":"declining_BG","_parent":{"__id__":4},"_children":[{"__id__":6},{"__id__":8}],"_level":2,"_components":[{"__type__":"cc.Sprite","node":{"__id__":5},"_spriteFrame":{"__uuid__":"edkQ/PpiZPsYHjBoK1+RRj"}}],"_contentSize":{"__type__":"cc.Size","width":619,"height":945},"_scale":{"__type__":"cc.Vec3","x":1,"y":1,"z":1}},{"__type__":"cc.Node","_name":"title","_parent":{"__id__":5},"_children":[{"__id__":7}],"_level":3,"_components":[{"__type__":"cc.Sprite","node":{"__id__":6},"_spriteFrame":{"__uuid__":"03VMz7B2RGM4Sy0X7Nfnoi"}}],"_contentSize":{"__type__":"cc.Size","width":174,"height":82},"_position":{"__type__":"cc.Vec3","x":-233,"y":467},"_scale":{"__type__":"cc.Vec3","x":1,"y":1,"z":1}},{"__type__":"cc.Node","_name":"New Label","_parent":{"__id__":6},"_level":3,"_components":[{"__type__":"cc.Label","node":{"__id__":7},"_srcBlendFactor":1,"_useOriginalSize":false,"_string":"最强社会人排行","_N$string":"最强社会人排行","_N$horizontalAlign":1,"_N$verticalAlign":1,"_N$fontFamily":"NotoSansHans-Regular"}],"_contentSize":{"__type__":"cc.Size","width":280,"height":40},"_position":{"__type__":"cc.Vec3","x":84,"y":8},"_scale":{"__type__":"cc.Vec3","x":1,"y":1,"z":1},"_rotationX":-7,"_rotationY":-7,"_quat":{"__type__":"cc.Quat","z":0.06104853953485687,"w":0.9981347984218669}},{"__type__":"cc.Node","_name":"rankingGroup","_parent":{"__id__":5},"_children":[{"__id__":9}],"_level":3,"_components":[{"__type__":"cc.Sprite","node":{"__id__":8},"_spriteFrame":{"__uuid__":"14Nqmxu1ZNAbjQjHDrrMqu"}},{"__type__":"cc.Button","node":{"__id__":8},"clickEvents":[{"__type__":"cc.ClickEvent","target":{"__id__":2},"component":"RankingScene","handler":"onGroupShare"}],"_N$target":{"__id__":8}}],"_contentSize":{"__type__":"cc.Size","width":238,"height":74},"_position":{"__type__":"cc.Vec3","y":-390},"_scale":{"__type__":"cc.Vec3","x":1,"y":1,"z":1}},{"__type__":"cc.Node","_name":"New Label","_parent":{"__id__":8},"_level":4,"_components":[{"__type__":"cc.Label","node":{"__id__":9},"_srcBlendFactor":1,"_useOriginalSize":false,"_string":"分享查看群排行","_N$string":"分享查看群排行","_fontSize":26,"_N$horizontalAlign":1,"_N$verticalAlign":1,"_N$fontFamily":"NotoSansHans-Regular"},{"__type__":"cc.Button","node":{"__id__":9},"clickEvents":[{"__type__":"cc.ClickEvent","target":{"__id__":2},"component":"RankingScene","handler":"onGroupShare"}],"_N$target":{"__id__":9}}],"_contentSize":{"__type__":"cc.Size","width":182,"height":40},"_position":{"__type__":"cc.Vec3","y":5.684341886080802e-14},"_scale":{"__type__":"cc.Vec3","x":1,"y":1,"z":1}},{"__type__":"cc.Node","_name":"leave","_parent":{"__id__":4},"_level":2,"_components":[{"__type__":"cc.Sprite","node":{"__id__":10},"_spriteFrame":{"__uuid__":"30XiAkCYlKyJerx6MDnqcH"}},{"__type__":"cc.Button","node":{"__id__":10},"clickEvents":[{"__type__":"cc.ClickEvent","target":{"__id__":2},"component":"RankingScene","handler":"onLeave"}],"_N$target":{"__id__":10}}],"_contentSize":{"__type__":"cc.Size","width":191,"height":79},"_position":{"__type__":"cc.Vec3","x":224.5,"y":-508.5},"_scale":{"__type__":"cc.Vec3","x":1,"y":1,"z":1}},{"__type__":"cc.Node","_name":"New Label","_parent":{"__id__":4},"_level":2,"_components":[{"__type__":"cc.Label","node":{"__id__":11},"_srcBlendFactor":1,"_useOriginalSize":false,"_string":"好友周排行","_N$string":"好友周排行","_fontSize":28,"_N$horizontalAlign":1,"_N$verticalAlign":1,"_N$fontFamily":"NotoSansHans-Regular"},{"__type__":"cc.Widget","node":{"__id__":11},"_alignFlags":9,"_left":110,"_top":180}],"_contentSize":{"__type__":"cc.Size","width":140,"height":40},"_position":{"__type__":"cc.Vec3","x":-140,"y":368},"_scale":{"__type__":"cc.Vec3","x":1,"y":1,"z":1}},{"__type__":"cc.Node","_name":"New Label","_parent":{"__id__":4},"_level":2,"_components":[{"__type__":"cc.Label","node":{"__id__":12},"_srcBlendFactor":1,"_useOriginalSize":false,"_string":"社会值","_N$string":"社会值","_fontSize":28,"_N$horizontalAlign":1,"_N$verticalAlign":1,"_N$fontFamily":"NotoSansHans-Regular"},{"__type__":"cc.Widget","node":{"__id__":12},"_alignFlags":9,"_left":418,"_top":180}],"_contentSize":{"__type__":"cc.Size","width":84,"height":40},"_position":{"__type__":"cc.Vec3","x":140,"y":368},"_scale":{"__type__":"cc.Vec3","x":1,"y":1,"z":1}},{"__type__":"cc.Node","_name":"rankingDottedLine","_parent":{"__id__":4},"_level":2,"_components":[{"__type__":"cc.Sprite","node":{"__id__":13},"_spriteFrame":{"__uuid__":"02JJADuYlIiKnOaJmxmOE7"}},{"__type__":"cc.Widget","node":{"__id__":13},"_alignFlags":17,"_top":244}],"_contentSize":{"__type__":"cc.Size","width":514,"height":1},"_position":{"__type__":"cc.Vec3","y":323.5},"_scale":{"__type__":"cc.Vec3","x":1,"y":1,"z":1}},{"__type__":"cc.Node","_name":"rankingDottedLine","_parent":{"__id__":4},"_level":2,"_components":[{"__type__":"cc.Sprite","node":{"__id__":14},"_spriteFrame":{"__uuid__":"02JJADuYlIiKnOaJmxmOE7"}},{"__type__":"cc.Widget","node":{"__id__":14},"_alignFlags":20,"_top":731.5,"_bottom":316}],"_contentSize":{"__type__":"cc.Size","width":514,"height":1},"_position":{"__type__":"cc.Vec3","y":-251.5},"_scale":{"__type__":"cc.Vec3","x":1,"y":1,"z":1}},{"__type__":"cc.Node","_name":"slideNode","_parent":{"__id__":4},"_children":[{"__id__":16}],"_level":2,"_components":[{"__type__":"cc.Mask","node":{"__id__":15}}],"_contentSize":{"__type__":"cc.Size","width":640,"height":575},"_position":{"__type__":"cc.Vec3","y":37},"_scale":{"__type__":"cc.Vec3","x":1,"y":1,"z":1}},{"__type__":"cc.Node","_name":"n","_parent":{"__id__":15},"_level":3,"_components":[{"__type__":"cc.Layout","node":{"__id__":16},"_layoutSize":{"__type__":"cc.Size","width":640,"height":575},"_N$layoutType":2,"_N$startAxis":1,"_N$paddingLeft":530,"_N$paddingTop":40,"_N$spacingX":10000,"_N$spacingY":48}],"_contentSize":{"__type__":"cc.Size","width":640,"height":575},"_anchorPoint":{"__type__":"cc.Vec2","x":0.5,"y":1},"_position":{"__type__":"cc.Vec3","y":286},"_scale":{"__type__":"cc.Vec3","x":1,"y":1,"z":1}},{"__type__":"cc.Node","_name":"closeAlert","_parent":{"__id__":2},"_active":false,"_level":2,"_components":[{"__type__":"cc.Button","node":{"__id__":17},"clickEvents":[{"__type__":"cc.ClickEvent","target":{"__id__":2},"component":"RankingScene","handler":"closeAlert"}],"_N$target":{"__id__":17}}],"_contentSize":{"__type__":"cc.Size","width":640,"height":1136},"_scale":{"__type__":"cc.Vec3","x":1,"y":1,"z":1}},{"__type__":"cc.Node","_name":"rankCanvas","_parent":{"__id__":2},"_children":[{"__id__":19},{"__id__":20},{"__id__":21},{"__id__":22}],"_level":1,"_components":[null,{"__id__":23}],"_contentSize":{"__type__":"cc.Size","width":640,"height":680},"_position":{"__type__":"cc.Vec3","y":-16},"_scale":{"__type__":"cc.Vec3","x":1,"y":1,"z":1}},{"__type__":"cc.Node","_name":"todo","_parent":{"__id__":18},"_active":false,"_level":2,"_components":[{"__type__":"cc.Sprite","node":{"__id__":19},"_spriteFrame":{"__uuid__":"5fjM5hXdBOI7uBhBx2ao5u"},"_sizeMode":0}],"_contentSize":{"__type__":"cc.Size","width":27,"height":31},"_position":{"__type__":"cc.Vec3","x":241,"y":271},"_scale":{"__type__":"cc.Vec3","x":1,"y":1,"z":1}},{"__type__":"cc.Node","_name":"todo","_parent":{"__id__":18},"_active":false,"_level":2,"_components":[{"__type__":"cc.Sprite","node":{"__id__":20},"_spriteFrame":{"__uuid__":"5fjM5hXdBOI7uBhBx2ao5u"},"_sizeMode":0}],"_contentSize":{"__type__":"cc.Size","width":27,"height":31},"_position":{"__type__":"cc.Vec3","x":241,"y":163},"_scale":{"__type__":"cc.Vec3","x":1,"y":1,"z":1}},{"__type__":"cc.Node","_name":"todo","_parent":{"__id__":18},"_active":false,"_level":2,"_components":[{"__type__":"cc.Sprite","node":{"__id__":21},"_spriteFrame":{"__uuid__":"5fjM5hXdBOI7uBhBx2ao5u"},"_sizeMode":0}],"_contentSize":{"__type__":"cc.Size","width":27,"height":31},"_position":{"__type__":"cc.Vec3","x":241,"y":55},"_scale":{"__type__":"cc.Vec3","x":1,"y":1,"z":1}},{"__type__":"cc.Node","_name":"todo","_parent":{"__id__":18},"_active":false,"_level":2,"_components":[{"__type__":"cc.Sprite","node":{"__id__":22},"_spriteFrame":{"__uuid__":"5fjM5hXdBOI7uBhBx2ao5u"},"_sizeMode":0}],"_contentSize":{"__type__":"cc.Size","width":27,"height":31},"_position":{"__type__":"cc.Vec3","x":241,"y":-53},"_scale":{"__type__":"cc.Vec3","x":1,"y":1,"z":1}},{"__type__":"cc.Sprite","node":{"__id__":18},"_type":1,"_sizeMode":0}],[{"__type__":"cc.Prefab","_name":"details","data":{"__id__":1}},{"__type__":"cc.Node","_name":"details","_level":1,"_components":[{"__type__":"f42d37wH19NEb/e2pp4e7pB","node":{"__id__":1}},{"__type__":"cc.Sprite","node":{"__id__":1},"_sizeMode":0},{"__type__":"cc.Button","node":{"__id__":1},"clickEvents":[{"__type__":"cc.ClickEvent","target":{"__id__":1},"component":"Details","handler":"onClick"}],"_N$target":{"__id__":1}}],"_prefab":{"__type__":"cc.PrefabInfo","root":{"__id__":1},"asset":{"__uuid__":"93DwkkrupKspUZzmVEcUM1"},"fileId":"93Dj//TGVA4pDotxqDWSXi"},"_contentSize":{"__type__":"cc.Size","width":60,"height":60},"_position":{"__type__":"cc.Vec3","x":240,"y":-70},"_scale":{"__type__":"cc.Vec3","x":1,"y":1,"z":1}}],{"__type__":"cc.SpriteFrame","content":{"name":"declining_BG","texture":"1d3a87338","rect":[2,2,619,945],"offset":[0,0],"originalSize":[619,945]}}]