[{"__type__":"cc.SpriteFrame","content":{"name":"title2","texture":"178abc183","rect":[792,575,174,82],"offset":[0,2],"originalSize":[174,86]}},{"__type__":"cc.SpriteFrame","content":{"name":"normalbg","texture":"24ubN/e2dDXbmdl2D5avQY","rect":[0,0,640,1136],"offset":[0,0],"originalSize":[640,1136]}},[{"__type__":"cc.SceneAsset","_name":"LotteryScene","scene":{"__id__":1},"asyncLoadAssets":null},{"__type__":"cc.Scene","_name":"New Node","_children":[{"__id__":2}],"_anchorPoint":{"__type__":"cc.Vec2"},"_scale":{"__type__":"cc.Vec3","x":0.4639084507042254,"y":0.4639084507042254,"z":1},"autoReleaseAssets":false},{"__type__":"cc.Node","_name":"Canvas","_parent":{"__id__":1},"_children":[{"__id__":3},{"__id__":4},{"__id__":18}],"_components":[{"__type__":"cc.Canvas","node":{"__id__":2},"_designResolution":{"__type__":"cc.Size","width":640,"height":1136},"_fitWidth":true,"_fitHeight":false},{"__type__":"5c50flqSX5E6bAGZHVbP1/7","node":{"__id__":2},"wallet":{"__id__":10},"result":{"__id__":12},"btnGray":{"__id__":17},"detail":{"__id__":18}}],"_contentSize":{"__type__":"cc.Size","width":640,"height":1136},"_position":{"__type__":"cc.Vec3","x":320,"y":568},"_scale":{"__type__":"cc.Vec3","x":1,"y":1,"z":1},"_id":"71QnyG8l5A5qVpU+qRM9gt"},{"__type__":"cc.Node","_name":"Main Camera","_parent":{"__id__":2},"_level":1,"_components":[{"__type__":"cc.Camera","node":{"__id__":3},"_clearFlags":7,"_depth":-1}],"_scale":{"__type__":"cc.Vec3","x":1,"y":1,"z":1}},{"__type__":"cc.Node","_name":"mainbg","_parent":{"__id__":2},"_children":[{"__id__":5},{"__id__":13},{"__id__":14},{"__id__":15},{"__id__":16}],"_level":1,"_components":[{"__type__":"cc.Sprite","node":{"__id__":4},"_spriteFrame":{"__uuid__":"18N3NegzBMk6HiDLP7eV3e"}}],"_contentSize":{"__type__":"cc.Size","width":640,"height":1136},"_scale":{"__type__":"cc.Vec3","x":1,"y":1,"z":1}},{"__type__":"cc.Node","_name":"lotteryBg","_parent":{"__id__":4},"_children":[{"__id__":6},{"__id__":9},{"__id__":11}],"_level":2,"_components":[{"__type__":"cc.Sprite","node":{"__id__":5},"_spriteFrame":{"__uuid__":"b2nokyZONH5JdqxaDn7lku"}}],"_contentSize":{"__type__":"cc.Size","width":599,"height":694},"_position":{"__type__":"cc.Vec3","y":125},"_scale":{"__type__":"cc.Vec3","x":1,"y":1,"z":1}},{"__type__":"cc.Node","_name":"title","_parent":{"__id__":5},"_children":[{"__id__":7},{"__id__":8}],"_level":3,"_components":[{"__type__":"cc.Sprite","node":{"__id__":6},"_spriteFrame":{"__uuid__":"03VMz7B2RGM4Sy0X7Nfnoi"}},{"__type__":"cc.Button","node":{"__id__":6},"clickEvents":[{"__type__":"cc.ClickEvent","target":{"__id__":2},"component":"LotteryScene","handler":"onDetail"}],"_N$target":{"__id__":6}}],"_contentSize":{"__type__":"cc.Size","width":174,"height":82},"_position":{"__type__":"cc.Vec3","x":-233,"y":357},"_scale":{"__type__":"cc.Vec3","x":1,"y":1,"z":1}},{"__type__":"cc.Node","_name":"tips","_parent":{"__id__":6},"_level":4,"_components":[{"__type__":"cc.Sprite","node":{"__id__":7},"_spriteFrame":{"__uuid__":"99AlEdAfFJS5iMJQN/WYSt"}}],"_contentSize":{"__type__":"cc.Size","width":27,"height":27},"_position":{"__type__":"cc.Vec3","x":59.5,"y":7.5},"_scale":{"__type__":"cc.Vec3","x":1,"y":1,"z":1}},{"__type__":"cc.Node","_name":"New Label","_parent":{"__id__":6},"_level":4,"_components":[{"__type__":"cc.Label","node":{"__id__":8},"_srcBlendFactor":1,"_useOriginalSize":false,"_string":"彩票","_N$string":"彩票","_N$horizontalAlign":1,"_N$verticalAlign":1,"_N$fontFamily":"NotoSansHans-Regular"}],"_contentSize":{"__type__":"cc.Size","width":80,"height":40},"_scale":{"__type__":"cc.Vec3","x":1,"y":1,"z":1},"_rotationX":-8,"_rotationY":-8,"_quat":{"__type__":"cc.Quat","z":0.0697564737441253,"w":0.9975640502598242}},{"__type__":"cc.Node","_name":"wallet","_parent":{"__id__":5},"_level":3,"_components":[{"__id__":10}],"_contentSize":{"__type__":"cc.Size","width":72,"height":40},"_anchorPoint":{"__type__":"cc.Vec2","y":0.5},"_position":{"__type__":"cc.Vec3","x":-270,"y":280.5},"_scale":{"__type__":"cc.Vec3","x":1,"y":1,"z":1}},{"__type__":"cc.Label","node":{"__id__":9},"_srcBlendFactor":1,"_useOriginalSize":false,"_string":"钱包：","_N$string":"钱包：","_fontSize":24,"_N$horizontalAlign":1,"_N$verticalAlign":1,"_N$fontFamily":"NotoSansHans-Regular"},{"__type__":"cc.Node","_name":"result","_parent":{"__id__":5},"_level":3,"_components":[{"__id__":12}],"_color":{"__type__":"cc.Color","r":70,"g":70,"b":97},"_contentSize":{"__type__":"cc.Size","width":120,"height":40},"_position":{"__type__":"cc.Vec3","y":-250},"_scale":{"__type__":"cc.Vec3","x":1,"y":1,"z":1}},{"__type__":"cc.Label","node":{"__id__":11},"_srcBlendFactor":1,"_useOriginalSize":false,"_string":"准备开奖","_N$string":"准备开奖","_fontSize":30,"_N$horizontalAlign":1,"_N$verticalAlign":1,"_N$fontFamily":"NotoSansHans-Regular"},{"__type__":"cc.Node","_name":"lotteryBtn","_parent":{"__id__":4},"_level":2,"_components":[{"__type__":"cc.Sprite","node":{"__id__":13},"_spriteFrame":{"__uuid__":"39qe0wqPpPU4j3JP8NCspt"}},{"__type__":"cc.Button","node":{"__id__":13},"clickEvents":[{"__type__":"cc.ClickEvent","target":{"__id__":2},"component":"LotteryScene","handler":"onBuyLottery"}],"_N$target":{"__id__":13}}],"_contentSize":{"__type__":"cc.Size","width":304,"height":101},"_position":{"__type__":"cc.Vec3","y":-291.5},"_scale":{"__type__":"cc.Vec3","x":1,"y":1,"z":1}},{"__type__":"cc.Node","_name":"lotteryImproveLuck","_parent":{"__id__":4},"_level":2,"_components":[{"__type__":"cc.Sprite","node":{"__id__":14},"_spriteFrame":{"__uuid__":"591ivIqINKG59Y/zp556hY"}},{"__type__":"cc.Button","node":{"__id__":14},"clickEvents":[{"__type__":"cc.ClickEvent","target":{"__id__":2},"component":"LotteryScene","handler":"onImproveLuck"}],"_N$target":{"__id__":14}}],"_contentSize":{"__type__":"cc.Size","width":134,"height":166},"_position":{"__type__":"cc.Vec3","x":-228,"y":-456},"_scale":{"__type__":"cc.Vec3","x":1,"y":1,"z":1}},{"__type__":"cc.Node","_name":"leave","_parent":{"__id__":4},"_level":2,"_components":[{"__type__":"cc.Sprite","node":{"__id__":15},"_spriteFrame":{"__uuid__":"30XiAkCYlKyJerx6MDnqcH"}},{"__type__":"cc.Button","node":{"__id__":15},"clickEvents":[{"__type__":"cc.ClickEvent","target":{"__id__":2},"component":"LotteryScene","handler":"onLeave"}],"_N$target":{"__id__":15}}],"_contentSize":{"__type__":"cc.Size","width":191,"height":79},"_position":{"__type__":"cc.Vec3","x":224.5,"y":-508.5},"_scale":{"__type__":"cc.Vec3","x":1,"y":1,"z":1}},{"__type__":"cc.Node","_name":"lotteryBtnGray","_parent":{"__id__":4},"_active":false,"_level":2,"_components":[{"__id__":17}],"_contentSize":{"__type__":"cc.Size","width":304,"height":101},"_position":{"__type__":"cc.Vec3","y":-291.5},"_scale":{"__type__":"cc.Vec3","x":1,"y":1,"z":1}},{"__type__":"cc.Sprite","node":{"__id__":16},"_spriteFrame":{"__uuid__":"67LI9xVz1AVqgPEcS9uSOw"}},{"__type__":"cc.Node","_name":"detail","_parent":{"__id__":2},"_children":[{"__id__":19},{"__id__":20},{"__id__":27}],"_active":false,"_level":1,"_contentSize":{"__type__":"cc.Size","width":640,"height":1136},"_scale":{"__type__":"cc.Vec3","x":1,"y":1,"z":1}},{"__type__":"cc.Node","_name":"shade","_parent":{"__id__":18},"_level":2,"_components":[{"__type__":"cc.Sprite","node":{"__id__":19},"_spriteFrame":{"__uuid__":"293QrN8z5Alo+a4+CD5VyE"},"_sizeMode":0},{"__type__":"cc.Button","node":{"__id__":19},"_N$target":{"__id__":19}}],"_contentSize":{"__type__":"cc.Size","width":640,"height":1136},"_scale":{"__type__":"cc.Vec3","x":1,"y":1,"z":1}},{"__type__":"cc.Node","_name":"plot_Popup","_parent":{"__id__":18},"_children":[{"__id__":21},{"__id__":22},{"__id__":23},{"__id__":24},{"__id__":25},{"__id__":26}],"_level":2,"_components":[{"__type__":"cc.Sprite","node":{"__id__":20},"_spriteFrame":{"__uuid__":"8cIMIuzhZPhJHjP57uOLUm"}}],"_contentSize":{"__type__":"cc.Size","width":558,"height":858},"_position":{"__type__":"cc.Vec3","y":-34},"_scale":{"__type__":"cc.Vec3","x":1,"y":1,"z":1}},{"__type__":"cc.Node","_name":"New Label","_parent":{"__id__":20},"_level":3,"_components":[{"__type__":"cc.Label","node":{"__id__":21},"_srcBlendFactor":1,"_useOriginalSize":false,"_string":"彩票概率说明","_N$string":"彩票概率说明","_fontSize":28,"_N$horizontalAlign":1,"_N$verticalAlign":1,"_N$fontFamily":"微软雅黑"}],"_color":{"__type__":"cc.Color","r":255,"g":41,"b":41},"_contentSize":{"__type__":"cc.Size","width":168,"height":40},"_position":{"__type__":"cc.Vec3","y":367},"_scale":{"__type__":"cc.Vec3","x":1,"y":1,"z":1}},{"__type__":"cc.Node","_name":"dottedLine","_parent":{"__id__":20},"_level":3,"_components":[{"__type__":"cc.Sprite","node":{"__id__":22},"_spriteFrame":{"__uuid__":"f1u4OwMydK0r+/yjoVASdf"}}],"_contentSize":{"__type__":"cc.Size","width":448,"height":1},"_position":{"__type__":"cc.Vec3","y":328},"_scale":{"__type__":"cc.Vec3","x":1,"y":1,"z":1}},{"__type__":"cc.Node","_name":"New Label","_parent":{"__id__":20},"_level":3,"_components":[{"__type__":"cc.Label","node":{"__id__":23},"_srcBlendFactor":1,"_useOriginalSize":false,"_string":"一等奖当前概率百万分之一，奖金五千万\n二等奖当前概率十万分之一，奖金五百万\n三等奖当前概率万分之一，奖金五十万\n四等奖当前概率千分之一，奖金五万\n五等奖概率百分之一，奖金五千\n六等奖概率十分之一，奖金五百","_N$string":"一等奖当前概率百万分之一，奖金五千万\n二等奖当前概率十万分之一，奖金五百万\n三等奖当前概率万分之一，奖金五十万\n四等奖当前概率千分之一，奖金五万\n五等奖概率百分之一，奖金五千\n六等奖概率十分之一，奖金五百","_fontSize":26,"_N$verticalAlign":1,"_N$fontFamily":"微软雅黑"}],"_color":{"__type__":"cc.Color","r":51,"g":51,"b":51},"_contentSize":{"__type__":"cc.Size","width":468,"height":240},"_position":{"__type__":"cc.Vec3","y":186},"_scale":{"__type__":"cc.Vec3","x":1,"y":1,"z":1}},{"__type__":"cc.Node","_name":"dottedLine","_parent":{"__id__":20},"_level":3,"_components":[{"__type__":"cc.Sprite","node":{"__id__":24},"_spriteFrame":{"__uuid__":"f1u4OwMydK0r+/yjoVASdf"}}],"_contentSize":{"__type__":"cc.Size","width":448,"height":1},"_position":{"__type__":"cc.Vec3","y":-46},"_scale":{"__type__":"cc.Vec3","x":1,"y":1,"z":1}},{"__type__":"cc.Node","_name":"New Label","_parent":{"__id__":20},"_level":3,"_components":[{"__type__":"cc.Label","node":{"__id__":25},"_srcBlendFactor":1,"_useOriginalSize":false,"_string":"邀请好友概率提升","_N$string":"邀请好友概率提升","_fontSize":28,"_N$horizontalAlign":1,"_N$verticalAlign":1,"_N$fontFamily":"微软雅黑"}],"_color":{"__type__":"cc.Color","r":255,"g":41,"b":41},"_contentSize":{"__type__":"cc.Size","width":224,"height":40},"_position":{"__type__":"cc.Vec3","y":6},"_scale":{"__type__":"cc.Vec3","x":1,"y":1,"z":1}},{"__type__":"cc.Node","_name":"New Label","_parent":{"__id__":20},"_level":3,"_components":[{"__type__":"cc.Label","node":{"__id__":26},"_srcBlendFactor":1,"_useOriginalSize":false,"_string":"邀请一个好友，四等奖概率提升到千分之五\n邀请三个好友，三等奖概率提升到千分之二\n邀请五个好友，二等奖概率提升到千分之一\n邀请十个好友，一等奖概率提升到万文之一","_N$string":"邀请一个好友，四等奖概率提升到千分之五\n邀请三个好友，三等奖概率提升到千分之二\n邀请五个好友，二等奖概率提升到千分之一\n邀请十个好友，一等奖概率提升到万文之一","_fontSize":26,"_N$horizontalAlign":1,"_N$verticalAlign":1,"_N$fontFamily":"微软雅黑"}],"_color":{"__type__":"cc.Color","r":51,"g":51,"b":51},"_contentSize":{"__type__":"cc.Size","width":494,"height":160},"_position":{"__type__":"cc.Vec3","y":-157},"_scale":{"__type__":"cc.Vec3","x":1,"y":1,"z":1}},{"__type__":"cc.Node","_name":"close","_parent":{"__id__":18},"_level":2,"_components":[{"__type__":"cc.Sprite","node":{"__id__":27},"_spriteFrame":{"__uuid__":"64n7a/1NtJqYyQIslWh0tQ"}},{"__type__":"cc.Button","node":{"__id__":27},"clickEvents":[{"__type__":"cc.ClickEvent","target":{"__id__":2},"component":"LotteryScene","handler":"onClose"}],"_N$target":{"__id__":27}}],"_contentSize":{"__type__":"cc.Size","width":65,"height":65},"_position":{"__type__":"cc.Vec3","x":267.5,"y":380},"_scale":{"__type__":"cc.Vec3","x":1,"y":1,"z":1}}],{"__type__":"cc.SpriteFrame","content":{"name":"alphabg","texture":"178abc183","rect":[765,803,200,200],"offset":[0,0],"originalSize":[200,200]}},{"__type__":"cc.SpriteFrame","content":{"name":"leave","texture":"178abc183","rect":[898,2,191,79],"offset":[0,0],"originalSize":[191,79],"rotated":1}},{"__type__":"cc.SpriteFrame","content":{"name":"lotteryBtn","texture":"1d3a87338","rect":[907,526,304,101],"offset":[0,0],"originalSize":[304,101],"rotated":1}},{"__type__":"cc.SpriteFrame","content":{"name":"lotteryImproveLuck","texture":"1d3a87338","rect":[804,862,134,166],"offset":[0,0],"originalSize":[134,166],"rotated":1}},{"__type__":"cc.SpriteFrame","content":{"name":"close","texture":"1d3a87338","rect":[202,951,65,65],"offset":[0,0],"originalSize":[65,65]}},{"__type__":"cc.SpriteFrame","content":{"name":"lotteryBtnGray","texture":"1d3a87338","rect":[827,2,304,101],"offset":[0,0],"originalSize":[304,101],"rotated":1}},{"__type__":"cc.SpriteFrame","content":{"name":"plot_Popup","texture":"178abc183","rect":[2,2,558,858],"offset":[0,0],"originalSize":[558,858]}},{"__type__":"cc.SpriteFrame","content":{"name":"lotteryTip","texture":"14a1c60ae","rect":[990,614,27,27],"offset":[0,0],"originalSize":[27,27]}},{"__type__":"cc.SpriteFrame","content":{"name":"lotteryBg","texture":"19c85cf7e","rect":[2,2,599,694],"offset":[0.5,0],"originalSize":[600,694]}},{"__type__":"cc.SpriteFrame","content":{"name":"sex_dottedLine","texture":"14a1c60ae","rect":[557,1021,448,1],"offset":[0,0],"originalSize":[448,1]}}]