[{"__type__":"cc.SpriteFrame","content":{"name":"title2","texture":"178abc183","rect":[792,575,174,82],"offset":[0,2],"originalSize":[174,86]}},{"__type__":"cc.SpriteFrame","content":{"name":"listbg","texture":"1bd732664","rect":[625,2,569,207],"offset":[0,0],"originalSize":[569,207],"rotated":1}},{"__type__":"cc.SpriteFrame","content":{"name":"normalbg","texture":"24ubN/e2dDXbmdl2D5avQY","rect":[0,0,640,1136],"offset":[0,0],"originalSize":[640,1136]}},{"__type__":"cc.SpriteFrame","content":{"name":"refreshIcon","texture":"14a1c60ae","rect":[990,902,25,25],"offset":[0,0],"originalSize":[25,25]}},{"__type__":"cc.SpriteFrame","content":{"name":"leave","texture":"178abc183","rect":[898,2,191,79],"offset":[0,0],"originalSize":[191,79],"rotated":1}},{"__type__":"cc.SpriteFrame","content":{"name":"gbtn","texture":"178abc183","rect":[362,864,204,76],"offset":[0,0],"originalSize":[204,76],"capInsets":[50,20,50,20]}},[{"__type__":"cc.SceneAsset","_name":"LabourMarketScene","scene":{"__id__":1},"asyncLoadAssets":null},{"__type__":"cc.Scene","_name":"New Node","_children":[{"__id__":2}],"_anchorPoint":{"__type__":"cc.Vec2"},"_scale":{"__type__":"cc.Vec3","x":0.4638676172872107,"y":0.4638676172872107,"z":1},"autoReleaseAssets":false},{"__type__":"cc.Node","_name":"Canvas","_parent":{"__id__":1},"_children":[{"__id__":3},{"__id__":4},{"__id__":5},{"__id__":6},{"__id__":8},{"__id__":10},{"__id__":12},{"__id__":13},{"__id__":17}],"_level":1,"_components":[{"__type__":"cc.Canvas","node":{"__id__":2},"_designResolution":{"__type__":"cc.Size","width":640,"height":1136.1},"_fitWidth":true,"_fitHeight":false},{"__type__":"76793qUs1VHCKSNfDsWNBoH","node":{"__id__":2},"job_fab":{"__uuid__":"a6VfgArItIYI3F7iJg8JWz"},"joblistLayout":{"__id__":17},"restmoney_l":{"__id__":9},"exp_ability_l":{"__id__":11},"refresh_l":{"__id__":16}}],"_contentSize":{"__type__":"cc.Size","width":640,"height":1136.1},"_position":{"__type__":"cc.Vec3","x":320,"y":568.05},"_scale":{"__type__":"cc.Vec3","x":1,"y":1,"z":1},"_id":"1dwnmDHaBK74AKilavt+gK"},{"__type__":"cc.Node","_name":"Main Camera","_parent":{"__id__":2},"_level":1,"_components":[{"__type__":"cc.Camera","node":{"__id__":3},"_clearFlags":7,"_depth":-1}],"_scale":{"__type__":"cc.Vec3","x":1,"y":1,"z":1}},{"__type__":"cc.Node","_name":"mainbg","_parent":{"__id__":2},"_level":1,"_components":[{"__type__":"cc.Sprite","node":{"__id__":4},"_spriteFrame":{"__uuid__":"18N3NegzBMk6HiDLP7eV3e"}}],"_contentSize":{"__type__":"cc.Size","width":640,"height":1136},"_scale":{"__type__":"cc.Vec3","x":1,"y":1,"z":1}},{"__type__":"cc.Node","_name":"declining_BG","_parent":{"__id__":2},"_level":1,"_components":[{"__type__":"cc.Sprite","node":{"__id__":5},"_spriteFrame":{"__uuid__":"edkQ/PpiZPsYHjBoK1+RRj"}}],"_contentSize":{"__type__":"cc.Size","width":619,"height":945},"_scale":{"__type__":"cc.Vec3","x":1,"y":1,"z":1}},{"__type__":"cc.Node","_name":"title2","_parent":{"__id__":2},"_children":[{"__id__":7}],"_level":1,"_components":[{"__type__":"cc.Sprite","node":{"__id__":6},"_spriteFrame":{"__uuid__":"03VMz7B2RGM4Sy0X7Nfnoi"}}],"_contentSize":{"__type__":"cc.Size","width":174,"height":82},"_position":{"__type__":"cc.Vec3","x":-231,"y":472},"_scale":{"__type__":"cc.Vec3","x":1,"y":1,"z":1}},{"__type__":"cc.Node","_name":"New Label","_parent":{"__id__":6},"_level":2,"_components":[{"__type__":"cc.Label","node":{"__id__":7},"_srcBlendFactor":1,"_useOriginalSize":false,"_string":"应聘","_N$string":"应聘","_fontSize":32,"_N$horizontalAlign":1,"_N$verticalAlign":1}],"_contentSize":{"__type__":"cc.Size","width":64,"height":40},"_scale":{"__type__":"cc.Vec3","x":1,"y":1,"z":1},"_rotationX":-10,"_rotationY":-10,"_quat":{"__type__":"cc.Quat","z":0.08715574274765817,"w":0.9961946980917455}},{"__type__":"cc.Node","_name":"restmoney","_parent":{"__id__":2},"_level":2,"_components":[{"__id__":9}],"_contentSize":{"__type__":"cc.Size","width":161.86,"height":40},"_anchorPoint":{"__type__":"cc.Vec2","y":0.5},"_position":{"__type__":"cc.Vec3","x":-251,"y":402},"_scale":{"__type__":"cc.Vec3","x":1,"y":1,"z":1}},{"__type__":"cc.Label","node":{"__id__":8},"_srcBlendFactor":1,"_useOriginalSize":false,"_string":"钱包：10000","_N$string":"钱包：10000","_fontSize":28,"_N$verticalAlign":1},{"__type__":"cc.Node","_name":"tips","_parent":{"__id__":2},"_level":1,"_components":[{"__id__":11}],"_contentSize":{"__type__":"cc.Size","width":244.1,"height":40},"_anchorPoint":{"__type__":"cc.Vec2","y":0.5},"_position":{"__type__":"cc.Vec3","x":-252,"y":341},"_scale":{"__type__":"cc.Vec3","x":1,"y":1,"z":1}},{"__type__":"cc.Label","node":{"__id__":10},"_srcBlendFactor":1,"_useOriginalSize":false,"_string":"经验：9999 能力：999","_N$string":"经验：9999 能力：999","_fontSize":24,"_N$verticalAlign":1},{"__type__":"cc.Node","_name":"leave","_parent":{"__id__":2},"_level":1,"_components":[{"__type__":"cc.Sprite","node":{"__id__":12},"_spriteFrame":{"__uuid__":"30XiAkCYlKyJerx6MDnqcH"}},{"__type__":"cc.Button","node":{"__id__":12},"clickEvents":[{"__type__":"cc.ClickEvent","target":{"__id__":2},"component":"LabourMarketScene","handler":"onLeaveBtnClick"}],"_N$target":{"__id__":12}}],"_contentSize":{"__type__":"cc.Size","width":191,"height":79},"_position":{"__type__":"cc.Vec3","x":218,"y":-508},"_scale":{"__type__":"cc.Vec3","x":1,"y":1,"z":1}},{"__type__":"cc.Node","_name":"refresh","_parent":{"__id__":2},"_children":[{"__id__":14},{"__id__":15}],"_level":2,"_components":[{"__type__":"cc.Sprite","node":{"__id__":13},"_spriteFrame":{"__uuid__":"9c7CQOymdOarSgSKPAPQJg"}},{"__type__":"cc.Button","node":{"__id__":13},"clickEvents":[{"__type__":"cc.ClickEvent","target":{"__id__":2},"component":"LabourMarketScene","handler":"onRefreshBtnClick"}],"_N$target":{"__id__":13}}],"_contentSize":{"__type__":"cc.Size","width":193,"height":60},"_position":{"__type__":"cc.Vec3","x":216,"y":341},"_scale":{"__type__":"cc.Vec3","x":1,"y":1,"z":1}},{"__type__":"cc.Node","_name":"refreshIcon","_parent":{"__id__":13},"_level":3,"_components":[{"__type__":"cc.Sprite","node":{"__id__":14},"_spriteFrame":{"__uuid__":"2bFiGSMOtOGL1kb1qafZzq"}}],"_contentSize":{"__type__":"cc.Size","width":25,"height":25},"_position":{"__type__":"cc.Vec3","x":-50,"y":-1},"_scale":{"__type__":"cc.Vec3","x":1,"y":1,"z":1}},{"__type__":"cc.Node","_name":"refreshLabel","_parent":{"__id__":13},"_level":3,"_components":[{"__id__":16}],"_contentSize":{"__type__":"cc.Size","width":122.24,"height":40},"_anchorPoint":{"__type__":"cc.Vec2","y":0.5},"_position":{"__type__":"cc.Vec3","x":-27},"_scale":{"__type__":"cc.Vec3","x":1,"y":1,"z":1}},{"__type__":"cc.Label","node":{"__id__":15},"_srcBlendFactor":1,"_useOriginalSize":false,"_string":"换一批（1）","_N$string":"换一批（1）","_fontSize":22,"_N$verticalAlign":1},{"__type__":"cc.Node","_name":"joblistLayout","_parent":{"__id__":2},"_level":2,"_components":[{"__type__":"cc.Sprite","node":{"__id__":17},"_type":1,"_sizeMode":0},{"__type__":"cc.Layout","node":{"__id__":17},"_layoutSize":{"__type__":"cc.Size","width":650,"height":1136},"_N$layoutType":2,"_N$paddingTop":400,"_N$paddingBottom":-250,"_N$spacingY":230}],"_contentSize":{"__type__":"cc.Size","width":650,"height":1136},"_scale":{"__type__":"cc.Vec3","x":1,"y":1,"z":1}}],{"__type__":"cc.SpriteFrame","content":{"name":"refresh","texture":"1d3a87338","rect":[271,951,193,60],"offset":[0,0],"originalSize":[193,60]}},[{"__type__":"cc.Prefab","_name":"jobList","data":{"__id__":1}},{"__type__":"cc.Node","_name":"list","_children":[{"__id__":2},{"__id__":3},{"__id__":5},{"__id__":7},{"__id__":8},{"__id__":10},{"__id__":12},{"__id__":14}],"_level":1,"_components":[{"__type__":"c0eb5B2V41NvrNfNi9sJUt6","node":{"__id__":1},"resumeDropBtn":{"__id__":3},"jobKind_l":{"__id__":6},"salary_l":{"__id__":9},"require_l":{"__id__":11},"agencyfee_l":{"__id__":15},"companyKind_l":{"__id__":13}}],"_prefab":{"__type__":"cc.PrefabInfo","root":{"__id__":1},"asset":{"__uuid__":"a6VfgArItIYI3F7iJg8JWz"},"fileId":"41xRsGShlLH731jBQveI87"},"_scale":{"__type__":"cc.Vec3","x":1,"y":1,"z":1},"_localZOrder":520},{"__type__":"cc.Node","_name":"listbg","_parent":{"__id__":1},"_level":3,"_components":[{"__type__":"cc.Sprite","node":{"__id__":2},"_spriteFrame":{"__uuid__":"10usDTib9DLr5TbuKcqDrr"}}],"_prefab":{"__type__":"cc.PrefabInfo","root":{"__id__":1},"asset":{"__uuid__":"a6VfgArItIYI3F7iJg8JWz"},"fileId":"36A9Jmi9pIs5iVQTlJIqSN"},"_contentSize":{"__type__":"cc.Size","width":569,"height":207},"_scale":{"__type__":"cc.Vec3","x":1,"y":1,"z":1},"_localZOrder":207},{"__type__":"cc.Node","_name":"resumedropbtn","_parent":{"__id__":1},"_children":[{"__id__":4}],"_level":3,"_components":[{"__type__":"cc.Sprite","node":{"__id__":3},"_spriteFrame":{"__uuid__":"73c2N1FjZMgJadCi75rxr2"},"_sizeMode":0},{"__type__":"cc.Button","node":{"__id__":3},"clickEvents":[{"__type__":"cc.ClickEvent","target":{"__id__":1},"component":"JobList","handler":"onClick"}],"_N$target":{"__id__":3}}],"_prefab":{"__type__":"cc.PrefabInfo","root":{"__id__":1},"asset":{"__uuid__":"a6VfgArItIYI3F7iJg8JWz"},"fileId":"bbhjP3VUVCyb8SfU1JdQLU"},"_contentSize":{"__type__":"cc.Size","width":137,"height":47},"_position":{"__type__":"cc.Vec3","x":200,"y":-50},"_scale":{"__type__":"cc.Vec3","x":1,"y":1,"z":1},"_localZOrder":212},{"__type__":"cc.Node","_name":"btnLabel","_parent":{"__id__":3},"_level":4,"_components":[{"__type__":"cc.Label","node":{"__id__":4},"_srcBlendFactor":1,"_useOriginalSize":false,"_string":"投简历","_N$string":"投简历","_fontSize":22,"_N$horizontalAlign":1,"_N$verticalAlign":1}],"_prefab":{"__type__":"cc.PrefabInfo","root":{"__id__":1},"asset":{"__uuid__":"a6VfgArItIYI3F7iJg8JWz"},"fileId":"18WeZLG51HkbnMmpq453CW"},"_contentSize":{"__type__":"cc.Size","width":66,"height":40},"_scale":{"__type__":"cc.Vec3","x":1,"y":1,"z":1},"_localZOrder":193},{"__type__":"cc.Node","_name":"jobkind","_parent":{"__id__":1},"_level":2,"_components":[{"__id__":6}],"_prefab":{"__type__":"cc.PrefabInfo","root":{"__id__":1},"asset":{"__uuid__":"a6VfgArItIYI3F7iJg8JWz"},"fileId":"d5UImSkZhMSJcWdVj/YVmh"},"_color":{"__type__":"cc.Color"},"_contentSize":{"__type__":"cc.Size","width":84,"height":40},"_anchorPoint":{"__type__":"cc.Vec2","y":0.5},"_position":{"__type__":"cc.Vec3","x":-267,"y":74},"_scale":{"__type__":"cc.Vec3","x":1,"y":1,"z":1},"_localZOrder":216},{"__type__":"cc.Label","node":{"__id__":5},"_srcBlendFactor":1,"_useOriginalSize":false,"_string":"操作员","_N$string":"操作员","_fontSize":28,"_N$verticalAlign":1},{"__type__":"cc.Node","_name":"split","_parent":{"__id__":1},"_level":2,"_components":[{"__type__":"cc.Label","node":{"__id__":7},"_srcBlendFactor":1,"_useOriginalSize":false,"_string":"-----------------------------------------------------------------------------------------","_N$string":"-----------------------------------------------------------------------------------------","_fontSize":18,"_N$horizontalAlign":1,"_N$verticalAlign":1}],"_prefab":{"__type__":"cc.PrefabInfo","root":{"__id__":1},"asset":{"__uuid__":"a6VfgArItIYI3F7iJg8JWz"},"fileId":"75o/wMZ+RAt6w0xV963s8I"},"_color":{"__type__":"cc.Color"},"_contentSize":{"__type__":"cc.Size","width":533.48,"height":40},"_position":{"__type__":"cc.Vec3","y":45},"_scale":{"__type__":"cc.Vec3","x":1,"y":1,"z":1},"_localZOrder":359},{"__type__":"cc.Node","_name":"salary","_parent":{"__id__":1},"_level":2,"_components":[{"__id__":9}],"_prefab":{"__type__":"cc.PrefabInfo","root":{"__id__":1},"asset":{"__uuid__":"a6VfgArItIYI3F7iJg8JWz"},"fileId":"d4vE99KOVEKa3rPKWv799B"},"_color":{"__type__":"cc.Color","r":255,"g":24,"b":78},"_contentSize":{"__type__":"cc.Size","width":98.07,"height":40},"_anchorPoint":{"__type__":"cc.Vec2","x":1,"y":0.5},"_position":{"__type__":"cc.Vec3","x":265,"y":68},"_scale":{"__type__":"cc.Vec3","x":1,"y":1,"z":1},"_localZOrder":360},{"__type__":"cc.Label","node":{"__id__":8},"_srcBlendFactor":1,"_useOriginalSize":false,"_string":"2200/月","_N$string":"2200/月","_fontSize":28,"_N$horizontalAlign":2,"_N$verticalAlign":1},{"__type__":"cc.Node","_name":"require","_parent":{"__id__":1},"_level":2,"_components":[{"__id__":11}],"_prefab":{"__type__":"cc.PrefabInfo","root":{"__id__":1},"asset":{"__uuid__":"a6VfgArItIYI3F7iJg8JWz"},"fileId":"a0rgz0SlBIO51wFQZpnbYZ"},"_color":{"__type__":"cc.Color","r":102,"g":102,"b":102},"_contentSize":{"__type__":"cc.Size","width":233.52,"height":40},"_anchorPoint":{"__type__":"cc.Vec2","y":0.5},"_position":{"__type__":"cc.Vec3","x":-267,"y":12},"_scale":{"__type__":"cc.Vec3","x":1,"y":1,"z":1},"_localZOrder":361},{"__type__":"cc.Label","node":{"__id__":10},"_srcBlendFactor":1,"_useOriginalSize":false,"_string":"要求：能力100 经验100","_N$string":"要求：能力100 经验100","_fontSize":22,"_N$verticalAlign":1},{"__type__":"cc.Node","_name":"companykind","_parent":{"__id__":1},"_level":2,"_components":[{"__id__":13}],"_prefab":{"__type__":"cc.PrefabInfo","root":{"__id__":1},"asset":{"__uuid__":"a6VfgArItIYI3F7iJg8JWz"},"fileId":"75Tww6pldOzJME33R9CpUu"},"_color":{"__type__":"cc.Color","r":102,"g":102,"b":102},"_contentSize":{"__type__":"cc.Size","width":160.11,"height":40},"_anchorPoint":{"__type__":"cc.Vec2","y":0.5},"_position":{"__type__":"cc.Vec3","x":-267,"y":-36},"_scale":{"__type__":"cc.Vec3","x":1,"y":1,"z":1},"_localZOrder":363},{"__type__":"cc.Label","node":{"__id__":12},"_srcBlendFactor":1,"_useOriginalSize":false,"_string":"xxxx公司 中小型","_N$string":"xxxx公司 中小型","_fontSize":22,"_N$verticalAlign":1},{"__type__":"cc.Node","_name":"agencyfee","_parent":{"__id__":1},"_level":2,"_components":[{"__id__":15}],"_prefab":{"__type__":"cc.PrefabInfo","root":{"__id__":1},"asset":{"__uuid__":"a6VfgArItIYI3F7iJg8JWz"},"fileId":"1bNzI8L5BO36j+g8LKSGjU"},"_color":{"__type__":"cc.Color","r":102,"g":102,"b":102},"_contentSize":{"__type__":"cc.Size","width":136.94,"height":40},"_anchorPoint":{"__type__":"cc.Vec2","x":1,"y":0.5},"_position":{"__type__":"cc.Vec3","x":265,"y":12},"_scale":{"__type__":"cc.Vec3","x":1,"y":1,"z":1},"_localZOrder":364},{"__type__":"cc.Label","node":{"__id__":14},"_srcBlendFactor":1,"_useOriginalSize":false,"_string":"中介费：2200","_N$string":"中介费：2200","_fontSize":22,"_N$horizontalAlign":2,"_N$verticalAlign":1}],{"__type__":"cc.SpriteFrame","content":{"name":"declining_BG","texture":"1d3a87338","rect":[2,2,619,945],"offset":[0,0],"originalSize":[619,945]}}]