[[{"__type__":"cc.SceneAsset","_name":"Splash","scene":{"__id__":1},"asyncLoadAssets":null},{"__type__":"cc.Scene","_name":"New Node","_children":[{"__id__":2}],"_anchorPoint":{"__type__":"cc.Vec2"},"_scale":{"__type__":"cc.Vec3","x":0.4639084507042254,"y":0.4639084507042254,"z":1},"autoReleaseAssets":false},{"__type__":"cc.Node","_name":"Canvas","_parent":{"__id__":1},"_children":[{"__id__":3},{"__id__":4},{"__id__":5},{"__id__":6}],"_components":[{"__type__":"cc.Canvas","node":{"__id__":2},"_designResolution":{"__type__":"cc.Size","width":640,"height":1136},"_fitWidth":true,"_fitHeight":false},{"__type__":"cc.Sprite","node":{"__id__":2},"_spriteFrame":{"__uuid__":"cew3PouEZEmr6qEVkWY6Qh"},"_type":1,"_sizeMode":0},{"__type__":"7bbd6XQInxNhqmFBo9C4kM6","node":{"__id__":2},"pro_l":{"__id__":7}}],"_contentSize":{"__type__":"cc.Size","width":640,"height":1136},"_position":{"__type__":"cc.Vec3","x":320,"y":568},"_scale":{"__type__":"cc.Vec3","x":1,"y":1,"z":1},"_id":"80ZxRbG0lE6ZuY2c0gWmOS"},{"__type__":"cc.Node","_name":"Main Camera","_parent":{"__id__":2},"_level":1,"_components":[{"__type__":"cc.Camera","node":{"__id__":3},"_clearFlags":7,"_depth":-1}],"_scale":{"__type__":"cc.Vec3","x":1,"y":1,"z":1}},{"__type__":"cc.Node","_name":"logo","_parent":{"__id__":2},"_level":1,"_components":[{"__type__":"cc.Sprite","node":{"__id__":4},"_spriteFrame":{"__uuid__":"d3EUSV0u9Cz6ZsnbyQ522Z"}}],"_contentSize":{"__type__":"cc.Size","width":165,"height":207},"_position":{"__type__":"cc.Vec3","y":140},"_scale":{"__type__":"cc.Vec3","x":1,"y":1,"z":1}},{"__type__":"cc.Node","_name":"gonggao","_parent":{"__id__":2},"_level":1,"_components":[{"__type__":"cc.Sprite","node":{"__id__":5},"_spriteFrame":{"__uuid__":"52D5h3/F1EmLjEAy3ki//o"}},{"__type__":"cc.Widget","node":{"__id__":5},"_alignFlags":20,"_bottom":10}],"_contentSize":{"__type__":"cc.Size","width":541,"height":239},"_position":{"__type__":"cc.Vec3","y":-438.5},"_scale":{"__type__":"cc.Vec3","x":1,"y":1,"z":1}},{"__type__":"cc.Node","_name":"label","_parent":{"__id__":2},"_level":1,"_components":[{"__id__":7},{"__type__":"ad071k6WVJD7L8Z49ZzyEsA","node":{"__id__":6}}],"_color":{"__type__":"cc.Color","r":41,"g":196,"b":195},"_contentSize":{"__type__":"cc.Size","width":56.04,"height":40},"_scale":{"__type__":"cc.Vec3","x":1,"y":1,"z":1}},{"__type__":"cc.Label","node":{"__id__":6},"_srcBlendFactor":1,"_useOriginalSize":false,"_string":"28%","_N$string":"28%","_fontSize":28,"_N$horizontalAlign":1,"_N$verticalAlign":1}],{"__type__":"cc.SpriteFrame","content":{"name":"gonggao","texture":"14a1c60ae","rect":[628,2,541,239],"offset":[0,0],"originalSize":[541,239],"rotated":1}},{"__type__":"cc.SpriteFrame","content":{"name":"wbg","texture":"14a1c60ae","rect":[990,493,20,20],"offset":[0,0],"originalSize":[20,20],"capInsets":[8,8,8,8]}},{"__type__":"cc.SpriteFrame","content":{"name":"logo","texture":"1bd732664","rect":[625,754,165,207],"offset":[0,0],"originalSize":[165,207],"rotated":1}}]