[{"__type__":"cc.SpriteFrame","content":{"name":"title2","texture":"178abc183","rect":[792,575,174,82],"offset":[0,2],"originalSize":[174,86]}},{"__type__":"cc.SpriteFrame","content":{"name":"contactsBG","texture":"14a1c60ae","rect":[628,547,241,181],"offset":[0,0],"originalSize":[241,181],"rotated":1}},{"__type__":"cc.SpriteFrame","content":{"name":"normalbg","texture":"24ubN/e2dDXbmdl2D5avQY","rect":[0,0,640,1136],"offset":[0,0],"originalSize":[640,1136]}},{"__type__":"cc.SpriteFrame","content":{"name":"rmb","texture":"14a1c60ae","rect":[990,956,14,21],"offset":[0,0],"originalSize":[14,21]}},{"__type__":"cc.SpriteFrame","content":{"name":"stockTip","texture":"14a1c60ae","rect":[990,931,20,21],"offset":[0,0],"originalSize":[20,21]}},{"__type__":"cc.SpriteFrame","content":{"name":"leave","texture":"178abc183","rect":[898,2,191,79],"offset":[0,0],"originalSize":[191,79],"rotated":1}},{"__type__":"cc.SpriteFrame","content":{"name":"rbtn","texture":"178abc183","rect":[362,944,204,76],"offset":[0,0],"originalSize":[204,76],"capInsets":[50,20,50,20]}},[{"__type__":"cc.SceneAsset","_name":"StockScene","scene":{"__id__":1},"asyncLoadAssets":null},{"__type__":"cc.Scene","_name":"New Node","_children":[{"__id__":2}],"_anchorPoint":{"__type__":"cc.Vec2"},"_scale":{"__type__":"cc.Vec3","x":0.4639084507042254,"y":0.4639084507042254,"z":1},"autoReleaseAssets":false},{"__type__":"cc.Node","_name":"Canvas","_parent":{"__id__":1},"_children":[{"__id__":3},{"__id__":4},{"__id__":47}],"_components":[{"__type__":"cc.Canvas","node":{"__id__":2},"_designResolution":{"__type__":"cc.Size","width":640,"height":1136},"_fitWidth":true,"_fitHeight":false},{"__type__":"99506KSsUZO7p54W3MLt+9T","node":{"__id__":2},"wallet":{"__id__":9},"money":{"__id__":22},"last":{"__id__":17},"earnings":{"__id__":19},"rate":{"__id__":21},"stockIndex":{"__id__":24},"sell":{"__id__":30},"buy":{"__id__":37},"lineNode":{"__id__":47}}],"_contentSize":{"__type__":"cc.Size","width":640,"height":1136},"_position":{"__type__":"cc.Vec3","x":320,"y":568},"_scale":{"__type__":"cc.Vec3","x":1,"y":1,"z":1},"_id":"71QnyG8l5A5qVpU+qRM9gt"},{"__type__":"cc.Node","_name":"Main Camera","_parent":{"__id__":2},"_level":1,"_components":[{"__type__":"cc.Camera","node":{"__id__":3},"_clearFlags":7,"_depth":-1}],"_scale":{"__type__":"cc.Vec3","x":1,"y":1,"z":1}},{"__type__":"cc.Node","_name":"mainbg","_parent":{"__id__":2},"_children":[{"__id__":5},{"__id__":45},{"__id__":46}],"_level":1,"_components":[{"__type__":"cc.Sprite","node":{"__id__":4},"_spriteFrame":{"__uuid__":"18N3NegzBMk6HiDLP7eV3e"},"_sizeMode":0}],"_contentSize":{"__type__":"cc.Size","width":640,"height":1136},"_scale":{"__type__":"cc.Vec3","x":1,"y":1,"z":1}},{"__type__":"cc.Node","_name":"declining_BG","_parent":{"__id__":4},"_children":[{"__id__":6},{"__id__":8},{"__id__":10},{"__id__":25},{"__id__":32},{"__id__":39},{"__id__":41},{"__id__":43}],"_level":2,"_components":[{"__type__":"cc.Sprite","node":{"__id__":5},"_spriteFrame":{"__uuid__":"edkQ/PpiZPsYHjBoK1+RRj"}}],"_contentSize":{"__type__":"cc.Size","width":619,"height":945},"_position":{"__type__":"cc.Vec3","y":-0.5},"_scale":{"__type__":"cc.Vec3","x":1,"y":1,"z":1}},{"__type__":"cc.Node","_name":"title","_parent":{"__id__":5},"_children":[{"__id__":7}],"_level":3,"_components":[{"__type__":"cc.Sprite","node":{"__id__":6},"_spriteFrame":{"__uuid__":"03VMz7B2RGM4Sy0X7Nfnoi"}}],"_contentSize":{"__type__":"cc.Size","width":174,"height":82},"_position":{"__type__":"cc.Vec3","x":-233,"y":482.5},"_scale":{"__type__":"cc.Vec3","x":1,"y":1,"z":1}},{"__type__":"cc.Node","_name":"New Label","_parent":{"__id__":6},"_level":4,"_components":[{"__type__":"cc.Label","node":{"__id__":7},"_srcBlendFactor":1,"_useOriginalSize":false,"_string":"股票","_N$string":"股票","_N$horizontalAlign":1,"_N$verticalAlign":1,"_N$fontFamily":"NotoSansHans-Regular"}],"_contentSize":{"__type__":"cc.Size","width":80,"height":40},"_scale":{"__type__":"cc.Vec3","x":1,"y":1,"z":1},"_rotationX":-8,"_rotationY":-8,"_quat":{"__type__":"cc.Quat","z":0.0697564737441253,"w":0.9975640502598242}},{"__type__":"cc.Node","_name":"wallet","_parent":{"__id__":5},"_level":3,"_components":[{"__id__":9}],"_contentSize":{"__type__":"cc.Size","width":72,"height":40},"_anchorPoint":{"__type__":"cc.Vec2","y":0.5},"_position":{"__type__":"cc.Vec3","x":-270,"y":405.5},"_scale":{"__type__":"cc.Vec3","x":1,"y":1,"z":1}},{"__type__":"cc.Label","node":{"__id__":8},"_srcBlendFactor":1,"_useOriginalSize":false,"_string":"钱包：","_N$string":"钱包：","_fontSize":24,"_N$horizontalAlign":1,"_N$verticalAlign":1,"_N$fontFamily":"NotoSansHans-Regular"},{"__type__":"cc.Node","_name":"contactsBG","_parent":{"__id__":5},"_children":[{"__id__":11},{"__id__":15},{"__id__":23}],"_level":3,"_components":[{"__type__":"cc.Sprite","node":{"__id__":10},"_spriteFrame":{"__uuid__":"065i0JdMRPmZHYNLPZVf2m"},"_sizeMode":0}],"_color":{"__type__":"cc.Color","r":31,"g":31,"b":57},"_contentSize":{"__type__":"cc.Size","width":560,"height":527},"_position":{"__type__":"cc.Vec3","y":119},"_scale":{"__type__":"cc.Vec3","x":1,"y":1,"z":1}},{"__type__":"cc.Node","_name":"New Label","_parent":{"__id__":10},"_children":[{"__id__":12},{"__id__":13},{"__id__":14}],"_level":4,"_components":[{"__type__":"cc.Label","node":{"__id__":11},"_srcBlendFactor":1,"_useOriginalSize":false,"_string":"股票金额","_N$string":"股票金额","_fontSize":22,"_N$horizontalAlign":1,"_N$verticalAlign":1,"_N$fontFamily":"NotoSansHans-Regular"}],"_contentSize":{"__type__":"cc.Size","width":88,"height":40},"_position":{"__type__":"cc.Vec3","y":218.5},"_scale":{"__type__":"cc.Vec3","x":1,"y":1,"z":1}},{"__type__":"cc.Node","_name":"New Label","_parent":{"__id__":11},"_level":5,"_components":[{"__type__":"cc.Label","node":{"__id__":12},"_srcBlendFactor":1,"_useOriginalSize":false,"_string":"上月收益","_N$string":"上月收益","_fontSize":22,"_N$horizontalAlign":1,"_N$verticalAlign":1,"_N$fontFamily":"NotoSansHans-Regular"}],"_contentSize":{"__type__":"cc.Size","width":88,"height":40},"_position":{"__type__":"cc.Vec3","x":-201,"y":-118},"_scale":{"__type__":"cc.Vec3","x":1,"y":1,"z":1}},{"__type__":"cc.Node","_name":"New Label","_parent":{"__id__":11},"_level":5,"_components":[{"__type__":"cc.Label","node":{"__id__":13},"_srcBlendFactor":1,"_useOriginalSize":false,"_string":"持有收益","_N$string":"持有收益","_fontSize":22,"_N$horizontalAlign":1,"_N$verticalAlign":1,"_N$fontFamily":"NotoSansHans-Regular"}],"_contentSize":{"__type__":"cc.Size","width":88,"height":40},"_position":{"__type__":"cc.Vec3","y":-118},"_scale":{"__type__":"cc.Vec3","x":1,"y":1,"z":1}},{"__type__":"cc.Node","_name":"New Label","_parent":{"__id__":11},"_level":5,"_components":[{"__type__":"cc.Label","node":{"__id__":14},"_srcBlendFactor":1,"_useOriginalSize":false,"_string":"涨跌幅度","_N$string":"涨跌幅度","_fontSize":22,"_N$horizontalAlign":1,"_N$verticalAlign":1,"_N$fontFamily":"NotoSansHans-Regular"}],"_contentSize":{"__type__":"cc.Size","width":88,"height":40},"_position":{"__type__":"cc.Vec3","x":190,"y":-118},"_scale":{"__type__":"cc.Vec3","x":1,"y":1,"z":1}},{"__type__":"cc.Node","_name":"money","_parent":{"__id__":10},"_children":[{"__id__":16},{"__id__":18},{"__id__":20}],"_level":4,"_components":[{"__id__":22}],"_color":{"__type__":"cc.Color","r":224,"g":68,"b":54},"_contentSize":{"__type__":"cc.Size","width":28.92,"height":52},"_position":{"__type__":"cc.Vec3","y":174.5},"_scale":{"__type__":"cc.Vec3","x":1,"y":1,"z":1}},{"__type__":"cc.Node","_name":"last","_parent":{"__id__":15},"_level":5,"_components":[{"__id__":17}],"_color":{"__type__":"cc.Color","r":255,"g":80,"b":80},"_contentSize":{"__type__":"cc.Size","width":120,"height":40},"_anchorPoint":{"__type__":"cc.Vec2","y":0.5},"_position":{"__type__":"cc.Vec3","x":-245,"y":-110},"_scale":{"__type__":"cc.Vec3","x":1,"y":1,"z":1}},{"__type__":"cc.Label","node":{"__id__":16},"_srcBlendFactor":1,"_useOriginalSize":false,"_string":"0","_N$string":"0","_fontSize":28,"_N$verticalAlign":1,"_N$overflow":1},{"__type__":"cc.Node","_name":"earnings","_parent":{"__id__":15},"_level":5,"_components":[{"__id__":19}],"_color":{"__type__":"cc.Color","r":27,"g":167,"b":126},"_contentSize":{"__type__":"cc.Size","width":120,"height":40},"_position":{"__type__":"cc.Vec3","y":-110},"_scale":{"__type__":"cc.Vec3","x":1,"y":1,"z":1}},{"__type__":"cc.Label","node":{"__id__":18},"_srcBlendFactor":1,"_useOriginalSize":false,"_string":"0","_N$string":"0","_fontSize":28,"_N$horizontalAlign":1,"_N$verticalAlign":1,"_N$overflow":1},{"__type__":"cc.Node","_name":"rate","_parent":{"__id__":15},"_level":5,"_components":[{"__id__":21}],"_color":{"__type__":"cc.Color","r":27,"g":167,"b":126},"_contentSize":{"__type__":"cc.Size","width":120,"height":40},"_anchorPoint":{"__type__":"cc.Vec2","x":1,"y":0.5},"_position":{"__type__":"cc.Vec3","x":245,"y":-110},"_scale":{"__type__":"cc.Vec3","x":1,"y":1,"z":1}},{"__type__":"cc.Label","node":{"__id__":20},"_srcBlendFactor":1,"_useOriginalSize":false,"_string":"+2.800%","_N$string":"+2.800%","_fontSize":28,"_N$horizontalAlign":2,"_N$verticalAlign":1,"_N$overflow":1},{"__type__":"cc.Label","node":{"__id__":15},"_srcBlendFactor":1,"_useOriginalSize":false,"_string":"0","_N$string":"0","_fontSize":52,"_lineHeight":52,"_N$horizontalAlign":1,"_N$verticalAlign":1},{"__type__":"cc.Node","_name":"stockIndex","_parent":{"__id__":10},"_level":4,"_components":[{"__id__":24}],"_contentSize":{"__type__":"cc.Size","width":198,"height":40},"_anchorPoint":{"__type__":"cc.Vec2","y":0.5},"_position":{"__type__":"cc.Vec3","x":-257,"y":-9.5},"_scale":{"__type__":"cc.Vec3","x":1,"y":1,"z":1}},{"__type__":"cc.Label","node":{"__id__":23},"_srcBlendFactor":1,"_useOriginalSize":false,"_string":"本月股票指数：1227","_N$string":"本月股票指数：1227","_fontSize":22,"_N$horizontalAlign":1,"_N$verticalAlign":1,"_N$fontFamily":"NotoSansHans-Regular"},{"__type__":"cc.Node","_name":"New Label","_parent":{"__id__":5},"_children":[{"__id__":26},{"__id__":27}],"_level":3,"_components":[{"__type__":"cc.Label","node":{"__id__":25},"_srcBlendFactor":1,"_useOriginalSize":false,"_string":"卖出金额","_N$string":"卖出金额","_fontSize":22,"_N$horizontalAlign":1,"_N$verticalAlign":1,"_N$fontFamily":"NotoSansHans-Regular"}],"_contentSize":{"__type__":"cc.Size","width":88,"height":40},"_anchorPoint":{"__type__":"cc.Vec2","y":0.5},"_position":{"__type__":"cc.Vec3","x":-273,"y":-190.5},"_scale":{"__type__":"cc.Vec3","x":1,"y":1,"z":1}},{"__type__":"cc.Node","_name":"rmb","_parent":{"__id__":25},"_level":4,"_components":[{"__type__":"cc.Sprite","node":{"__id__":26},"_spriteFrame":{"__uuid__":"1ct3VthhdNNLHZ63qQsufc"}}],"_contentSize":{"__type__":"cc.Size","width":14,"height":21},"_position":{"__type__":"cc.Vec3","x":12,"y":-46.5},"_scale":{"__type__":"cc.Vec3","x":1,"y":1,"z":1}},{"__type__":"cc.Node","_name":"editbox","_parent":{"__id__":25},"_children":[{"__id__":28},{"__id__":29},{"__id__":31}],"_level":4,"_components":[{"__type__":"cc.EditBox","node":{"__id__":27},"_useOriginalSize":false,"_N$inputMode":6,"_N$fontSize":40,"_N$placeholder":"最小交易额100","_N$placeholderFontColor":{"__type__":"cc.Color","r":182,"g":182,"b":212},"_N$maxLength":8}],"_contentSize":{"__type__":"cc.Size","width":160,"height":40},"_position":{"__type__":"cc.Vec3","x":111,"y":-46},"_scale":{"__type__":"cc.Vec3","x":1,"y":1,"z":1}},{"__type__":"cc.Node","_name":"BACKGROUND_SPRITE","_parent":{"__id__":27},"_level":2,"_components":[{"__type__":"cc.Sprite","node":{"__id__":28},"_type":1,"_sizeMode":0}],"_contentSize":{"__type__":"cc.Size","width":160,"height":40},"_scale":{"__type__":"cc.Vec3","x":1,"y":1,"z":1}},{"__type__":"cc.Node","_name":"TEXT_LABEL","_parent":{"__id__":27},"_active":false,"_level":5,"_components":[{"__id__":30}],"_contentSize":{"__type__":"cc.Size","width":158,"height":40},"_anchorPoint":{"__type__":"cc.Vec2","y":1},"_position":{"__type__":"cc.Vec3","x":-78,"y":20},"_scale":{"__type__":"cc.Vec3","x":1,"y":1,"z":1}},{"__type__":"cc.Label","node":{"__id__":29},"_srcBlendFactor":1,"_enableWrapText":false,"_N$verticalAlign":1,"_N$overflow":1},{"__type__":"cc.Node","_name":"PLACEHOLDER_LABEL","_parent":{"__id__":27},"_level":2,"_components":[{"__type__":"cc.Label","node":{"__id__":31},"_srcBlendFactor":1,"_string":"最小交易额100","_N$string":"最小交易额100","_fontSize":20,"_enableWrapText":false,"_N$verticalAlign":1,"_N$overflow":1}],"_color":{"__type__":"cc.Color","r":182,"g":182,"b":212},"_contentSize":{"__type__":"cc.Size","width":158,"height":40},"_anchorPoint":{"__type__":"cc.Vec2","y":1},"_position":{"__type__":"cc.Vec3","x":-78,"y":20},"_scale":{"__type__":"cc.Vec3","x":1,"y":1,"z":1}},{"__type__":"cc.Node","_name":"New Label","_parent":{"__id__":5},"_children":[{"__id__":33},{"__id__":34}],"_level":3,"_components":[{"__type__":"cc.Label","node":{"__id__":32},"_srcBlendFactor":1,"_useOriginalSize":false,"_string":"买入金额","_N$string":"买入金额","_fontSize":22,"_N$horizontalAlign":1,"_N$verticalAlign":1,"_N$fontFamily":"NotoSansHans-Regular"}],"_contentSize":{"__type__":"cc.Size","width":88,"height":40},"_anchorPoint":{"__type__":"cc.Vec2","y":0.5},"_position":{"__type__":"cc.Vec3","x":24,"y":-190.5},"_scale":{"__type__":"cc.Vec3","x":1,"y":1,"z":1}},{"__type__":"cc.Node","_name":"rmb","_parent":{"__id__":32},"_level":4,"_components":[{"__type__":"cc.Sprite","node":{"__id__":33},"_spriteFrame":{"__uuid__":"1ct3VthhdNNLHZ63qQsufc"}}],"_contentSize":{"__type__":"cc.Size","width":14,"height":21},"_position":{"__type__":"cc.Vec3","x":5,"y":-46.5},"_scale":{"__type__":"cc.Vec3","x":1,"y":1,"z":1}},{"__type__":"cc.Node","_name":"editbox","_parent":{"__id__":32},"_children":[{"__id__":35},{"__id__":36},{"__id__":38}],"_level":4,"_components":[{"__type__":"cc.EditBox","node":{"__id__":34},"_useOriginalSize":false,"_N$inputMode":6,"_N$fontSize":40,"_N$placeholder":"最小交易额100","_N$placeholderFontColor":{"__type__":"cc.Color","r":182,"g":182,"b":212},"_N$maxLength":8}],"_contentSize":{"__type__":"cc.Size","width":160,"height":40},"_position":{"__type__":"cc.Vec3","x":117,"y":-46},"_scale":{"__type__":"cc.Vec3","x":1,"y":1,"z":1}},{"__type__":"cc.Node","_name":"BACKGROUND_SPRITE","_parent":{"__id__":34},"_level":2,"_components":[{"__type__":"cc.Sprite","node":{"__id__":35},"_type":1,"_sizeMode":0}],"_contentSize":{"__type__":"cc.Size","width":160,"height":40},"_scale":{"__type__":"cc.Vec3","x":1,"y":1,"z":1}},{"__type__":"cc.Node","_name":"TEXT_LABEL","_parent":{"__id__":34},"_active":false,"_level":5,"_components":[{"__id__":37}],"_contentSize":{"__type__":"cc.Size","width":158,"height":40},"_anchorPoint":{"__type__":"cc.Vec2","y":1},"_position":{"__type__":"cc.Vec3","x":-78,"y":20},"_scale":{"__type__":"cc.Vec3","x":1,"y":1,"z":1}},{"__type__":"cc.Label","node":{"__id__":36},"_srcBlendFactor":1,"_enableWrapText":false,"_N$verticalAlign":1,"_N$overflow":1},{"__type__":"cc.Node","_name":"PLACEHOLDER_LABEL","_parent":{"__id__":34},"_level":2,"_components":[{"__type__":"cc.Label","node":{"__id__":38},"_srcBlendFactor":1,"_string":"最小交易额100","_N$string":"最小交易额100","_fontSize":20,"_enableWrapText":false,"_N$verticalAlign":1,"_N$overflow":1}],"_color":{"__type__":"cc.Color","r":182,"g":182,"b":212},"_contentSize":{"__type__":"cc.Size","width":158,"height":40},"_anchorPoint":{"__type__":"cc.Vec2","y":1},"_position":{"__type__":"cc.Vec3","x":-78,"y":20},"_scale":{"__type__":"cc.Vec3","x":1,"y":1,"z":1}},{"__type__":"cc.Node","_name":"bbtn","_parent":{"__id__":5},"_children":[{"__id__":40}],"_level":3,"_components":[{"__type__":"cc.Sprite","node":{"__id__":39},"_spriteFrame":{"__uuid__":"dbkBtgySdF2LR9VgbXrQg+"}},{"__type__":"cc.Button","node":{"__id__":39},"clickEvents":[{"__type__":"cc.ClickEvent","target":{"__id__":2},"component":"StockScene","handler":"onSell"}],"_N$target":{"__id__":39}}],"_contentSize":{"__type__":"cc.Size","width":204,"height":76},"_position":{"__type__":"cc.Vec3","x":-167,"y":-336.5},"_scale":{"__type__":"cc.Vec3","x":1,"y":1,"z":1}},{"__type__":"cc.Node","_name":"New Label","_parent":{"__id__":39},"_level":3,"_components":[{"__type__":"cc.Label","node":{"__id__":40},"_srcBlendFactor":1,"_useOriginalSize":false,"_string":"确定卖出","_N$string":"确定卖出","_fontSize":26,"_N$horizontalAlign":1,"_N$verticalAlign":1,"_N$fontFamily":"NotoSansHans-Regular"}],"_contentSize":{"__type__":"cc.Size","width":104,"height":40},"_scale":{"__type__":"cc.Vec3","x":1,"y":1,"z":1}},{"__type__":"cc.Node","_name":"rbtn","_parent":{"__id__":5},"_children":[{"__id__":42}],"_level":3,"_components":[{"__type__":"cc.Sprite","node":{"__id__":41},"_spriteFrame":{"__uuid__":"36YKOrflZDFqqTH5/ojP9v"}},{"__type__":"cc.Button","node":{"__id__":41},"clickEvents":[{"__type__":"cc.ClickEvent","target":{"__id__":2},"component":"StockScene","handler":"onBuy"}],"_N$target":{"__id__":41}}],"_contentSize":{"__type__":"cc.Size","width":204,"height":76},"_position":{"__type__":"cc.Vec3","x":167,"y":-336.5},"_scale":{"__type__":"cc.Vec3","x":1,"y":1,"z":1}},{"__type__":"cc.Node","_name":"New Label","_parent":{"__id__":41},"_level":3,"_components":[{"__type__":"cc.Label","node":{"__id__":42},"_srcBlendFactor":1,"_useOriginalSize":false,"_string":"确定买入","_N$string":"确定买入","_fontSize":26,"_N$horizontalAlign":1,"_N$verticalAlign":1,"_N$fontFamily":"NotoSansHans-Regular"}],"_contentSize":{"__type__":"cc.Size","width":104,"height":40},"_scale":{"__type__":"cc.Vec3","x":1,"y":1,"z":1}},{"__type__":"cc.Node","_name":"stockTip","_parent":{"__id__":5},"_children":[{"__id__":44}],"_level":3,"_components":[{"__type__":"cc.Sprite","node":{"__id__":43},"_spriteFrame":{"__uuid__":"1feT72nmhGdZMtiOgMXyJR"}}],"_contentSize":{"__type__":"cc.Size","width":20,"height":21},"_position":{"__type__":"cc.Vec3","x":-135,"y":-424},"_scale":{"__type__":"cc.Vec3","x":1,"y":1,"z":1}},{"__type__":"cc.Node","_name":"New Label","_parent":{"__id__":43},"_level":4,"_components":[{"__type__":"cc.Label","node":{"__id__":44},"_srcBlendFactor":1,"_useOriginalSize":false,"_string":"输入整数金额，手续费0.5%","_N$string":"输入整数金额，手续费0.5%","_fontSize":19.3,"_N$horizontalAlign":1,"_N$verticalAlign":1,"_N$fontFamily":"NotoSansHans-Regular"},{"__type__":"cc.Widget","node":{"__id__":44},"_alignFlags":20,"_bottom":-9.5,"_horizontalCenter":140}],"_color":{"__type__":"cc.Color","r":182,"g":182,"b":212},"_contentSize":{"__type__":"cc.Size","width":233.08,"height":40},"_position":{"__type__":"cc.Vec3","x":140},"_scale":{"__type__":"cc.Vec3","x":1,"y":1,"z":1}},{"__type__":"cc.Node","_name":"leave","_parent":{"__id__":4},"_level":2,"_components":[{"__type__":"cc.Sprite","node":{"__id__":45},"_spriteFrame":{"__uuid__":"30XiAkCYlKyJerx6MDnqcH"}},{"__type__":"cc.Button","node":{"__id__":45},"clickEvents":[{"__type__":"cc.ClickEvent","target":{"__id__":2},"component":"StockScene","handler":"onLeave"}],"_N$target":{"__id__":45}}],"_contentSize":{"__type__":"cc.Size","width":191,"height":79},"_position":{"__type__":"cc.Vec3","x":224.5,"y":-508.5},"_scale":{"__type__":"cc.Vec3","x":1,"y":1,"z":1}},{"__type__":"cc.Node","_name":"New Label","_parent":{"__id__":4},"_level":2,"_components":[{"__type__":"cc.Label","node":{"__id__":46},"_srcBlendFactor":1,"_useOriginalSize":false,"_string":"1      2      3      4      5      6      7      8      9      10    11    12","_N$string":"1      2      3      4      5      6      7      8      9      10    11    12","_fontSize":18,"_N$horizontalAlign":1,"_N$verticalAlign":1,"_N$fontFamily":"NotoSansHans-Regular"},{"__type__":"cc.Widget","node":{"__id__":46},"_alignFlags":17,"_left":70,"_top":662}],"_color":{"__type__":"cc.Color","r":120,"g":120,"b":158},"_contentSize":{"__type__":"cc.Size","width":413.33,"height":40},"_position":{"__type__":"cc.Vec3","y":-114},"_scale":{"__type__":"cc.Vec3","x":1,"y":1,"z":1}},{"__type__":"cc.Node","_name":"lineNode","_parent":{"__id__":2},"_level":1,"_contentSize":{"__type__":"cc.Size","width":640,"height":1136},"_scale":{"__type__":"cc.Vec3","x":1,"y":1,"z":1}}],{"__type__":"cc.SpriteFrame","content":{"name":"bbtn","texture":"1fb4a8873","rect":[932,746,204,76],"offset":[0,0],"originalSize":[204,76],"rotated":1,"capInsets":[45,30,45,30]}},{"__type__":"cc.SpriteFrame","content":{"name":"declining_BG","texture":"1d3a87338","rect":[2,2,619,945],"offset":[0,0],"originalSize":[619,945]}}]