[{"__type__":"cc.SpriteFrame","content":{"name":"title2","texture":"178abc183","rect":[792,575,174,82],"offset":[0,2],"originalSize":[174,86]}},{"__type__":"cc.SpriteFrame","content":{"name":"normalbg","texture":"24ubN/e2dDXbmdl2D5avQY","rect":[0,0,640,1136],"offset":[0,0],"originalSize":[640,1136]}},{"__type__":"cc.SpriteFrame","content":{"name":"appiconbg","texture":"178abc183","rect":[868,197,102,102],"offset":[0,0],"originalSize":[102,102]}},{"__type__":"cc.SpriteFrame","content":{"name":"default_scrollbar_vertical","texture":"d608qFRoFHwbXd0Dap056i","rect":[0,0,15,30],"offset":[0,0],"originalSize":[15,30],"capInsets":[4,10,4,10]}},{"__type__":"cc.SpriteFrame","content":{"name":"default_scrollbar_vertical_bg","texture":"61cyPdEfRN047sDK9rO0W5","rect":[0,0,15,30],"offset":[0,0],"originalSize":[15,30],"capInsets":[4,10,4,10]}},{"__type__":"cc.SpriteFrame","content":{"name":"remove","texture":"1d3a87338","rect":[2,982,40,40],"offset":[0,0],"originalSize":[40,40]}},{"__type__":"cc.SpriteFrame","content":{"name":"finish","texture":"14a1c60ae","rect":[813,919,52,43],"offset":[0,0],"originalSize":[52,43]}},{"__type__":"cc.SpriteFrame","content":{"name":"leaveBtn","texture":"178abc183","rect":[570,803,191,79],"offset":[0,0],"originalSize":[191,79]}},{"__type__":"cc.SpriteFrame","content":{"name":"countdownbg","texture":"14a1c60ae","rect":[681,919,128,44],"offset":[0,0],"originalSize":[128,44]}},[{"__type__":"cc.Prefab","_name":"backlogList","data":{"__id__":1}},{"__type__":"cc.Node","_name":"backloglist","_children":[{"__id__":2},{"__id__":4},{"__id__":6},{"__id__":7}],"_level":1,"_components":[{"__id__":8},{"__type__":"2935eXiM1tJIZKuTyEUKaDN","node":{"__id__":1},"fieldName_l":{"__id__":3},"costTime_l":{"__id__":5},"icon":{"__id__":8},"removebtn":{"__id__":6},"finishicon":{"__id__":7}}],"_prefab":{"__type__":"cc.PrefabInfo","root":{"__id__":1},"asset":{"__uuid__":"b6oZn1zMxB1Z841HbCiI1u"},"fileId":"82DyZYFZhOjLgp3iP89Cb7"},"_contentSize":{"__type__":"cc.Size","width":80,"height":80},"_position":{"__type__":"cc.Vec3","x":-229,"y":-51},"_scale":{"__type__":"cc.Vec3","x":1,"y":1,"z":1},"_localZOrder":494},{"__type__":"cc.Node","_name":"label","_parent":{"__id__":1},"_level":2,"_components":[{"__id__":3}],"_prefab":{"__type__":"cc.PrefabInfo","root":{"__id__":1},"asset":{"__uuid__":"b6oZn1zMxB1Z841HbCiI1u"},"fileId":"50slAUtrxJx6Hp7vnI2152"},"_contentSize":{"__type__":"cc.Size","width":120,"height":24},"_anchorPoint":{"__type__":"cc.Vec2","y":0.5},"_position":{"__type__":"cc.Vec3","x":70,"y":20},"_scale":{"__type__":"cc.Vec3","x":1,"y":1,"z":1},"_localZOrder":215},{"__type__":"cc.Label","node":{"__id__":2},"_srcBlendFactor":1,"_useOriginalSize":false,"_string":"看专业书籍","_N$string":"看专业书籍","_fontSize":24,"_lineHeight":24.4,"_N$verticalAlign":1},{"__type__":"cc.Node","_name":"timelabel","_parent":{"__id__":1},"_level":2,"_components":[{"__id__":5}],"_prefab":{"__type__":"cc.PrefabInfo","root":{"__id__":1},"asset":{"__uuid__":"b6oZn1zMxB1Z841HbCiI1u"},"fileId":"f5dVEHRq5Btos4NQXsZL+e"},"_color":{"__type__":"cc.Color","r":178,"g":185,"b":222},"_contentSize":{"__type__":"cc.Size","width":350,"height":80},"_anchorPoint":{"__type__":"cc.Vec2","y":1},"_position":{"__type__":"cc.Vec3","x":70,"y":-3},"_scale":{"__type__":"cc.Vec3","x":1,"y":1,"z":1},"_localZOrder":216},{"__type__":"cc.Label","node":{"__id__":4},"_srcBlendFactor":1,"_useOriginalSize":false,"_string":"60小时","_N$string":"60小时","_fontSize":22,"_N$overflow":1},{"__type__":"cc.Node","_name":"remove","_parent":{"__id__":1},"_level":2,"_components":[{"__type__":"cc.Sprite","node":{"__id__":6},"_spriteFrame":{"__uuid__":"80wqeypwZMqaoeSBHNJRbE"}},{"__type__":"cc.Button","node":{"__id__":6},"clickEvents":[{"__type__":"cc.ClickEvent","target":{"__id__":1},"component":"BacklogList","handler":"onClick"}],"_N$target":{"__id__":6}}],"_prefab":{"__type__":"cc.PrefabInfo","root":{"__id__":1},"asset":{"__uuid__":"b6oZn1zMxB1Z841HbCiI1u"},"fileId":"783a6VuKVDxZRpnxbUM9HD"},"_contentSize":{"__type__":"cc.Size","width":40,"height":40},"_position":{"__type__":"cc.Vec3","x":467},"_scale":{"__type__":"cc.Vec3","x":1,"y":1,"z":1},"_localZOrder":217},{"__type__":"cc.Node","_name":"finish","_parent":{"__id__":1},"_level":2,"_components":[{"__type__":"cc.Sprite","node":{"__id__":7},"_spriteFrame":{"__uuid__":"80ySenFKpLE4mMDK2BhJnk"}}],"_prefab":{"__type__":"cc.PrefabInfo","root":{"__id__":1},"asset":{"__uuid__":"b6oZn1zMxB1Z841HbCiI1u"},"fileId":"92Ux0adEJIoJSZFMa0+HIb"},"_contentSize":{"__type__":"cc.Size","width":52,"height":43},"_position":{"__type__":"cc.Vec3","x":467},"_scale":{"__type__":"cc.Vec3","x":1,"y":1,"z":1},"_localZOrder":218},{"__type__":"cc.Sprite","node":{"__id__":1},"_spriteFrame":{"__uuid__":"4a8LYN5j1MLpE5/s7b+DAr"},"_sizeMode":0}],{"__type__":"cc.SpriteFrame","content":{"name":"declining_BG","texture":"1d3a87338","rect":[2,2,619,945],"offset":[0,0],"originalSize":[619,945]}},{"__type__":"cc.SpriteFrame","content":{"name":"tipicon","texture":"14a1c60ae","rect":[990,583,27,27],"offset":[0,0],"originalSize":[27,27]}},[{"__type__":"cc.SceneAsset","_name":"BacklogScene","scene":{"__id__":1},"asyncLoadAssets":null},{"__type__":"cc.Scene","_name":"New Node","_children":[{"__id__":2}],"_anchorPoint":{"__type__":"cc.Vec2"},"_scale":{"__type__":"cc.Vec3","x":0.4639084507042254,"y":0.4639084507042254,"z":1},"autoReleaseAssets":false},{"__type__":"cc.Node","_name":"Canvas","_parent":{"__id__":1},"_children":[{"__id__":3},{"__id__":4},{"__id__":5},{"__id__":6},{"__id__":9},{"__id__":11},{"__id__":12},{"__id__":15},{"__id__":16}],"_components":[{"__type__":"cc.Canvas","node":{"__id__":2},"_designResolution":{"__type__":"cc.Size","width":640,"height":1136},"_fitWidth":true,"_fitHeight":false},{"__type__":"4a8e98SqG1GJ6wVxXyjqVOS","node":{"__id__":2},"backlog_fab":{"__uuid__":"b6oZn1zMxB1Z841HbCiI1u"},"resttimetip_l":{"__id__":10},"notodo":{"__id__":11},"executing_content":{"__id__":22},"countdown":{"__id__":12},"countdown_l":{"__id__":14},"executingScrollView":{"__id__":21}}],"_contentSize":{"__type__":"cc.Size","width":640,"height":1136},"_position":{"__type__":"cc.Vec3","x":320,"y":568},"_scale":{"__type__":"cc.Vec3","x":1,"y":1,"z":1},"_id":"18N8qqPOFJoaoiKv/l7auD"},{"__type__":"cc.Node","_name":"Main Camera","_parent":{"__id__":2},"_level":1,"_components":[{"__type__":"cc.Camera","node":{"__id__":3},"_clearFlags":7,"_depth":-1}],"_scale":{"__type__":"cc.Vec3","x":1,"y":1,"z":1}},{"__type__":"cc.Node","_name":"mainbg","_parent":{"__id__":2},"_level":1,"_components":[{"__type__":"cc.Sprite","node":{"__id__":4},"_spriteFrame":{"__uuid__":"18N3NegzBMk6HiDLP7eV3e"}}],"_contentSize":{"__type__":"cc.Size","width":640,"height":1136},"_scale":{"__type__":"cc.Vec3","x":1,"y":1,"z":1}},{"__type__":"cc.Node","_name":"declining_BG","_parent":{"__id__":2},"_level":1,"_components":[{"__type__":"cc.Sprite","node":{"__id__":5},"_spriteFrame":{"__uuid__":"edkQ/PpiZPsYHjBoK1+RRj"}}],"_contentSize":{"__type__":"cc.Size","width":619,"height":945},"_scale":{"__type__":"cc.Vec3","x":1,"y":1,"z":1}},{"__type__":"cc.Node","_name":"title2","_parent":{"__id__":2},"_children":[{"__id__":7}],"_level":1,"_components":[{"__type__":"cc.Sprite","node":{"__id__":6},"_spriteFrame":{"__uuid__":"03VMz7B2RGM4Sy0X7Nfnoi"}}],"_contentSize":{"__type__":"cc.Size","width":174,"height":82},"_position":{"__type__":"cc.Vec3","x":-228,"y":451},"_scale":{"__type__":"cc.Vec3","x":1,"y":1,"z":1}},{"__type__":"cc.Node","_name":"New Label","_parent":{"__id__":6},"_children":[{"__id__":8}],"_level":2,"_components":[{"__type__":"cc.Label","node":{"__id__":7},"_srcBlendFactor":1,"_useOriginalSize":false,"_string":"待办事项","_N$string":"待办事项","_N$horizontalAlign":1,"_N$verticalAlign":1}],"_contentSize":{"__type__":"cc.Size","width":160,"height":40},"_position":{"__type__":"cc.Vec3","x":31},"_scale":{"__type__":"cc.Vec3","x":1,"y":1,"z":1}},{"__type__":"cc.Node","_name":"tipicon","_parent":{"__id__":7},"_level":3,"_components":[{"__type__":"cc.Sprite","node":{"__id__":8},"_spriteFrame":{"__uuid__":"fb3g06Fv1MK6AE9aLT38dX"}}],"_contentSize":{"__type__":"cc.Size","width":27,"height":27},"_position":{"__type__":"cc.Vec3","x":111},"_scale":{"__type__":"cc.Vec3","x":1,"y":1,"z":1}},{"__type__":"cc.Node","_name":"resttimelabel","_parent":{"__id__":2},"_level":1,"_components":[{"__id__":10}],"_contentSize":{"__type__":"cc.Size","width":234.71,"height":40},"_position":{"__type__":"cc.Vec3","x":155,"y":399},"_scale":{"__type__":"cc.Vec3","x":1,"y":1,"z":1}},{"__type__":"cc.Label","node":{"__id__":9},"_srcBlendFactor":1,"_useOriginalSize":false,"_string":"剩余空闲时间：230小时","_N$string":"剩余空闲时间：230小时","_fontSize":22,"_N$horizontalAlign":1,"_N$verticalAlign":1},{"__type__":"cc.Node","_name":"notodolabel","_parent":{"__id__":2},"_level":1,"_components":[{"__type__":"cc.Label","node":{"__id__":11},"_srcBlendFactor":1,"_useOriginalSize":false,"_string":"还没有待办事项","_N$string":"还没有待办事项","_fontSize":26,"_N$horizontalAlign":1,"_N$verticalAlign":1}],"_color":{"__type__":"cc.Color","r":151,"g":162,"b":200},"_contentSize":{"__type__":"cc.Size","width":182,"height":40},"_position":{"__type__":"cc.Vec3","x":-162,"y":253},"_scale":{"__type__":"cc.Vec3","x":1,"y":1,"z":1}},{"__type__":"cc.Node","_name":"countdownbg","_parent":{"__id__":2},"_children":[{"__id__":13}],"_level":1,"_components":[{"__type__":"cc.Sprite","node":{"__id__":12},"_spriteFrame":{"__uuid__":"a7CtETovhAG4lWbDUWhlhP"}}],"_contentSize":{"__type__":"cc.Size","width":128,"height":44},"_scale":{"__type__":"cc.Vec3","x":1,"y":1,"z":1}},{"__type__":"cc.Node","_name":"countdownlabel","_parent":{"__id__":12},"_level":2,"_components":[{"__id__":14}],"_color":{"__type__":"cc.Color","r":178,"g":185,"b":222},"_contentSize":{"__type__":"cc.Size","width":86.82,"height":40},"_scale":{"__type__":"cc.Vec3","x":1,"y":1,"z":1}},{"__type__":"cc.Label","node":{"__id__":13},"_srcBlendFactor":1,"_useOriginalSize":false,"_string":"剩余5:45","_N$string":"剩余5:45","_fontSize":22,"_N$horizontalAlign":1,"_N$verticalAlign":1},{"__type__":"cc.Node","_name":"leaveBtn","_parent":{"__id__":2},"_level":1,"_components":[{"__type__":"cc.Sprite","node":{"__id__":15},"_spriteFrame":{"__uuid__":"9054GGmV1K0orHp3BThl4w"}},{"__type__":"cc.Button","node":{"__id__":15},"clickEvents":[{"__type__":"cc.ClickEvent","target":{"__id__":2},"component":"BacklogScene","handler":"onLeave"}],"_N$target":{"__id__":15}}],"_contentSize":{"__type__":"cc.Size","width":191,"height":79},"_position":{"__type__":"cc.Vec3","x":223,"y":-514},"_scale":{"__type__":"cc.Vec3","x":1,"y":1,"z":1}},{"__type__":"cc.Node","_name":"scrollview","_parent":{"__id__":2},"_children":[{"__id__":17},{"__id__":23}],"_level":1,"_components":[{"__id__":21},{"__type__":"cc.Widget","node":{"__id__":16},"alignMode":2,"_alignFlags":45,"_left":20,"_right":20,"_top":254,"_bottom":276,"_originalWidth":240,"_originalHeight":250}],"_contentSize":{"__type__":"cc.Size","width":600,"height":606},"_position":{"__type__":"cc.Vec3","y":11},"_scale":{"__type__":"cc.Vec3","x":1,"y":1,"z":1}},{"__type__":"cc.Node","_name":"scrollBar","_parent":{"__id__":16},"_children":[{"__id__":18}],"_active":false,"_components":[{"__id__":20},{"__type__":"cc.Widget","node":{"__id__":17},"alignMode":0,"_alignFlags":37,"_left":350.07654921020657,"_originalHeight":237},{"__type__":"cc.Sprite","node":{"__id__":17},"_spriteFrame":{"__uuid__":"5f5dyqtRNNxaFmVzYns6FZ"},"_type":1,"_sizeMode":0}],"_contentSize":{"__type__":"cc.Size","width":12,"height":606},"_anchorPoint":{"__type__":"cc.Vec2","x":1,"y":0.5},"_position":{"__type__":"cc.Vec3","x":300},"_scale":{"__type__":"cc.Vec3","x":1,"y":1,"z":1}},{"__type__":"cc.Node","_name":"bar","_parent":{"__id__":17},"_components":[{"__id__":19}],"_contentSize":{"__type__":"cc.Size","width":10,"height":30},"_anchorPoint":{"__type__":"cc.Vec2","x":1},"_position":{"__type__":"cc.Vec3","x":-1},"_scale":{"__type__":"cc.Vec3","x":1,"y":1,"z":1}},{"__type__":"cc.Sprite","node":{"__id__":18},"_spriteFrame":{"__uuid__":"5cO7kybDxGj4ipyMYdRYZB"},"_type":1,"_sizeMode":0},{"__type__":"cc.Scrollbar","node":{"__id__":17},"_scrollView":{"__id__":21},"_N$handle":{"__id__":19},"_N$direction":1},{"__type__":"cc.ScrollView","node":{"__id__":16},"content":{"__id__":22},"horizontal":false,"brake":0.75,"elastic":false,"bounceDuration":0.23,"_N$horizontalScrollBar":null,"_N$verticalScrollBar":{"__id__":20}},{"__type__":"cc.Node","_name":"content","_parent":{"__id__":23},"_components":[{"__type__":"cc.Widget","node":{"__id__":22},"_alignFlags":45,"_bottom":-394,"_originalWidth":220,"_originalHeight":400},{"__type__":"cc.Layout","node":{"__id__":22},"_layoutSize":{"__type__":"cc.Size","width":600,"height":1000},"_N$layoutType":2,"_N$paddingLeft":20,"_N$paddingTop":10,"_N$spacingX":53,"_N$spacingY":50}],"_contentSize":{"__type__":"cc.Size","width":600,"height":1000},"_anchorPoint":{"__type__":"cc.Vec2","x":0.5,"y":1},"_scale":{"__type__":"cc.Vec3","x":1,"y":1,"z":1}},{"__type__":"cc.Node","_name":"view","_parent":{"__id__":16},"_children":[{"__id__":22}],"_components":[{"__type__":"cc.Mask","node":{"__id__":23}},{"__type__":"cc.Widget","node":{"__id__":23},"_alignFlags":45,"_top":3,"_bottom":-3,"_originalWidth":240,"_originalHeight":250}],"_contentSize":{"__type__":"cc.Size","width":600,"height":606},"_anchorPoint":{"__type__":"cc.Vec2","x":0.5,"y":1},"_position":{"__type__":"cc.Vec3","y":300},"_scale":{"__type__":"cc.Vec3","x":1,"y":1,"z":1}}]]