[{"__type__":"cc.SpriteFrame","content":{"name":"gjicon","texture":"1fb4a8873","rect":[564,781,78,78],"offset":[0,0],"originalSize":[78,78]}},{"__type__":"cc.SpriteFrame","content":{"name":"namebgg","texture":"1fb4a8873","rect":[564,2,378,72],"offset":[0,0],"originalSize":[378,72]}},{"__type__":"cc.SpriteFrame","content":{"name":"mstop","texture":"14a1c60ae","rect":[628,919,49,49],"offset":[0,0],"originalSize":[49,49]}},{"__type__":"cc.SpriteFrame","content":{"name":"shuxingicon","texture":"1d3a87338","rect":[46,951,107,69],"offset":[0,0],"originalSize":[107,69]}},{"__type__":"cc.SpriteFrame","content":{"name":"normalbg","texture":"24ubN/e2dDXbmdl2D5avQY","rect":[0,0,640,1136],"offset":[0,0],"originalSize":[640,1136]}},{"__type__":"cc.SpriteFrame","content":{"name":"namebgb","texture":"1bd732664","rect":[625,678,378,72],"offset":[0,0],"originalSize":[378,72]}},[{"__type__":"cc.SceneAsset","_name":"MainScene","scene":{"__id__":1},"asyncLoadAssets":null},{"__type__":"cc.Scene","_name":"New Node","_children":[{"__id__":2},{"__id__":106},{"__id__":125},{"__id__":157},{"__id__":177}],"_anchorPoint":{"__type__":"cc.Vec2"},"_scale":{"__type__":"cc.Vec3","x":0.4639084507042254,"y":0.4639084507042254,"z":1},"autoReleaseAssets":false},{"__type__":"cc.Node","_name":"Canvas","_parent":{"__id__":1},"_children":[{"__id__":3},{"__id__":4},{"__id__":5},{"__id__":46},{"__id__":54},{"__id__":60},{"__id__":68},{"__id__":76},{"__id__":77},{"__id__":102}],"_components":[{"__type__":"cc.Canvas","node":{"__id__":2},"_designResolution":{"__type__":"cc.Size","width":640,"height":1136},"_fitWidth":true,"_fitHeight":false},{"__type__":"a3fe8UI7fxMiI3BebMskK9w","node":{"__id__":2},"icon_fab":{"__uuid__":"f9LtClcxNAfpvfTsEo291L"},"block_fab":{"__uuid__":"46DynU9ppDdKwb31l+HWCE"},"icon_content":{"__id__":52},"icon_area":{"__id__":46},"block_content":{"__id__":35},"pop":{"__id__":75},"time_slider_area":{"__id__":60},"time_slider":{"__id__":65},"salary_l":{"__id__":38},"lefttime_l":{"__id__":43},"name_l":{"__id__":15},"age_l":{"__id__":10},"job_l":{"__id__":12},"lover_l":{"__id__":21},"car_l":{"__id__":27},"house_l":{"__id__":24},"money_l":{"__id__":33},"twinkle_n":{"__id__":31},"twinkle_sf":[{"__uuid__":"7afmaCtAdHB5hvRjGGdvgl"},{"__uuid__":"9dZRF/Dk9FkqqCAFHGsOJR"}],"month_l":{"__id__":59},"status_s":{"__id__":17},"status_sf":[{"__uuid__":"04Jwa+EkVDBrKxyMCjWRWB"},{"__uuid__":"de7JpRdhZAJIcbTIDY8iJe"}],"popinfo":{"__id__":101},"delay":{"__id__":102},"countdown_l":{"__id__":105}},{"__type__":"9e2e7p8toNLqJo8kbMe3hFE","node":{"__id__":2},"namebg_b":{"__id__":7},"namebg_g":{"__id__":8},"monthbg_b":{"__id__":55},"monthbg_g":{"__id__":56}}],"_contentSize":{"__type__":"cc.Size","width":640,"height":1136},"_position":{"__type__":"cc.Vec3","x":320,"y":568},"_scale":{"__type__":"cc.Vec3","x":1,"y":1,"z":1},"_id":"0baZE83L1N1KVMpq6LgTpd"},{"__type__":"cc.Node","_name":"Main Camera","_parent":{"__id__":2},"_level":1,"_components":[{"__type__":"cc.Camera","node":{"__id__":3},"_clearFlags":7,"_depth":-1}],"_scale":{"__type__":"cc.Vec3","x":1,"y":1,"z":1}},{"__type__":"cc.Node","_name":"mainbg","_parent":{"__id__":2},"_level":1,"_components":[{"__type__":"cc.Sprite","node":{"__id__":4},"_spriteFrame":{"__uuid__":"2bhFoSMdpF2oDyItBm2a+7"}},{"__type__":"cc.Widget","node":{"__id__":4},"_alignFlags":45,"_originalWidth":640,"_originalHeight":1136}],"_contentSize":{"__type__":"cc.Size","width":640,"height":1136},"_scale":{"__type__":"cc.Vec3","x":1,"y":1,"z":1}},{"__type__":"cc.Node","_name":"topbar","_parent":{"__id__":2},"_children":[{"__id__":6},{"__id__":18},{"__id__":28},{"__id__":36}],"_level":1,"_components":[{"__type__":"cc.Widget","node":{"__id__":5},"_alignFlags":9,"_left":40,"_top":25}],"_anchorPoint":{"__type__":"cc.Vec2"},"_position":{"__type__":"cc.Vec3","x":-280,"y":543},"_scale":{"__type__":"cc.Vec3","x":1,"y":1,"z":1}},{"__type__":"cc.Node","_name":"namebg","_parent":{"__id__":5},"_children":[{"__id__":7},{"__id__":8},{"__id__":9},{"__id__":11},{"__id__":13}],"_level":2,"_components":[{"__type__":"cc.Button","node":{"__id__":6},"clickEvents":[{"__type__":"cc.ClickEvent","target":{"__id__":2},"component":"MainScene","handler":"showStatusInfo"}],"_N$target":{"__id__":6}}],"_contentSize":{"__type__":"cc.Size","width":341,"height":72},"_anchorPoint":{"__type__":"cc.Vec2","y":1},"_scale":{"__type__":"cc.Vec3","x":1,"y":1,"z":1}},{"__type__":"cc.Node","_name":"namebgb","_parent":{"__id__":6},"_level":3,"_components":[{"__type__":"cc.Sprite","node":{"__id__":7},"_spriteFrame":{"__uuid__":"1aoOU0oNlJwq1sZUvCUdY4"}}],"_contentSize":{"__type__":"cc.Size","width":341,"height":72},"_anchorPoint":{"__type__":"cc.Vec2","y":1},"_scale":{"__type__":"cc.Vec3","x":1,"y":1,"z":1}},{"__type__":"cc.Node","_name":"namebgg","_parent":{"__id__":6},"_level":3,"_components":[{"__type__":"cc.Sprite","node":{"__id__":8},"_spriteFrame":{"__uuid__":"10lSRNhuZPp6Xpr/ZvSbF3"}}],"_contentSize":{"__type__":"cc.Size","width":341,"height":72},"_anchorPoint":{"__type__":"cc.Vec2","y":1},"_scale":{"__type__":"cc.Vec3","x":1,"y":1,"z":1}},{"__type__":"cc.Node","_name":"age","_parent":{"__id__":6},"_level":3,"_components":[{"__id__":10}],"_color":{"__type__":"cc.Color","r":196,"g":196,"b":219},"_contentSize":{"__type__":"cc.Size","width":34.24,"height":22},"_anchorPoint":{"__type__":"cc.Vec2","y":0.5},"_position":{"__type__":"cc.Vec3","x":11,"y":-50},"_scale":{"__type__":"cc.Vec3","x":1,"y":1,"z":1}},{"__type__":"cc.Label","node":{"__id__":9},"_srcBlendFactor":1,"_useOriginalSize":false,"_string":"1岁","_N$string":"1岁","_fontSize":22,"_lineHeight":22,"_N$horizontalAlign":1,"_N$verticalAlign":1},{"__type__":"cc.Node","_name":"job","_parent":{"__id__":6},"_level":3,"_components":[{"__id__":12}],"_color":{"__type__":"cc.Color","r":196,"g":196,"b":219},"_contentSize":{"__type__":"cc.Size","width":44,"height":22},"_anchorPoint":{"__type__":"cc.Vec2","y":0.5},"_position":{"__type__":"cc.Vec3","x":75,"y":-50},"_scale":{"__type__":"cc.Vec3","x":1,"y":1,"z":1}},{"__type__":"cc.Label","node":{"__id__":11},"_srcBlendFactor":1,"_useOriginalSize":false,"_string":"工作","_N$string":"工作","_fontSize":22,"_lineHeight":22,"_N$horizontalAlign":1,"_N$verticalAlign":1},{"__type__":"cc.Node","_name":"namearea","_parent":{"__id__":6},"_children":[{"__id__":14},{"__id__":16}],"_level":3,"_components":[{"__type__":"cc.Layout","node":{"__id__":13},"_layoutSize":{"__type__":"cc.Size","width":300,"height":30},"_N$layoutType":1,"_N$spacingX":10}],"_contentSize":{"__type__":"cc.Size","width":300,"height":30},"_anchorPoint":{"__type__":"cc.Vec2","y":0.5},"_position":{"__type__":"cc.Vec3","x":11,"y":-20},"_scale":{"__type__":"cc.Vec3","x":1,"y":1,"z":1}},{"__type__":"cc.Node","_name":"name","_parent":{"__id__":13},"_level":4,"_components":[{"__id__":15}],"_contentSize":{"__type__":"cc.Size","width":44,"height":22},"_anchorPoint":{"__type__":"cc.Vec2","y":0.5},"_scale":{"__type__":"cc.Vec3","x":1,"y":1,"z":1}},{"__type__":"cc.Label","node":{"__id__":14},"_srcBlendFactor":1,"_useOriginalSize":false,"_string":"姓名","_N$string":"姓名","_fontSize":22,"_lineHeight":22,"_N$horizontalAlign":1,"_N$verticalAlign":1},{"__type__":"cc.Node","_name":"gjicon","_parent":{"__id__":13},"_level":4,"_components":[{"__id__":17}],"_contentSize":{"__type__":"cc.Size","width":24,"height":24},"_position":{"__type__":"cc.Vec3","x":66},"_scale":{"__type__":"cc.Vec3","x":1,"y":1,"z":1}},{"__type__":"cc.Sprite","node":{"__id__":16},"_spriteFrame":{"__uuid__":"04Jwa+EkVDBrKxyMCjWRWB"},"_sizeMode":0},{"__type__":"cc.Node","_name":"property","_parent":{"__id__":5},"_children":[{"__id__":19},{"__id__":22},{"__id__":25}],"_level":2,"_position":{"__type__":"cc.Vec3","y":-100},"_scale":{"__type__":"cc.Vec3","x":1,"y":1,"z":1}},{"__type__":"cc.Node","_name":"love","_parent":{"__id__":18},"_children":[{"__id__":20}],"_level":3,"_components":[{"__type__":"cc.Sprite","node":{"__id__":19},"_spriteFrame":{"__uuid__":"dcTezmNMFDsp43wYQ6FpSD"}}],"_contentSize":{"__type__":"cc.Size","width":26,"height":26},"_position":{"__type__":"cc.Vec3","x":15},"_scale":{"__type__":"cc.Vec3","x":1,"y":1,"z":1}},{"__type__":"cc.Node","_name":"label","_parent":{"__id__":19},"_level":4,"_components":[{"__id__":21}],"_contentSize":{"__type__":"cc.Size","width":10.01,"height":18},"_anchorPoint":{"__type__":"cc.Vec2","y":0.5},"_position":{"__type__":"cc.Vec3","x":25},"_scale":{"__type__":"cc.Vec3","x":1,"y":1,"z":1}},{"__type__":"cc.Label","node":{"__id__":20},"_srcBlendFactor":1,"_useOriginalSize":false,"_string":"1","_N$string":"1","_fontSize":18,"_lineHeight":18,"_N$horizontalAlign":1,"_N$verticalAlign":1},{"__type__":"cc.Node","_name":"house","_parent":{"__id__":18},"_children":[{"__id__":23}],"_level":3,"_components":[{"__type__":"cc.Sprite","node":{"__id__":22},"_spriteFrame":{"__uuid__":"589zxi/YBNzZ1VlVj0JJE3"}}],"_contentSize":{"__type__":"cc.Size","width":26,"height":26},"_position":{"__type__":"cc.Vec3","x":130},"_scale":{"__type__":"cc.Vec3","x":1,"y":1,"z":1}},{"__type__":"cc.Node","_name":"label","_parent":{"__id__":22},"_level":4,"_components":[{"__id__":24}],"_contentSize":{"__type__":"cc.Size","width":10.01,"height":18},"_anchorPoint":{"__type__":"cc.Vec2","y":0.5},"_position":{"__type__":"cc.Vec3","x":25},"_scale":{"__type__":"cc.Vec3","x":1,"y":1,"z":1}},{"__type__":"cc.Label","node":{"__id__":23},"_srcBlendFactor":1,"_useOriginalSize":false,"_string":"2","_N$string":"2","_fontSize":18,"_lineHeight":18,"_N$horizontalAlign":1,"_N$verticalAlign":1},{"__type__":"cc.Node","_name":"car","_parent":{"__id__":18},"_children":[{"__id__":26}],"_level":3,"_components":[{"__type__":"cc.Sprite","node":{"__id__":25},"_spriteFrame":{"__uuid__":"92ilGH4SNHbqnJfWz6Q6Gk"}}],"_contentSize":{"__type__":"cc.Size","width":26,"height":26},"_position":{"__type__":"cc.Vec3","x":305},"_scale":{"__type__":"cc.Vec3","x":1,"y":1,"z":1}},{"__type__":"cc.Node","_name":"label","_parent":{"__id__":25},"_level":4,"_components":[{"__id__":27}],"_contentSize":{"__type__":"cc.Size","width":10.01,"height":18},"_anchorPoint":{"__type__":"cc.Vec2","y":0.5},"_position":{"__type__":"cc.Vec3","x":25},"_scale":{"__type__":"cc.Vec3","x":1,"y":1,"z":1}},{"__type__":"cc.Label","node":{"__id__":26},"_srcBlendFactor":1,"_useOriginalSize":false,"_string":"3","_N$string":"3","_fontSize":18,"_lineHeight":18,"_N$horizontalAlign":1,"_N$verticalAlign":1},{"__type__":"cc.Node","_name":"info","_parent":{"__id__":5},"_children":[{"__id__":29},{"__id__":35}],"_level":2,"_anchorPoint":{"__type__":"cc.Vec2","y":0.5},"_position":{"__type__":"cc.Vec3","y":-130},"_scale":{"__type__":"cc.Vec3","x":1,"y":1,"z":1}},{"__type__":"cc.Node","_name":"money","_parent":{"__id__":28},"_children":[{"__id__":30},{"__id__":32},{"__id__":34}],"_level":3,"_components":[{"__type__":"cc.Sprite","node":{"__id__":29},"_spriteFrame":{"__uuid__":"f5zNGKVVtGSp+DGgXoVtiK"}}],"_contentSize":{"__type__":"cc.Size","width":176,"height":158},"_position":{"__type__":"cc.Vec3","x":468,"y":-79},"_scale":{"__type__":"cc.Vec3","x":1,"y":1,"z":1}},{"__type__":"cc.Node","_name":"twinkle","_parent":{"__id__":29},"_level":4,"_components":[{"__id__":31}],"_contentSize":{"__type__":"cc.Size","width":176,"height":158},"_scale":{"__type__":"cc.Vec3","x":1,"y":1,"z":1}},{"__type__":"cc.Sprite","node":{"__id__":30}},{"__type__":"cc.Node","_name":"label","_parent":{"__id__":29},"_level":4,"_components":[{"__id__":33},{"__type__":"ad071k6WVJD7L8Z49ZzyEsA","node":{"__id__":32}}],"_contentSize":{"__type__":"cc.Size","width":71.19,"height":40},"_anchorPoint":{"__type__":"cc.Vec2","x":0.5},"_scale":{"__type__":"cc.Vec3","x":1,"y":1,"z":1}},{"__type__":"cc.Label","node":{"__id__":32},"_srcBlendFactor":1,"_useOriginalSize":false,"_string":"1000","_N$string":"1000","_fontSize":32,"_N$horizontalAlign":1,"_N$verticalAlign":1},{"__type__":"cc.Node","_name":"label","_parent":{"__id__":29},"_level":4,"_components":[{"__type__":"cc.Label","node":{"__id__":34},"_srcBlendFactor":1,"_useOriginalSize":false,"_string":"钱包","_N$string":"钱包","_fontSize":22,"_lineHeight":24,"_N$horizontalAlign":1,"_N$verticalAlign":1,"_N$fontFamily":"微软雅黑"}],"_contentSize":{"__type__":"cc.Size","width":44,"height":24},"_position":{"__type__":"cc.Vec3","y":-20},"_scale":{"__type__":"cc.Vec3","x":1,"y":1,"z":1}},{"__type__":"cc.Node","_name":"six","_parent":{"__id__":28},"_level":3,"_components":[{"__type__":"cc.Layout","node":{"__id__":35},"_layoutSize":{"__type__":"cc.Size","width":340,"height":160},"_N$layoutType":3,"_N$spacingX":9,"_N$spacingY":19}],"_contentSize":{"__type__":"cc.Size","width":340,"height":160},"_anchorPoint":{"__type__":"cc.Vec2","y":1},"_scale":{"__type__":"cc.Vec3","x":1,"y":1,"z":1}},{"__type__":"cc.Node","_name":"status","_parent":{"__id__":5},"_children":[{"__id__":37},{"__id__":39},{"__id__":40},{"__id__":41},{"__id__":42},{"__id__":44},{"__id__":45}],"_level":2,"_anchorPoint":{"__type__":"cc.Vec2","y":1},"_position":{"__type__":"cc.Vec3","y":-320},"_scale":{"__type__":"cc.Vec3","x":1,"y":1,"z":1}},{"__type__":"cc.Node","_name":"label","_parent":{"__id__":36},"_level":3,"_components":[{"__id__":38},{"__type__":"ad071k6WVJD7L8Z49ZzyEsA","node":{"__id__":37}}],"_contentSize":{"__type__":"cc.Size","width":48.94,"height":22},"_anchorPoint":{"__type__":"cc.Vec2","y":0.5},"_position":{"__type__":"cc.Vec3","x":140},"_scale":{"__type__":"cc.Vec3","x":1,"y":1,"z":1}},{"__type__":"cc.Label","node":{"__id__":37},"_srcBlendFactor":1,"_useOriginalSize":false,"_string":"4000","_N$string":"4000","_fontSize":22,"_lineHeight":22,"_N$horizontalAlign":1,"_N$verticalAlign":1},{"__type__":"cc.Node","_name":"label","_parent":{"__id__":36},"_level":3,"_components":[{"__type__":"cc.Label","node":{"__id__":39},"_srcBlendFactor":1,"_useOriginalSize":false,"_string":"本月工作收入","_N$string":"本月工作收入","_fontSize":22,"_lineHeight":22,"_N$horizontalAlign":1,"_N$verticalAlign":1}],"_color":{"__type__":"cc.Color","r":196,"g":196,"b":219},"_contentSize":{"__type__":"cc.Size","width":132,"height":22},"_anchorPoint":{"__type__":"cc.Vec2","y":0.5},"_scale":{"__type__":"cc.Vec3","x":1,"y":1,"z":1}},{"__type__":"cc.Node","_name":"split","_parent":{"__id__":36},"_level":3,"_components":[{"__type__":"cc.Sprite","node":{"__id__":40},"_spriteFrame":{"__uuid__":"88wkxbqIJPzZz1/Ytievv1"}}],"_contentSize":{"__type__":"cc.Size","width":2,"height":26},"_position":{"__type__":"cc.Vec3","x":240},"_scale":{"__type__":"cc.Vec3","x":1,"y":1,"z":1}},{"__type__":"cc.Node","_name":"label","_parent":{"__id__":36},"_level":3,"_components":[{"__type__":"cc.Label","node":{"__id__":41},"_srcBlendFactor":1,"_useOriginalSize":false,"_string":"本月空闲时间","_N$string":"本月空闲时间","_fontSize":22,"_lineHeight":22,"_N$horizontalAlign":1,"_N$verticalAlign":1}],"_color":{"__type__":"cc.Color","r":196,"g":196,"b":219},"_contentSize":{"__type__":"cc.Size","width":132,"height":22},"_anchorPoint":{"__type__":"cc.Vec2","y":0.5},"_position":{"__type__":"cc.Vec3","x":275},"_scale":{"__type__":"cc.Vec3","x":1,"y":1,"z":1}},{"__type__":"cc.Node","_name":"month","_parent":{"__id__":36},"_level":3,"_components":[{"__id__":43},{"__type__":"ad071k6WVJD7L8Z49ZzyEsA","node":{"__id__":42},"step":10}],"_contentSize":{"__type__":"cc.Size","width":36.71,"height":22},"_anchorPoint":{"__type__":"cc.Vec2","y":0.5},"_position":{"__type__":"cc.Vec3","x":415},"_scale":{"__type__":"cc.Vec3","x":1,"y":1,"z":1}},{"__type__":"cc.Label","node":{"__id__":42},"_srcBlendFactor":1,"_useOriginalSize":false,"_string":"230","_N$string":"230","_fontSize":22,"_lineHeight":22,"_N$horizontalAlign":1,"_N$verticalAlign":1},{"__type__":"cc.Node","_name":"downbtn","_parent":{"__id__":36},"_level":3,"_components":[{"__type__":"cc.Sprite","node":{"__id__":44},"_spriteFrame":{"__uuid__":"cbkiEN3gBOBK5eHirT9oMx"}},{"__type__":"cc.Button","node":{"__id__":44},"clickEvents":[{"__type__":"cc.ClickEvent","target":{"__id__":2},"component":"MainScene","handler":"showTimeSlider"}],"_N$target":{"__id__":44}}],"_contentSize":{"__type__":"cc.Size","width":29,"height":29},"_position":{"__type__":"cc.Vec3","x":543},"_scale":{"__type__":"cc.Vec3","x":1,"y":1,"z":1}},{"__type__":"cc.Node","_name":"label","_parent":{"__id__":36},"_level":3,"_components":[{"__type__":"cc.Label","node":{"__id__":45},"_srcBlendFactor":1,"_useOriginalSize":false,"_string":"小时","_N$string":"小时","_fontSize":22,"_lineHeight":22,"_N$horizontalAlign":1,"_N$verticalAlign":1}],"_contentSize":{"__type__":"cc.Size","width":44,"height":22},"_anchorPoint":{"__type__":"cc.Vec2","y":0.5},"_position":{"__type__":"cc.Vec3","x":457.4},"_scale":{"__type__":"cc.Vec3","x":1,"y":1,"z":1}},{"__type__":"cc.Node","_name":"scrollview","_parent":{"__id__":2},"_children":[{"__id__":47},{"__id__":53}],"_level":1,"_components":[{"__id__":51},{"__type__":"cc.Widget","node":{"__id__":46},"alignMode":2,"_alignFlags":45,"_left":20,"_right":20,"_top":380,"_bottom":150,"_originalWidth":240,"_originalHeight":250}],"_contentSize":{"__type__":"cc.Size","width":600,"height":606},"_position":{"__type__":"cc.Vec3","y":-115},"_scale":{"__type__":"cc.Vec3","x":1,"y":1,"z":1}},{"__type__":"cc.Node","_name":"scrollBar","_parent":{"__id__":46},"_children":[{"__id__":48}],"_active":false,"_components":[{"__id__":50},{"__type__":"cc.Widget","node":{"__id__":47},"alignMode":0,"_alignFlags":37,"_left":350.07654921020657,"_originalHeight":237},{"__type__":"cc.Sprite","node":{"__id__":47},"_spriteFrame":{"__uuid__":"5f5dyqtRNNxaFmVzYns6FZ"},"_type":1,"_sizeMode":0}],"_contentSize":{"__type__":"cc.Size","width":12,"height":606},"_anchorPoint":{"__type__":"cc.Vec2","x":1,"y":0.5},"_position":{"__type__":"cc.Vec3","x":300},"_scale":{"__type__":"cc.Vec3","x":1,"y":1,"z":1}},{"__type__":"cc.Node","_name":"bar","_parent":{"__id__":47},"_components":[{"__id__":49}],"_contentSize":{"__type__":"cc.Size","width":10,"height":30},"_anchorPoint":{"__type__":"cc.Vec2","x":1},"_position":{"__type__":"cc.Vec3","x":-1},"_scale":{"__type__":"cc.Vec3","x":1,"y":1,"z":1}},{"__type__":"cc.Sprite","node":{"__id__":48},"_spriteFrame":{"__uuid__":"5cO7kybDxGj4ipyMYdRYZB"},"_type":1,"_sizeMode":0},{"__type__":"cc.Scrollbar","node":{"__id__":47},"_scrollView":{"__id__":51},"_N$handle":{"__id__":49},"_N$direction":1},{"__type__":"cc.ScrollView","node":{"__id__":46},"content":{"__id__":52},"horizontal":false,"brake":0.75,"bounceDuration":0.23,"_N$horizontalScrollBar":null,"_N$verticalScrollBar":{"__id__":50}},{"__type__":"cc.Node","_name":"content","_parent":{"__id__":53},"_components":[{"__type__":"cc.Widget","node":{"__id__":52},"_alignFlags":45,"_originalWidth":220,"_originalHeight":400},{"__type__":"cc.Layout","node":{"__id__":52},"_layoutSize":{"__type__":"cc.Size","width":600,"height":606},"_N$layoutType":3,"_N$paddingLeft":20,"_N$spacingX":53,"_N$spacingY":50}],"_contentSize":{"__type__":"cc.Size","width":600,"height":606},"_anchorPoint":{"__type__":"cc.Vec2","x":0.5,"y":1},"_position":{"__type__":"cc.Vec3","y":303},"_scale":{"__type__":"cc.Vec3","x":1,"y":1,"z":1}},{"__type__":"cc.Node","_name":"view","_parent":{"__id__":46},"_children":[{"__id__":52}],"_components":[{"__type__":"cc.Mask","node":{"__id__":53}},{"__type__":"cc.Widget","node":{"__id__":53},"_alignFlags":45,"_originalWidth":240,"_originalHeight":250}],"_contentSize":{"__type__":"cc.Size","width":600,"height":606},"_scale":{"__type__":"cc.Vec3","x":1,"y":1,"z":1}},{"__type__":"cc.Node","_name":"nextmonthe","_parent":{"__id__":2},"_children":[{"__id__":55},{"__id__":56},{"__id__":57},{"__id__":58}],"_level":1,"_components":[{"__type__":"cc.Widget","node":{"__id__":54},"_alignFlags":36,"_right":40,"_bottom":25},{"__type__":"cc.Button","node":{"__id__":54},"clickEvents":[{"__type__":"cc.ClickEvent","target":{"__id__":2},"component":"MainScene","handler":"nextMonth"}],"_N$target":{"__id__":54}},{"__type__":"6056f/XGBNHtIUBNDKLS3il","node":{"__id__":54}}],"_contentSize":{"__type__":"cc.Size","width":218,"height":73},"_position":{"__type__":"cc.Vec3","x":171,"y":-506.5},"_scale":{"__type__":"cc.Vec3","x":1,"y":1,"z":1}},{"__type__":"cc.Node","_name":"nextmb","_parent":{"__id__":54},"_level":2,"_components":[{"__type__":"cc.Sprite","node":{"__id__":55},"_spriteFrame":{"__uuid__":"cb/XCA3UVARLF6JKj7yDe8"}}],"_contentSize":{"__type__":"cc.Size","width":218,"height":73},"_scale":{"__type__":"cc.Vec3","x":1,"y":1,"z":1}},{"__type__":"cc.Node","_name":"nextmg","_parent":{"__id__":54},"_level":2,"_components":[{"__type__":"cc.Sprite","node":{"__id__":56},"_spriteFrame":{"__uuid__":"4e9dkNcr5GtbaID8ymmlu3"}}],"_contentSize":{"__type__":"cc.Size","width":218,"height":73},"_scale":{"__type__":"cc.Vec3","x":1,"y":1,"z":1}},{"__type__":"cc.Node","_name":"label","_parent":{"__id__":54},"_level":2,"_components":[{"__type__":"cc.Label","node":{"__id__":57},"_srcBlendFactor":1,"_useOriginalSize":false,"_string":"进入下个月","_N$string":"进入下个月","_fontSize":24,"_lineHeight":28,"_N$horizontalAlign":1,"_N$verticalAlign":1,"_N$fontFamily":"微软雅黑"}],"_contentSize":{"__type__":"cc.Size","width":120,"height":28},"_position":{"__type__":"cc.Vec3","x":-20,"y":14},"_scale":{"__type__":"cc.Vec3","x":1,"y":1,"z":1}},{"__type__":"cc.Node","_name":"label","_parent":{"__id__":54},"_level":2,"_components":[{"__id__":59}],"_contentSize":{"__type__":"cc.Size","width":93.11,"height":28},"_position":{"__type__":"cc.Vec3","x":-20,"y":-14},"_scale":{"__type__":"cc.Vec3","x":1,"y":1,"z":1}},{"__type__":"cc.Label","node":{"__id__":58},"_srcBlendFactor":1,"_useOriginalSize":false,"_string":"剩余96个月","_N$string":"剩余96个月","_fontSize":18,"_lineHeight":28,"_N$horizontalAlign":1,"_N$verticalAlign":1,"_N$fontFamily":"微软雅黑"},{"__type__":"cc.Node","_name":"timeSlider","_parent":{"__id__":2},"_children":[{"__id__":61},{"__id__":66},{"__id__":67}],"_active":false,"_level":1,"_components":[{"__type__":"cc.Widget","node":{"__id__":60},"_alignFlags":17,"_top":410}],"_opacity":0,"_position":{"__type__":"cc.Vec3","y":168},"_scale":{"__type__":"cc.Vec3","x":1,"y":1,"z":1}},{"__type__":"cc.Node","_name":"slider","_parent":{"__id__":60},"_children":[{"__id__":62},{"__id__":63}],"_level":2,"_components":[{"__id__":65}],"_contentSize":{"__type__":"cc.Size","width":425,"height":20},"_scale":{"__type__":"cc.Vec3","x":1,"y":1,"z":1}},{"__type__":"cc.Node","_name":"Background","_parent":{"__id__":61},"_components":[{"__type__":"cc.Sprite","node":{"__id__":62},"_spriteFrame":{"__uuid__":"4evmOmOvxIXabT82m7U7Aq"},"_type":1,"_sizeMode":0}],"_contentSize":{"__type__":"cc.Size","width":425,"height":2},"_scale":{"__type__":"cc.Vec3","x":1,"y":1,"z":1}},{"__type__":"cc.Node","_name":"Handle","_parent":{"__id__":61},"_components":[{"__type__":"cc.Sprite","node":{"__id__":63},"_spriteFrame":{"__uuid__":"78jqeRsvNEeaTQ/AdpH7XU"},"_type":1,"_sizeMode":2},{"__id__":64}],"_contentSize":{"__type__":"cc.Size","width":36,"height":52},"_position":{"__type__":"cc.Vec3","x":42.5},"_scale":{"__type__":"cc.Vec3","x":1,"y":1,"z":1}},{"__type__":"cc.Button","node":{"__id__":63},"transition":3,"pressedColor":{"__type__":"cc.Color","r":255,"g":255,"b":255},"zoomScale":1.1,"_N$enableAutoGrayEffect":true,"_N$normalColor":{"__type__":"cc.Color","r":255,"g":255,"b":255},"_N$disabledColor":{"__type__":"cc.Color","r":255,"g":255,"b":255},"_N$normalSprite":{"__uuid__":"e7q6FL+VZEgLJUjVeDLic/"},"_N$pressedSprite":{"__uuid__":"e7q6FL+VZEgLJUjVeDLic/"},"pressedSprite":{"__uuid__":"e7q6FL+VZEgLJUjVeDLic/"},"_N$hoverSprite":{"__uuid__":"e7q6FL+VZEgLJUjVeDLic/"},"hoverSprite":{"__uuid__":"e7q6FL+VZEgLJUjVeDLic/"},"_N$disabledSprite":{"__uuid__":"29FYIk+N1GYaeWH/q1NxQO"},"_N$target":{"__id__":63}},{"__type__":"cc.Slider","node":{"__id__":61},"slideEvents":[{"__type__":"cc.ClickEvent","target":{"__id__":2},"component":"MainScene","handler":"onTimeSlider"}],"_N$handle":{"__id__":64},"_N$progress":0.6},{"__type__":"cc.Node","_name":"label","_parent":{"__id__":60},"_level":2,"_components":[{"__type__":"cc.Label","node":{"__id__":66},"_srcBlendFactor":1,"_useOriginalSize":false,"_string":"150时","_N$string":"150时","_fontSize":24,"_N$horizontalAlign":1,"_N$verticalAlign":1}],"_contentSize":{"__type__":"cc.Size","width":64.04,"height":40},"_position":{"__type__":"cc.Vec3","x":-260},"_scale":{"__type__":"cc.Vec3","x":1,"y":1,"z":1}},{"__type__":"cc.Node","_name":"label","_parent":{"__id__":60},"_level":2,"_components":[{"__type__":"cc.Label","node":{"__id__":67},"_srcBlendFactor":1,"_useOriginalSize":false,"_string":"410时","_N$string":"410时","_fontSize":24,"_N$horizontalAlign":1,"_N$verticalAlign":1}],"_contentSize":{"__type__":"cc.Size","width":64.04,"height":40},"_position":{"__type__":"cc.Vec3","x":260},"_scale":{"__type__":"cc.Vec3","x":1,"y":1,"z":1}},{"__type__":"cc.Node","_name":"popIcons","_parent":{"__id__":2},"_children":[{"__id__":69},{"__id__":70},{"__id__":72},{"__id__":73},{"__id__":74}],"_active":false,"_level":1,"_components":[{"__type__":"cc.Widget","node":{"__id__":68},"_alignFlags":45},{"__id__":75}],"_contentSize":{"__type__":"cc.Size","width":640,"height":1136},"_scale":{"__type__":"cc.Vec3","x":1,"y":1,"z":1}},{"__type__":"cc.Node","_name":"popbg","_parent":{"__id__":68},"_level":2,"_components":[{"__type__":"cc.Sprite","node":{"__id__":69},"_spriteFrame":{"__uuid__":"2bhFoSMdpF2oDyItBm2a+7"},"_sizeMode":0},{"__type__":"cc.Widget","node":{"__id__":69},"_alignFlags":45,"_originalWidth":640,"_originalHeight":1136},{"__type__":"cc.Button","node":{"__id__":69},"clickEvents":[{"__type__":"cc.ClickEvent","target":{"__id__":68},"component":"PopIcons","handler":"onBgClick"}],"_N$target":{"__id__":69}}],"_contentSize":{"__type__":"cc.Size","width":640,"height":1136},"_scale":{"__type__":"cc.Vec3","x":1,"y":1,"z":1}},{"__type__":"cc.Node","_name":"ptip","_parent":{"__id__":68},"_children":[{"__id__":71}],"_level":2,"_components":[{"__type__":"cc.Sprite","node":{"__id__":70},"_spriteFrame":{"__uuid__":"90l1v7EPlJvoL48fNl6sdi"}}],"_contentSize":{"__type__":"cc.Size","width":368,"height":48},"_position":{"__type__":"cc.Vec3","y":219},"_scale":{"__type__":"cc.Vec3","x":1,"y":1,"z":1}},{"__type__":"cc.Node","_name":"label","_parent":{"__id__":70},"_level":3,"_components":[{"__type__":"cc.Label","node":{"__id__":71},"_srcBlendFactor":1,"_useOriginalSize":false,"_string":"以下为月度事件，每月可操作一次","_N$string":"以下为月度事件，每月可操作一次","_fontSize":22,"_N$horizontalAlign":1,"_N$verticalAlign":1}],"_contentSize":{"__type__":"cc.Size","width":330,"height":40},"_scale":{"__type__":"cc.Vec3","x":1,"y":1,"z":1}},{"__type__":"cc.Node","_name":"backBtn","_parent":{"__id__":68},"_level":2,"_components":[{"__type__":"cc.Sprite","node":{"__id__":72},"_spriteFrame":{"__uuid__":"7e9l3QRZBLT7od1LTGsXst"}},{"__type__":"cc.Widget","node":{"__id__":72},"_alignFlags":4,"_bottom":100},{"__type__":"cc.Button","node":{"__id__":72},"clickEvents":[{"__type__":"cc.ClickEvent","target":{"__id__":68},"component":"PopIcons","handler":"close"}],"_N$target":{"__id__":72}}],"_contentSize":{"__type__":"cc.Size","width":62,"height":114},"_position":{"__type__":"cc.Vec3","y":-411},"_scale":{"__type__":"cc.Vec3","x":1,"y":1,"z":1}},{"__type__":"cc.Node","_name":"label","_parent":{"__id__":68},"_level":2,"_components":[{"__type__":"cc.Label","node":{"__id__":73},"_srcBlendFactor":1,"_useOriginalSize":false,"_string":"我的资产","_N$string":"我的资产","_N$horizontalAlign":1,"_N$verticalAlign":1}],"_contentSize":{"__type__":"cc.Size","width":160,"height":40},"_position":{"__type__":"cc.Vec3","y":286},"_scale":{"__type__":"cc.Vec3","x":1,"y":1,"z":1}},{"__type__":"cc.Node","_name":"popcontent","_parent":{"__id__":68},"_level":2,"_components":[{"__type__":"cc.Layout","node":{"__id__":74},"_layoutSize":{"__type__":"cc.Size","width":460,"height":320},"_N$layoutType":3,"_N$paddingLeft":10,"_N$paddingRight":10,"_N$spacingX":65,"_N$spacingY":65}],"_contentSize":{"__type__":"cc.Size","width":460,"height":320},"_anchorPoint":{"__type__":"cc.Vec2","x":-0.0014107746885571593,"y":-0.7918406072106257},"_position":{"__type__":"cc.Vec3","x":-231,"y":-413},"_scale":{"__type__":"cc.Vec3","x":1,"y":1,"z":1}},{"__type__":"403ecKC855P/ZuDV5soibBe","node":{"__id__":68},"bg":{"__id__":69},"content":{"__id__":74},"closeBtn":{"__id__":72},"icon_fab":{"__uuid__":"f9LtClcxNAfpvfTsEo291L"}},{"__type__":"cc.Node","_name":"alphabg","_parent":{"__id__":2},"_active":false,"_level":1,"_components":[{"__type__":"cc.Sprite","node":{"__id__":76},"_spriteFrame":{"__uuid__":"293QrN8z5Alo+a4+CD5VyE"},"_sizeMode":0},{"__type__":"cc.Button","node":{"__id__":76},"_N$target":{"__id__":76}}],"_contentSize":{"__type__":"cc.Size","width":640,"height":1136},"_scale":{"__type__":"cc.Vec3","x":1,"y":1,"z":1}},{"__type__":"cc.Node","_name":"popInfo","_parent":{"__id__":2},"_children":[{"__id__":78},{"__id__":79},{"__id__":81},{"__id__":82},{"__id__":84},{"__id__":86},{"__id__":88},{"__id__":91},{"__id__":94},{"__id__":97},{"__id__":98}],"_active":false,"_level":1,"_components":[{"__id__":101}],"_scale":{"__type__":"cc.Vec3","x":1,"y":1,"z":1}},{"__type__":"cc.Node","_name":"eventbg","_parent":{"__id__":77},"_level":2,"_components":[{"__type__":"cc.Sprite","node":{"__id__":78},"_spriteFrame":{"__uuid__":"f6Kn32Nc5L07h/cCbBDbPK"}}],"_contentSize":{"__type__":"cc.Size","width":592,"height":829},"_scale":{"__type__":"cc.Vec3","x":1,"y":1,"z":1}},{"__type__":"cc.Node","_name":"label","_parent":{"__id__":77},"_level":2,"_components":[{"__id__":80}],"_contentSize":{"__type__":"cc.Size","width":215.61,"height":40},"_anchorPoint":{"__type__":"cc.Vec2","y":0.5},"_position":{"__type__":"cc.Vec3","x":-214,"y":365},"_scale":{"__type__":"cc.Vec3","x":1,"y":1,"z":1}},{"__type__":"cc.Label","node":{"__id__":79},"_srcBlendFactor":1,"_useOriginalSize":false,"_string":"韩梅梅 22岁","_N$string":"韩梅梅 22岁","_N$horizontalAlign":1,"_N$verticalAlign":1},{"__type__":"cc.Node","_name":"label","_parent":{"__id__":77},"_level":2,"_components":[{"__type__":"cc.Label","node":{"__id__":81},"_srcBlendFactor":1,"_useOriginalSize":false,"_string":"当前状态：","_N$string":"当前状态：","_fontSize":28,"_N$horizontalAlign":1,"_N$verticalAlign":1,"_N$fontFamily":"微软雅黑"}],"_color":{"__type__":"cc.Color","r":90,"g":95,"b":123},"_contentSize":{"__type__":"cc.Size","width":140,"height":40},"_position":{"__type__":"cc.Vec3","x":-142,"y":276},"_scale":{"__type__":"cc.Vec3","x":1,"y":1,"z":1}},{"__type__":"cc.Node","_name":"gjicon","_parent":{"__id__":77},"_level":2,"_components":[{"__id__":83}],"_contentSize":{"__type__":"cc.Size","width":78,"height":78},"_position":{"__type__":"cc.Vec3","x":-33,"y":279},"_scale":{"__type__":"cc.Vec3","x":1,"y":1,"z":1}},{"__type__":"cc.Sprite","node":{"__id__":82},"_spriteFrame":{"__uuid__":"04Jwa+EkVDBrKxyMCjWRWB"}},{"__type__":"cc.Node","_name":"label","_parent":{"__id__":77},"_level":2,"_components":[{"__id__":85}],"_color":{"__type__":"cc.Color","r":7,"g":159,"b":136},"_contentSize":{"__type__":"cc.Size","width":164,"height":45},"_position":{"__type__":"cc.Vec3","x":103,"y":281},"_scale":{"__type__":"cc.Vec3","x":1,"y":1,"z":1}},{"__type__":"cc.Label","node":{"__id__":84},"_srcBlendFactor":1,"_useOriginalSize":false,"_string":"干劲满满","_N$string":"干劲满满","_fontSize":41,"_lineHeight":45,"_N$horizontalAlign":1,"_N$verticalAlign":1,"_N$fontFamily":"微软雅黑"},{"__type__":"cc.Node","_name":"label","_parent":{"__id__":77},"_level":2,"_components":[{"__id__":87}],"_color":{"__type__":"cc.Color","r":87,"g":91,"b":119},"_contentSize":{"__type__":"cc.Size","width":460,"height":120},"_anchorPoint":{"__type__":"cc.Vec2","y":1},"_position":{"__type__":"cc.Vec3","x":-233,"y":190},"_scale":{"__type__":"cc.Vec3","x":1,"y":1,"z":1}},{"__type__":"cc.Label","node":{"__id__":86},"_srcBlendFactor":1,"_useOriginalSize":false,"_string":"初入社会小菜鸟，对未来充满希望，浑身都是干劲，游戏内做事从不拖延，立即完成。","_N$string":"初入社会小菜鸟，对未来充满希望，浑身都是干劲，游戏内做事从不拖延，立即完成。","_fontSize":28,"_N$verticalAlign":1,"_N$fontFamily":"微软雅黑","_N$overflow":3},{"__type__":"cc.Node","_name":"rbtn","_parent":{"__id__":77},"_children":[{"__id__":89},{"__id__":90}],"_level":2,"_components":[{"__type__":"cc.Sprite","node":{"__id__":88},"_spriteFrame":{"__uuid__":"36YKOrflZDFqqTH5/ojP9v"},"_type":1,"_sizeMode":0},{"__type__":"cc.Button","node":{"__id__":88},"clickEvents":[{"__type__":"cc.ClickEvent","target":{"__id__":77},"component":"PopInfo","handler":"onYongjiuClick"}],"_N$target":{"__id__":88}}],"_contentSize":{"__type__":"cc.Size","width":425,"height":82},"_position":{"__type__":"cc.Vec3","y":-248},"_scale":{"__type__":"cc.Vec3","x":1,"y":1,"z":1}},{"__type__":"cc.Node","_name":"gjicon","_parent":{"__id__":88},"_level":3,"_components":[{"__type__":"cc.Sprite","node":{"__id__":89},"_spriteFrame":{"__uuid__":"04Jwa+EkVDBrKxyMCjWRWB"},"_sizeMode":0}],"_contentSize":{"__type__":"cc.Size","width":56,"height":56},"_position":{"__type__":"cc.Vec3","x":-128},"_scale":{"__type__":"cc.Vec3","x":1,"y":1,"z":1}},{"__type__":"cc.Node","_name":"label","_parent":{"__id__":88},"_level":3,"_components":[{"__type__":"cc.Label","node":{"__id__":90},"_srcBlendFactor":1,"_useOriginalSize":false,"_string":"永久干劲满满","_N$string":"永久干劲满满","_fontSize":28,"_N$horizontalAlign":1,"_N$verticalAlign":1,"_N$fontFamily":"微软雅黑"}],"_contentSize":{"__type__":"cc.Size","width":168,"height":40},"_anchorPoint":{"__type__":"cc.Vec2","y":0.5},"_position":{"__type__":"cc.Vec3","x":-75},"_scale":{"__type__":"cc.Vec3","x":1,"y":1,"z":1}},{"__type__":"cc.Node","_name":"mstop","_parent":{"__id__":77},"_children":[{"__id__":92},{"__id__":93}],"_level":2,"_components":[{"__type__":"cc.Button","node":{"__id__":91},"clickEvents":[{"__type__":"cc.ClickEvent","target":{"__id__":77},"component":"PopInfo","handler":"onMusicClick"}],"_N$target":{"__id__":91}}],"_contentSize":{"__type__":"cc.Size","width":180,"height":50},"_position":{"__type__":"cc.Vec3","x":-120,"y":-330},"_scale":{"__type__":"cc.Vec3","x":1,"y":1,"z":1}},{"__type__":"cc.Node","_name":"mstop","_parent":{"__id__":91},"_level":3,"_components":[{"__type__":"cc.Sprite","node":{"__id__":92},"_spriteFrame":{"__uuid__":"112rJutkFAqKXZK3gyg6bj"}}],"_contentSize":{"__type__":"cc.Size","width":49,"height":49},"_anchorPoint":{"__type__":"cc.Vec2","y":0.5},"_position":{"__type__":"cc.Vec3","x":-89},"_scale":{"__type__":"cc.Vec3","x":1,"y":1,"z":1}},{"__type__":"cc.Node","_name":"label","_parent":{"__id__":91},"_level":3,"_components":[{"__type__":"cc.Label","node":{"__id__":93},"_srcBlendFactor":1,"_useOriginalSize":false,"_string":"声音开关","_N$string":"声音开关","_fontSize":28,"_N$horizontalAlign":1,"_N$verticalAlign":1,"_N$fontFamily":"微软雅黑"}],"_color":{"__type__":"cc.Color","r":90,"g":95,"b":123},"_contentSize":{"__type__":"cc.Size","width":112,"height":40},"_position":{"__type__":"cc.Vec3","x":30},"_scale":{"__type__":"cc.Vec3","x":1,"y":1,"z":1}},{"__type__":"cc.Node","_name":"home","_parent":{"__id__":77},"_children":[{"__id__":95},{"__id__":96}],"_level":2,"_components":[{"__type__":"cc.Button","node":{"__id__":94},"clickEvents":[{"__type__":"cc.ClickEvent","target":{"__id__":77},"component":"PopInfo","handler":"onHomeClick"}],"_N$target":{"__id__":94}}],"_contentSize":{"__type__":"cc.Size","width":180,"height":50},"_position":{"__type__":"cc.Vec3","x":125,"y":-330},"_scale":{"__type__":"cc.Vec3","x":1,"y":1,"z":1}},{"__type__":"cc.Node","_name":"home","_parent":{"__id__":94},"_level":3,"_components":[{"__type__":"cc.Sprite","node":{"__id__":95},"_spriteFrame":{"__uuid__":"b7wjCXjpZHj7vJt2RgfUzn"}}],"_contentSize":{"__type__":"cc.Size","width":41,"height":40},"_position":{"__type__":"cc.Vec3","x":-60,"y":-1},"_scale":{"__type__":"cc.Vec3","x":1,"y":1,"z":1}},{"__type__":"cc.Node","_name":"label","_parent":{"__id__":94},"_level":3,"_components":[{"__type__":"cc.Label","node":{"__id__":96},"_srcBlendFactor":1,"_useOriginalSize":false,"_string":"返回主页","_N$string":"返回主页","_fontSize":28,"_N$horizontalAlign":1,"_N$verticalAlign":1,"_N$fontFamily":"微软雅黑"}],"_color":{"__type__":"cc.Color","r":90,"g":95,"b":123},"_contentSize":{"__type__":"cc.Size","width":112,"height":40},"_position":{"__type__":"cc.Vec3","x":26,"y":-2},"_scale":{"__type__":"cc.Vec3","x":1,"y":1,"z":1}},{"__type__":"cc.Node","_name":"close","_parent":{"__id__":77},"_level":2,"_components":[{"__type__":"cc.Sprite","node":{"__id__":97},"_spriteFrame":{"__uuid__":"64n7a/1NtJqYyQIslWh0tQ"}},{"__type__":"cc.Button","node":{"__id__":97},"clickEvents":[{"__type__":"cc.ClickEvent","target":{"__id__":77},"component":"PopInfo","handler":"onCloseClick"}],"_N$target":{"__id__":97}}],"_contentSize":{"__type__":"cc.Size","width":65,"height":65},"_position":{"__type__":"cc.Vec3","x":263,"y":394},"_scale":{"__type__":"cc.Vec3","x":1,"y":1,"z":1}},{"__type__":"cc.Node","_name":"gbtn","_parent":{"__id__":77},"_children":[{"__id__":99},{"__id__":100}],"_level":2,"_components":[{"__type__":"cc.Sprite","node":{"__id__":98},"_spriteFrame":{"__uuid__":"73c2N1FjZMgJadCi75rxr2"},"_type":1,"_sizeMode":0},{"__type__":"cc.Button","node":{"__id__":98},"clickEvents":[{"__type__":"cc.ClickEvent","target":{"__id__":77},"component":"PopInfo","handler":"onVedioClick"}],"_N$target":{"__id__":98}}],"_contentSize":{"__type__":"cc.Size","width":425,"height":82},"_position":{"__type__":"cc.Vec3","y":-150},"_scale":{"__type__":"cc.Vec3","x":1,"y":1,"z":1}},{"__type__":"cc.Node","_name":"vedio","_parent":{"__id__":98},"_level":3,"_components":[{"__type__":"cc.Sprite","node":{"__id__":99},"_spriteFrame":{"__uuid__":"2fZgWrlMFKj56h68aTDSIX"}}],"_contentSize":{"__type__":"cc.Size","width":52,"height":52},"_position":{"__type__":"cc.Vec3","x":-130},"_scale":{"__type__":"cc.Vec3","x":1,"y":1,"z":1}},{"__type__":"cc.Node","_name":"label","_parent":{"__id__":98},"_level":3,"_components":[{"__type__":"cc.Label","node":{"__id__":100},"_srcBlendFactor":1,"_useOriginalSize":false,"_string":"打一年份的鸡血","_N$string":"打一年份的鸡血","_fontSize":28,"_N$horizontalAlign":1,"_N$verticalAlign":1,"_N$fontFamily":"微软雅黑"}],"_contentSize":{"__type__":"cc.Size","width":196,"height":40},"_anchorPoint":{"__type__":"cc.Vec2","y":0.5},"_position":{"__type__":"cc.Vec3","x":-75},"_scale":{"__type__":"cc.Vec3","x":1,"y":1,"z":1}},{"__type__":"087ae8RxrNDqqQ3hgJld/aA","node":{"__id__":77},"name_l":{"__id__":80},"status_l":{"__id__":85},"status_s":{"__id__":83},"status_sf":[{"__uuid__":"04Jwa+EkVDBrKxyMCjWRWB"},{"__uuid__":"de7JpRdhZAJIcbTIDY8iJe"}],"desc_l":{"__id__":87},"vedio_b":{"__id__":98},"alpha_bg":{"__id__":76}},{"__type__":"cc.Node","_name":"delay","_parent":{"__id__":2},"_children":[{"__id__":103},{"__id__":104}],"_active":false,"_level":1,"_position":{"__type__":"cc.Vec3","y":97},"_scale":{"__type__":"cc.Vec3","x":1,"y":1,"z":1}},{"__type__":"cc.Node","_name":"delayIcon","_parent":{"__id__":102},"_level":2,"_components":[{"__type__":"cc.Sprite","node":{"__id__":103},"_spriteFrame":{"__uuid__":"a0A6N4tR1PiIZB9ZFAOlVF"}}],"_contentSize":{"__type__":"cc.Size","width":102,"height":102},"_scale":{"__type__":"cc.Vec3","x":1,"y":1,"z":1}},{"__type__":"cc.Node","_name":"countdown","_parent":{"__id__":102},"_level":2,"_components":[{"__id__":105}],"_contentSize":{"__type__":"cc.Size","width":38.93,"height":40},"_position":{"__type__":"cc.Vec3","y":-30},"_scale":{"__type__":"cc.Vec3","x":1,"y":1,"z":1}},{"__type__":"cc.Label","node":{"__id__":104},"_srcBlendFactor":1,"_useOriginalSize":false,"_string":"5:22","_N$string":"5:22","_fontSize":20,"_N$horizontalAlign":1,"_N$verticalAlign":1},{"__type__":"cc.Node","_name":"ComfireShare","_parent":{"__id__":1},"_children":[{"__id__":107}],"_level":1,"_components":[{"__type__":"0d1cfB++qFOQZXfW/M3w7ht","node":{"__id__":106},"wapper":{"__id__":107},"title_l":{"__id__":110},"img_n":{"__id__":111},"content_l":{"__id__":113},"gbtn":{"__id__":114},"rbtn":{"__id__":116},"atts":{"__id__":118}},{"__type__":"cc.Widget","node":{"__id__":106},"_alignFlags":18,"_left":320,"_right":320,"_top":568,"_bottom":568}],"_position":{"__type__":"cc.Vec3","x":320,"y":568},"_scale":{"__type__":"cc.Vec3","x":1,"y":1,"z":1},"_id":"48q+sH/cZBmZWvyMQ3EQwz"},{"__type__":"cc.Node","_name":"wapper","_parent":{"__id__":106},"_children":[{"__id__":108},{"__id__":109},{"__id__":111},{"__id__":112},{"__id__":114},{"__id__":116},{"__id__":118}],"_active":false,"_level":2,"_scale":{"__type__":"cc.Vec3","x":1,"y":1,"z":1}},{"__type__":"cc.Node","_name":"eventbg","_parent":{"__id__":107},"_level":3,"_components":[{"__type__":"cc.Sprite","node":{"__id__":108},"_spriteFrame":{"__uuid__":"f6Kn32Nc5L07h/cCbBDbPK"}}],"_contentSize":{"__type__":"cc.Size","width":592,"height":829},"_scale":{"__type__":"cc.Vec3","x":1,"y":1,"z":1}},{"__type__":"cc.Node","_name":"title","_parent":{"__id__":107},"_level":3,"_components":[{"__id__":110}],"_contentSize":{"__type__":"cc.Size","width":64,"height":32},"_position":{"__type__":"cc.Vec3","y":370},"_scale":{"__type__":"cc.Vec3","x":1,"y":1,"z":1}},{"__type__":"cc.Label","node":{"__id__":109},"_srcBlendFactor":1,"_useOriginalSize":false,"_string":"事件","_N$string":"事件","_fontSize":32,"_lineHeight":32,"_N$horizontalAlign":1,"_N$verticalAlign":1,"_N$fontFamily":"微软雅黑"},{"__type__":"cc.Node","_name":"img","_parent":{"__id__":107},"_level":3,"_components":[{"__type__":"cc.Sprite","node":{"__id__":111},"_sizeMode":0}],"_contentSize":{"__type__":"cc.Size","width":475,"height":300},"_position":{"__type__":"cc.Vec3","y":140},"_scale":{"__type__":"cc.Vec3","x":1,"y":1,"z":1}},{"__type__":"cc.Node","_name":"content","_parent":{"__id__":107},"_level":3,"_components":[{"__id__":113}],"_color":{"__type__":"cc.Color","r":102,"g":102,"b":102},"_contentSize":{"__type__":"cc.Size","width":472,"height":120},"_anchorPoint":{"__type__":"cc.Vec2","x":0.5,"y":1},"_position":{"__type__":"cc.Vec3","y":-21},"_scale":{"__type__":"cc.Vec3","x":1,"y":1,"z":1}},{"__type__":"cc.Label","node":{"__id__":112},"_srcBlendFactor":1,"_useOriginalSize":false,"_string":"在经历资源灾难后的未来，城市以巨型的机械树为形态进行运作，快递和程序员两大职业承担着机械树中","_N$string":"在经历资源灾难后的未来，城市以巨型的机械树为形态进行运作，快递和程序员两大职业承担着机械树中","_fontSize":26,"_N$verticalAlign":1,"_N$overflow":3},{"__type__":"cc.Node","_name":"gbtn","_parent":{"__id__":107},"_children":[{"__id__":115}],"_level":3,"_components":[{"__type__":"cc.Sprite","node":{"__id__":114},"_spriteFrame":{"__uuid__":"73c2N1FjZMgJadCi75rxr2"},"_sizeMode":0},{"__type__":"cc.Button","node":{"__id__":114},"clickEvents":[{"__type__":"cc.ClickEvent","target":{"__id__":106},"component":"ComfireShare","handler":"onNoClick"}],"_N$target":{"__id__":114}},{"__type__":"6056f/XGBNHtIUBNDKLS3il","node":{"__id__":114}}],"_contentSize":{"__type__":"cc.Size","width":200,"height":76},"_position":{"__type__":"cc.Vec3","x":-135,"y":-324},"_scale":{"__type__":"cc.Vec3","x":1,"y":1,"z":1}},{"__type__":"cc.Node","_name":"label","_parent":{"__id__":114},"_level":4,"_components":[{"__type__":"cc.Label","node":{"__id__":115},"_srcBlendFactor":1,"_useOriginalSize":false,"_string":"放弃双倍奖励","_N$string":"放弃双倍奖励","_fontSize":26,"_lineHeight":26,"_N$horizontalAlign":1,"_N$verticalAlign":1}],"_contentSize":{"__type__":"cc.Size","width":156,"height":26},"_scale":{"__type__":"cc.Vec3","x":1,"y":1,"z":1}},{"__type__":"cc.Node","_name":"rbtn","_parent":{"__id__":107},"_children":[{"__id__":117}],"_level":3,"_components":[{"__type__":"cc.Sprite","node":{"__id__":116},"_spriteFrame":{"__uuid__":"36YKOrflZDFqqTH5/ojP9v"},"_sizeMode":0},{"__type__":"cc.Button","node":{"__id__":116},"clickEvents":[{"__type__":"cc.ClickEvent","target":{"__id__":106},"component":"ComfireShare","handler":"onShareClick"}],"_N$target":{"__id__":116}},{"__type__":"6056f/XGBNHtIUBNDKLS3il","node":{"__id__":116}}],"_contentSize":{"__type__":"cc.Size","width":250,"height":76},"_position":{"__type__":"cc.Vec3","x":115,"y":-324},"_scale":{"__type__":"cc.Vec3","x":1,"y":1,"z":1}},{"__type__":"cc.Node","_name":"label","_parent":{"__id__":116},"_level":4,"_components":[{"__type__":"cc.Label","node":{"__id__":117},"_srcBlendFactor":1,"_useOriginalSize":false,"_string":"分享获得双倍奖励","_N$string":"分享获得双倍奖励","_fontSize":26,"_lineHeight":26,"_N$horizontalAlign":1,"_N$verticalAlign":1}],"_contentSize":{"__type__":"cc.Size","width":208,"height":26},"_scale":{"__type__":"cc.Vec3","x":1,"y":1,"z":1}},{"__type__":"cc.Node","_name":"attr","_parent":{"__id__":107},"_children":[{"__id__":119},{"__id__":122}],"_level":3,"_position":{"__type__":"cc.Vec3","y":20},"_scale":{"__type__":"cc.Vec3","x":1,"y":1,"z":1}},{"__type__":"cc.Node","_name":"costbg","_parent":{"__id__":118},"_children":[{"__id__":120},{"__id__":121}],"_level":4,"_components":[{"__type__":"cc.Sprite","node":{"__id__":119},"_spriteFrame":{"__uuid__":"3dmUv07ERLvat0vGJKIxLk"}}],"_contentSize":{"__type__":"cc.Size","width":476,"height":43},"_position":{"__type__":"cc.Vec3","y":-149},"_scale":{"__type__":"cc.Vec3","x":1,"y":1,"z":1}},{"__type__":"cc.Node","_name":"label","_parent":{"__id__":119},"_level":5,"_components":[{"__type__":"cc.Label","node":{"__id__":120},"_srcBlendFactor":1,"_useOriginalSize":false,"_string":"花费了：","_N$string":"花费了：","_fontSize":24,"_N$horizontalAlign":1,"_N$verticalAlign":1}],"_contentSize":{"__type__":"cc.Size","width":96,"height":40},"_anchorPoint":{"__type__":"cc.Vec2","y":0.5},"_position":{"__type__":"cc.Vec3","x":-210},"_scale":{"__type__":"cc.Vec3","x":1,"y":1,"z":1}},{"__type__":"cc.Node","_name":"costlabel","_parent":{"__id__":119},"_level":5,"_components":[{"__type__":"cc.Label","node":{"__id__":121},"_srcBlendFactor":1,"_useOriginalSize":false,"_string":"30小时    10000元","_N$string":"30小时    10000元","_fontSize":24,"_N$horizontalAlign":1,"_N$verticalAlign":1}],"_contentSize":{"__type__":"cc.Size","width":192.11,"height":40},"_anchorPoint":{"__type__":"cc.Vec2","y":0.5},"_position":{"__type__":"cc.Vec3","x":-88},"_scale":{"__type__":"cc.Vec3","x":1,"y":1,"z":1}},{"__type__":"cc.Node","_name":"attbg","_parent":{"__id__":118},"_children":[{"__id__":123},{"__id__":124}],"_level":4,"_components":[{"__type__":"cc.Sprite","node":{"__id__":122},"_spriteFrame":{"__uuid__":"c82vj7cgpD/5KDz0GhrBVX"}}],"_contentSize":{"__type__":"cc.Size","width":476,"height":105},"_position":{"__type__":"cc.Vec3","y":-233},"_scale":{"__type__":"cc.Vec3","x":1,"y":1,"z":1}},{"__type__":"cc.Node","_name":"label","_parent":{"__id__":122},"_level":4,"_components":[{"__type__":"cc.Label","node":{"__id__":123},"_srcBlendFactor":1,"_useOriginalSize":false,"_string":"属性变化:","_N$string":"属性变化:","_fontSize":24,"_N$horizontalAlign":1,"_N$verticalAlign":1}],"_color":{"__type__":"cc.Color","r":112,"g":123,"b":185},"_contentSize":{"__type__":"cc.Size","width":102.67,"height":40},"_position":{"__type__":"cc.Vec3","x":-160,"y":26},"_scale":{"__type__":"cc.Vec3","x":1,"y":1,"z":1}},{"__type__":"cc.Node","_name":"attlabel","_parent":{"__id__":122},"_level":4,"_components":[{"__type__":"cc.Label","node":{"__id__":124},"_srcBlendFactor":1,"_useOriginalSize":false,"_string":"社交-1    经验+2    快乐+8\n健康-2    道德-2","_N$string":"社交-1    经验+2    快乐+8\n健康-2    道德-2","_fontSize":24,"_N$verticalAlign":1,"_N$overflow":3}],"_color":{"__type__":"cc.Color","r":112,"g":123,"b":185},"_contentSize":{"__type__":"cc.Size","width":330,"height":80},"_anchorPoint":{"__type__":"cc.Vec2","y":1},"_position":{"__type__":"cc.Vec3","x":-89,"y":45},"_scale":{"__type__":"cc.Vec3","x":1,"y":1,"z":1}},{"__type__":"cc.Node","_name":"ComfireOppo","_objFlags":512,"_parent":{"__id__":1},"_children":[{"__id__":126}],"_level":1,"_components":[{"__type__":"bd183e6UrlFgYrX2AK+JSgj","node":{"__id__":125},"wapper":{"__id__":126},"love":{"__id__":133},"loveNum":{"__id__":135},"career":{"__id__":140},"careerNum":{"__id__":142},"desc_l":{"__id__":144},"choose1":{"__id__":147},"choose2":{"__id__":150},"choose3":{"__id__":153},"choose4":{"__id__":156}}],"_position":{"__type__":"cc.Vec3","x":320,"y":568},"_scale":{"__type__":"cc.Vec3","x":1,"y":1,"z":1},"_id":"5bgGwTtMdHr5e9Q/uWsyY/"},{"__type__":"cc.Node","_name":"wapper","_parent":{"__id__":125},"_children":[{"__id__":127}],"_active":false,"_level":2,"_scale":{"__type__":"cc.Vec3","x":1,"y":1,"z":1}},{"__type__":"cc.Node","_name":"eventbg","_parent":{"__id__":126},"_children":[{"__id__":128},{"__id__":129},{"__id__":136},{"__id__":143},{"__id__":145},{"__id__":148},{"__id__":151},{"__id__":154}],"_level":3,"_components":[{"__type__":"cc.Sprite","node":{"__id__":127},"_spriteFrame":{"__uuid__":"f6Kn32Nc5L07h/cCbBDbPK"}}],"_contentSize":{"__type__":"cc.Size","width":592,"height":829},"_scale":{"__type__":"cc.Vec3","x":1,"y":1,"z":1}},{"__type__":"cc.Node","_name":"title","_parent":{"__id__":127},"_level":4,"_components":[{"__type__":"cc.Label","node":{"__id__":128},"_srcBlendFactor":1,"_useOriginalSize":false,"_string":"机遇之窗","_N$string":"机遇之窗","_fontSize":32,"_N$horizontalAlign":1,"_N$verticalAlign":1,"_N$fontFamily":"NotoSansHans-Regular"}],"_contentSize":{"__type__":"cc.Size","width":128,"height":40},"_position":{"__type__":"cc.Vec3","y":370},"_scale":{"__type__":"cc.Vec3","x":1.647182,"y":1.647182,"z":1}},{"__type__":"cc.Node","_name":"love","_parent":{"__id__":127},"_children":[{"__id__":130},{"__id__":134}],"_level":4,"_components":[{"__type__":"cc.Label","node":{"__id__":129},"_srcBlendFactor":1,"_useOriginalSize":false,"_string":"爱情机遇指数","_N$string":"爱情机遇指数","_fontSize":26,"_N$horizontalAlign":1,"_N$verticalAlign":1,"_N$fontFamily":"NotoSansHans-Regular"},{"__type__":"cc.Widget","node":{"__id__":129},"_alignFlags":9,"_left":59,"_top":115}],"_color":{"__type__":"cc.Color","r":224,"g":86,"b":116},"_contentSize":{"__type__":"cc.Size","width":156,"height":40},"_position":{"__type__":"cc.Vec3","x":-159,"y":279.5},"_scale":{"__type__":"cc.Vec3","x":1,"y":1,"z":1}},{"__type__":"cc.Node","_name":"progressBar","_parent":{"__id__":129},"_children":[{"__id__":131}],"_level":5,"_components":[{"__type__":"cc.Sprite","node":{"__id__":130},"_spriteFrame":{"__uuid__":"8855/VlrRKd6H0MSRnFxAU"},"_type":1,"_sizeMode":0},{"__id__":133}],"_color":{"__type__":"cc.Color","r":90,"g":95,"b":123},"_contentSize":{"__type__":"cc.Size","width":220,"height":10},"_position":{"__type__":"cc.Vec3","x":225},"_scale":{"__type__":"cc.Vec3","x":1,"y":1,"z":1}},{"__type__":"cc.Node","_name":"bar","_parent":{"__id__":130},"_components":[{"__id__":132}],"_color":{"__type__":"cc.Color","r":248,"g":93,"b":112},"_contentSize":{"__type__":"cc.Size","width":22,"height":10},"_anchorPoint":{"__type__":"cc.Vec2","y":0.5},"_position":{"__type__":"cc.Vec3","x":-110},"_scale":{"__type__":"cc.Vec3","x":1,"y":1,"z":1}},{"__type__":"cc.Sprite","node":{"__id__":131},"_spriteFrame":{"__uuid__":"675ovJ2tVK2aLYfgPUWOMv"},"_type":1,"_sizeMode":0},{"__type__":"cc.ProgressBar","node":{"__id__":130},"_N$totalLength":220,"_N$barSprite":{"__id__":132},"_N$progress":0.1},{"__type__":"cc.Node","_name":"num","_parent":{"__id__":129},"_level":5,"_components":[{"__id__":135}],"_color":{"__type__":"cc.Color","r":224,"g":86,"b":116},"_contentSize":{"__type__":"cc.Size","width":13,"height":50},"_position":{"__type__":"cc.Vec3","x":385},"_scale":{"__type__":"cc.Vec3","x":1,"y":1,"z":1}},{"__type__":"cc.Label","node":{"__id__":134},"_srcBlendFactor":1,"_useOriginalSize":false,"_string":"2","_N$string":"2","_fontSize":26,"_lineHeight":50,"_N$horizontalAlign":1,"_N$verticalAlign":1,"_N$fontFamily":"NotoSansHans-Regular"},{"__type__":"cc.Node","_name":"career","_parent":{"__id__":127},"_children":[{"__id__":137},{"__id__":141}],"_level":4,"_components":[{"__type__":"cc.Label","node":{"__id__":136},"_srcBlendFactor":1,"_useOriginalSize":false,"_string":"事业机遇指数","_N$string":"事业机遇指数","_fontSize":26,"_N$horizontalAlign":1,"_N$verticalAlign":1,"_N$fontFamily":"NotoSansHans-Regular"},{"__type__":"cc.Widget","node":{"__id__":136},"_alignFlags":9,"_left":59,"_top":165}],"_color":{"__type__":"cc.Color","r":78,"g":157,"b":255},"_contentSize":{"__type__":"cc.Size","width":156,"height":40},"_position":{"__type__":"cc.Vec3","x":-159,"y":229.5},"_scale":{"__type__":"cc.Vec3","x":1,"y":1,"z":1}},{"__type__":"cc.Node","_name":"progressBar","_parent":{"__id__":136},"_children":[{"__id__":138}],"_level":5,"_components":[{"__type__":"cc.Sprite","node":{"__id__":137},"_spriteFrame":{"__uuid__":"8855/VlrRKd6H0MSRnFxAU"},"_type":1,"_sizeMode":0},{"__id__":140}],"_color":{"__type__":"cc.Color","r":90,"g":95,"b":123},"_contentSize":{"__type__":"cc.Size","width":220,"height":10},"_position":{"__type__":"cc.Vec3","x":225},"_scale":{"__type__":"cc.Vec3","x":1,"y":1,"z":1}},{"__type__":"cc.Node","_name":"bar","_parent":{"__id__":137},"_components":[{"__id__":139}],"_color":{"__type__":"cc.Color","r":78,"g":157,"b":255},"_contentSize":{"__type__":"cc.Size","width":22,"height":10},"_anchorPoint":{"__type__":"cc.Vec2","y":0.5},"_position":{"__type__":"cc.Vec3","x":-110},"_scale":{"__type__":"cc.Vec3","x":1,"y":1,"z":1}},{"__type__":"cc.Sprite","node":{"__id__":138},"_spriteFrame":{"__uuid__":"675ovJ2tVK2aLYfgPUWOMv"},"_type":1,"_sizeMode":0},{"__type__":"cc.ProgressBar","node":{"__id__":137},"_N$totalLength":220,"_N$barSprite":{"__id__":139},"_N$progress":0.1},{"__type__":"cc.Node","_name":"num","_parent":{"__id__":136},"_level":5,"_components":[{"__id__":142}],"_color":{"__type__":"cc.Color","r":78,"g":157,"b":255},"_contentSize":{"__type__":"cc.Size","width":13,"height":50},"_position":{"__type__":"cc.Vec3","x":385},"_scale":{"__type__":"cc.Vec3","x":1,"y":1,"z":1}},{"__type__":"cc.Label","node":{"__id__":141},"_srcBlendFactor":1,"_useOriginalSize":false,"_string":"2","_N$string":"2","_fontSize":26,"_lineHeight":50,"_N$horizontalAlign":1,"_N$verticalAlign":1,"_N$fontFamily":"NotoSansHans-Regular"},{"__type__":"cc.Node","_name":"desc","_parent":{"__id__":127},"_level":4,"_components":[{"__id__":144},{"__type__":"cc.Widget","node":{"__id__":143},"_alignFlags":20,"_bottom":453}],"_color":{"__type__":"cc.Color","r":91,"g":95,"b":122},"_contentSize":{"__type__":"cc.Size","width":420,"height":160},"_anchorPoint":{"__type__":"cc.Vec2","x":0.5,"y":1},"_position":{"__type__":"cc.Vec3","y":198.5},"_scale":{"__type__":"cc.Vec3","x":1,"y":1,"z":1}},{"__type__":"cc.Label","node":{"__id__":143},"_srcBlendFactor":1,"_useOriginalSize":false,"_string":"会休息的人才会工作，工作之余，静下心来，品一杯清茶，睡一个好觉，做一个白日梦。问问自己，你到底想要的是什么？","_N$string":"会休息的人才会工作，工作之余，静下心来，品一杯清茶，睡一个好觉，做一个白日梦。问问自己，你到底想要的是什么？","_fontSize":28,"_N$verticalAlign":1,"_N$fontFamily":"NotoSansHans-Regular","_N$overflow":3},{"__type__":"cc.Node","_name":"c1","_parent":{"__id__":127},"_children":[{"__id__":146}],"_level":4,"_components":[{"__type__":"cc.Sprite","node":{"__id__":145},"_spriteFrame":{"__uuid__":"73c2N1FjZMgJadCi75rxr2"},"_type":1,"_sizeMode":0},{"__type__":"cc.Button","node":{"__id__":145},"clickEvents":[{"__type__":"cc.ClickEvent","target":{"__id__":125},"component":"ComfireOppo","handler":"onC1Click"}],"_N$target":{"__id__":145}},{"__type__":"6056f/XGBNHtIUBNDKLS3il","node":{"__id__":145}},{"__type__":"cc.Widget","node":{"__id__":145},"_alignFlags":20,"_bottom":328}],"_color":{"__type__":"cc.Color","r":70,"g":70,"b":97},"_contentSize":{"__type__":"cc.Size","width":466,"height":73},"_position":{"__type__":"cc.Vec3","y":-50},"_scale":{"__type__":"cc.Vec3","x":1,"y":1,"z":1}},{"__type__":"cc.Node","_name":"label","_parent":{"__id__":145},"_level":4,"_components":[{"__id__":147}],"_contentSize":{"__type__":"cc.Size","width":234,"height":50},"_scale":{"__type__":"cc.Vec3","x":1,"y":1,"z":1}},{"__type__":"cc.Label","node":{"__id__":146},"_srcBlendFactor":1,"_useOriginalSize":false,"_string":"何以解忧，唯有暴富","_N$string":"何以解忧，唯有暴富","_fontSize":26,"_lineHeight":50,"_N$horizontalAlign":1,"_N$verticalAlign":1,"_N$fontFamily":"NotoSansHans-Regular"},{"__type__":"cc.Node","_name":"c2","_parent":{"__id__":127},"_children":[{"__id__":149}],"_level":4,"_components":[{"__type__":"cc.Sprite","node":{"__id__":148},"_spriteFrame":{"__uuid__":"73c2N1FjZMgJadCi75rxr2"},"_type":1,"_sizeMode":0},{"__type__":"cc.Button","node":{"__id__":148},"clickEvents":[{"__type__":"cc.ClickEvent","target":{"__id__":125},"component":"ComfireOppo","handler":"onC2Click"}],"_N$target":{"__id__":148}},{"__type__":"6056f/XGBNHtIUBNDKLS3il","node":{"__id__":148}},{"__type__":"cc.Widget","node":{"__id__":148},"_alignFlags":20,"_bottom":232}],"_color":{"__type__":"cc.Color","r":70,"g":70,"b":97},"_contentSize":{"__type__":"cc.Size","width":466,"height":73},"_position":{"__type__":"cc.Vec3","y":-146},"_scale":{"__type__":"cc.Vec3","x":1,"y":1,"z":1}},{"__type__":"cc.Node","_name":"label","_parent":{"__id__":148},"_level":4,"_components":[{"__id__":150}],"_contentSize":{"__type__":"cc.Size","width":234,"height":50},"_scale":{"__type__":"cc.Vec3","x":1,"y":1,"z":1}},{"__type__":"cc.Label","node":{"__id__":149},"_srcBlendFactor":1,"_useOriginalSize":false,"_string":"何以解忧，唯有暴富","_N$string":"何以解忧，唯有暴富","_fontSize":26,"_lineHeight":50,"_N$horizontalAlign":1,"_N$verticalAlign":1,"_N$fontFamily":"NotoSansHans-Regular"},{"__type__":"cc.Node","_name":"c3","_parent":{"__id__":127},"_children":[{"__id__":152}],"_level":4,"_components":[{"__type__":"cc.Sprite","node":{"__id__":151},"_spriteFrame":{"__uuid__":"73c2N1FjZMgJadCi75rxr2"},"_type":1,"_sizeMode":0},{"__type__":"cc.Button","node":{"__id__":151},"clickEvents":[{"__type__":"cc.ClickEvent","target":{"__id__":125},"component":"ComfireOppo","handler":"onC3Click"}],"_N$target":{"__id__":151}},{"__type__":"6056f/XGBNHtIUBNDKLS3il","node":{"__id__":151}},{"__type__":"cc.Widget","node":{"__id__":151},"_alignFlags":20,"_bottom":140}],"_color":{"__type__":"cc.Color","r":70,"g":70,"b":97},"_contentSize":{"__type__":"cc.Size","width":466,"height":73},"_position":{"__type__":"cc.Vec3","y":-238},"_scale":{"__type__":"cc.Vec3","x":1,"y":1,"z":1}},{"__type__":"cc.Node","_name":"label","_parent":{"__id__":151},"_level":4,"_components":[{"__id__":153}],"_contentSize":{"__type__":"cc.Size","width":234,"height":50},"_scale":{"__type__":"cc.Vec3","x":1,"y":1,"z":1}},{"__type__":"cc.Label","node":{"__id__":152},"_srcBlendFactor":1,"_useOriginalSize":false,"_string":"何以解忧，唯有暴富","_N$string":"何以解忧，唯有暴富","_fontSize":26,"_lineHeight":50,"_N$horizontalAlign":1,"_N$verticalAlign":1,"_N$fontFamily":"NotoSansHans-Regular"},{"__type__":"cc.Node","_name":"c4","_parent":{"__id__":127},"_children":[{"__id__":155}],"_level":4,"_components":[{"__type__":"cc.Sprite","node":{"__id__":154},"_spriteFrame":{"__uuid__":"73c2N1FjZMgJadCi75rxr2"},"_type":1,"_sizeMode":0},{"__type__":"cc.Button","node":{"__id__":154},"clickEvents":[{"__type__":"cc.ClickEvent","target":{"__id__":125},"component":"ComfireOppo","handler":"onC4Click"}],"_N$target":{"__id__":154}},{"__type__":"6056f/XGBNHtIUBNDKLS3il","node":{"__id__":154}},{"__type__":"cc.Widget","node":{"__id__":154},"_alignFlags":20,"_bottom":40}],"_color":{"__type__":"cc.Color","r":70,"g":70,"b":97},"_contentSize":{"__type__":"cc.Size","width":466,"height":73},"_position":{"__type__":"cc.Vec3","y":-338},"_scale":{"__type__":"cc.Vec3","x":1,"y":1,"z":1}},{"__type__":"cc.Node","_name":"label","_parent":{"__id__":154},"_level":4,"_components":[{"__id__":156}],"_contentSize":{"__type__":"cc.Size","width":234,"height":50},"_scale":{"__type__":"cc.Vec3","x":1,"y":1,"z":1}},{"__type__":"cc.Label","node":{"__id__":155},"_srcBlendFactor":1,"_useOriginalSize":false,"_string":"何以解忧，唯有暴富","_N$string":"何以解忧，唯有暴富","_fontSize":26,"_lineHeight":50,"_N$horizontalAlign":1,"_N$verticalAlign":1,"_N$fontFamily":"NotoSansHans-Regular"},{"__type__":"cc.Node","_name":"Dialog","_objFlags":512,"_parent":{"__id__":1},"_children":[{"__id__":158}],"_level":1,"_components":[{"__type__":"cc.Widget","node":{"__id__":157},"_alignFlags":18},{"__type__":"ae147vcz8pD3YTTeFIgstxn","node":{"__id__":157},"avatar_sp":{"__id__":165},"bg_sp":{"__id__":164},"name_l":{"__id__":170},"name_bg":{"__id__":168},"desc_l":{"__id__":167},"continue_b":{"__id__":160},"yes_b":{"__id__":171},"no_b":{"__id__":174},"yes_l":{"__id__":173},"no_l":{"__id__":176},"content":{"__id__":158}}],"_position":{"__type__":"cc.Vec3","x":320,"y":568},"_scale":{"__type__":"cc.Vec3","x":1,"y":1,"z":1},"_id":"20/KvWQW9LK5BvcufQjYb8"},{"__type__":"cc.Node","_name":"wapper","_parent":{"__id__":157},"_children":[{"__id__":159},{"__id__":160},{"__id__":164},{"__id__":165},{"__id__":166},{"__id__":168},{"__id__":169},{"__id__":171},{"__id__":174}],"_active":false,"_level":2,"_scale":{"__type__":"cc.Vec3","x":1,"y":1,"z":1}},{"__type__":"cc.Node","_name":"dialogbg","_parent":{"__id__":158},"_level":3,"_components":[{"__type__":"cc.Sprite","node":{"__id__":159},"_spriteFrame":{"__uuid__":"ads1m4jk9HdKCsQHrxAN9R"}}],"_contentSize":{"__type__":"cc.Size","width":558,"height":858},"_scale":{"__type__":"cc.Vec3","x":1,"y":1,"z":1}},{"__type__":"cc.Node","_name":"nextBg","_parent":{"__id__":158},"_children":[{"__id__":161}],"_level":3,"_components":[{"__type__":"cc.Sprite","node":{"__id__":160},"_spriteFrame":{"__uuid__":"edrq+cUpFAaZcKyuONLgQU"}}],"_contentSize":{"__type__":"cc.Size","width":555,"height":85},"_position":{"__type__":"cc.Vec3","x":-1,"y":-380},"_scale":{"__type__":"cc.Vec3","x":1,"y":1,"z":1}},{"__type__":"cc.Node","_name":"New Node","_parent":{"__id__":160},"_children":[{"__id__":162},{"__id__":163}],"_level":4,"_components":[{"__type__":"6056f/XGBNHtIUBNDKLS3il","node":{"__id__":161}},{"__type__":"cc.Button","node":{"__id__":161},"clickEvents":[{"__type__":"cc.ClickEvent","target":{"__id__":157},"component":"Dialog","handler":"onContinueClick"}],"_N$target":{"__id__":161}}],"_contentSize":{"__type__":"cc.Size","width":520,"height":80},"_scale":{"__type__":"cc.Vec3","x":1,"y":1,"z":1}},{"__type__":"cc.Node","_name":"label","_parent":{"__id__":161},"_level":5,"_components":[{"__type__":"cc.Label","node":{"__id__":162},"_srcBlendFactor":1,"_useOriginalSize":false,"_string":"继续","_N$string":"继续","_fontSize":32,"_N$horizontalAlign":1,"_N$verticalAlign":1}],"_contentSize":{"__type__":"cc.Size","width":64,"height":40},"_scale":{"__type__":"cc.Vec3","x":1,"y":1,"z":1}},{"__type__":"cc.Node","_name":"next","_parent":{"__id__":161},"_level":5,"_components":[{"__type__":"cc.Sprite","node":{"__id__":163},"_spriteFrame":{"__uuid__":"72+CmLcGBDMJ2qtj+weNBu"}}],"_contentSize":{"__type__":"cc.Size","width":26,"height":32},"_position":{"__type__":"cc.Vec3","x":60},"_scale":{"__type__":"cc.Vec3","x":1,"y":1,"z":1}},{"__type__":"cc.Node","_name":"bg","_parent":{"__id__":158},"_level":3,"_components":[{"__type__":"cc.Sprite","node":{"__id__":164}}],"_contentSize":{"__type__":"cc.Size","width":553,"height":400},"_position":{"__type__":"cc.Vec3","x":-2,"y":229},"_scale":{"__type__":"cc.Vec3","x":1,"y":1,"z":1}},{"__type__":"cc.Node","_name":"avatar","_parent":{"__id__":158},"_level":3,"_components":[{"__type__":"cc.Sprite","node":{"__id__":165}}],"_contentSize":{"__type__":"cc.Size","width":440,"height":466},"_position":{"__type__":"cc.Vec3","x":57,"y":263},"_scale":{"__type__":"cc.Vec3","x":1,"y":1,"z":1}},{"__type__":"cc.Node","_name":"label","_parent":{"__id__":158},"_level":3,"_components":[{"__id__":167}],"_color":{"__type__":"cc.Color","r":102,"g":102,"b":102},"_contentSize":{"__type__":"cc.Size","width":445,"height":120},"_anchorPoint":{"__type__":"cc.Vec2","x":0.5,"y":1},"_scale":{"__type__":"cc.Vec3","x":1,"y":1,"z":1}},{"__type__":"cc.Label","node":{"__id__":166},"_srcBlendFactor":1,"_useOriginalSize":false,"_string":"无论走到哪里，都应该记住，过去都是假的，回忆是一条没有尽头的路，一切以往的春天都不复存在.","_N$string":"无论走到哪里，都应该记住，过去都是假的，回忆是一条没有尽头的路，一切以往的春天都不复存在.","_fontSize":26,"_N$verticalAlign":1,"_N$overflow":3},{"__type__":"cc.Node","_name":"namebg","_parent":{"__id__":158},"_level":3,"_components":[{"__type__":"cc.Sprite","node":{"__id__":168},"_spriteFrame":{"__uuid__":"fdBsCvF5hL8Y+knB1HGyhn"}}],"_contentSize":{"__type__":"cc.Size","width":212,"height":84},"_position":{"__type__":"cc.Vec3","x":-184,"y":409},"_scale":{"__type__":"cc.Vec3","x":1,"y":1,"z":1}},{"__type__":"cc.Node","_name":"label","_parent":{"__id__":158},"_level":3,"_components":[{"__id__":170}],"_color":{"__type__":"cc.Color"},"_contentSize":{"__type__":"cc.Size","width":84,"height":40},"_position":{"__type__":"cc.Vec3","x":-191,"y":408},"_scale":{"__type__":"cc.Vec3","x":1,"y":1,"z":1},"_rotationX":-8,"_rotationY":-8,"_quat":{"__type__":"cc.Quat","z":0.0697564737441253,"w":0.9975640502598242}},{"__type__":"cc.Label","node":{"__id__":169},"_srcBlendFactor":1,"_useOriginalSize":false,"_string":"兔大仙","_N$string":"兔大仙","_fontSize":28,"_N$horizontalAlign":1,"_N$verticalAlign":1},{"__type__":"cc.Node","_name":"yesbtn","_parent":{"__id__":158},"_children":[{"__id__":172}],"_level":3,"_components":[{"__type__":"cc.Sprite","node":{"__id__":171},"_spriteFrame":{"__uuid__":"73c2N1FjZMgJadCi75rxr2"},"_type":1,"_sizeMode":0},{"__type__":"cc.Button","node":{"__id__":171},"clickEvents":[{"__type__":"cc.ClickEvent","target":{"__id__":157},"component":"Dialog","handler":"onYesClick"}],"_N$target":{"__id__":171}}],"_contentSize":{"__type__":"cc.Size","width":466,"height":72},"_position":{"__type__":"cc.Vec3","y":-220},"_scale":{"__type__":"cc.Vec3","x":1,"y":1,"z":1}},{"__type__":"cc.Node","_name":"label","_parent":{"__id__":171},"_level":4,"_components":[{"__id__":173}],"_contentSize":{"__type__":"cc.Size","width":312,"height":40},"_scale":{"__type__":"cc.Vec3","x":1,"y":1,"z":1}},{"__type__":"cc.Label","node":{"__id__":172},"_srcBlendFactor":1,"_useOriginalSize":false,"_string":"不用不用，打车给报销就行","_N$string":"不用不用，打车给报销就行","_fontSize":26,"_N$horizontalAlign":1,"_N$verticalAlign":1},{"__type__":"cc.Node","_name":"nobtn","_parent":{"__id__":158},"_children":[{"__id__":175}],"_level":3,"_components":[{"__type__":"cc.Sprite","node":{"__id__":174},"_spriteFrame":{"__uuid__":"73c2N1FjZMgJadCi75rxr2"},"_type":1,"_sizeMode":0},{"__type__":"cc.Button","node":{"__id__":174},"clickEvents":[{"__type__":"cc.ClickEvent","target":{"__id__":157},"component":"Dialog","handler":"onNoClick"}],"_N$target":{"__id__":174}}],"_contentSize":{"__type__":"cc.Size","width":466,"height":72},"_position":{"__type__":"cc.Vec3","y":-306},"_scale":{"__type__":"cc.Vec3","x":1,"y":1,"z":1}},{"__type__":"cc.Node","_name":"label","_parent":{"__id__":174},"_level":4,"_components":[{"__id__":176}],"_contentSize":{"__type__":"cc.Size","width":78,"height":40},"_scale":{"__type__":"cc.Vec3","x":1,"y":1,"z":1}},{"__type__":"cc.Label","node":{"__id__":175},"_srcBlendFactor":1,"_useOriginalSize":false,"_string":"好的呀","_N$string":"好的呀","_fontSize":26,"_N$horizontalAlign":1,"_N$verticalAlign":1},{"__type__":"cc.Node","_name":"Phone","_parent":{"__id__":1},"_children":[{"__id__":178}],"_level":1,"_components":[{"__type__":"cc.Widget","node":{"__id__":177},"_alignFlags":45},{"__type__":"9f7carbbg1HP6oOApG2KRT7","node":{"__id__":177},"avatar_sp":{"__id__":182},"name_l":{"__id__":184},"desc_l":{"__id__":181},"content":{"__id__":178}}],"_contentSize":{"__type__":"cc.Size","width":640,"height":1136},"_position":{"__type__":"cc.Vec3","x":320,"y":568},"_scale":{"__type__":"cc.Vec3","x":1,"y":1,"z":1},"_id":"b5hHM4/PZEHqxSHbLl1bRM"},{"__type__":"cc.Node","_name":"wapper","_parent":{"__id__":177},"_children":[{"__id__":179},{"__id__":180},{"__id__":181},{"__id__":182},{"__id__":183},{"__id__":185}],"_active":false,"_level":2,"_components":[{"__type__":"cc.Widget","node":{"__id__":178},"_alignFlags":45}],"_contentSize":{"__type__":"cc.Size","width":640,"height":1136},"_scale":{"__type__":"cc.Vec3","x":1,"y":1,"z":1}},{"__type__":"cc.Node","_name":"BG","_parent":{"__id__":178},"_level":3,"_components":[{"__type__":"cc.Sprite","node":{"__id__":179},"_spriteFrame":{"__uuid__":"18N3NegzBMk6HiDLP7eV3e"},"_sizeMode":0},{"__type__":"cc.Widget","node":{"__id__":179},"_alignFlags":45,"_originalWidth":640,"_originalHeight":1136},{"__type__":"cc.Button","node":{"__id__":179},"clickEvents":[{"__type__":"cc.ClickEvent","target":{"__id__":177},"component":"Phone","handler":"continue"}],"_N$target":{"__id__":179}}],"_contentSize":{"__type__":"cc.Size","width":640,"height":1136},"_scale":{"__type__":"cc.Vec3","x":1,"y":1,"z":1}},{"__type__":"cc.Node","_name":"picon","_parent":{"__id__":178},"_level":3,"_components":[{"__type__":"cc.Sprite","node":{"__id__":180},"_spriteFrame":{"__uuid__":"feBCGOxmVA7aPIGDu8j87z"}},{"__type__":"cc.Widget","node":{"__id__":180},"_alignFlags":20,"_bottom":100}],"_contentSize":{"__type__":"cc.Size","width":117,"height":117},"_position":{"__type__":"cc.Vec3","y":-409.5},"_scale":{"__type__":"cc.Vec3","x":1,"y":1,"z":1}},{"__type__":"cc.Node","_name":"label","_parent":{"__id__":178},"_level":3,"_components":[{"__type__":"cc.Label","node":{"__id__":181},"_srcBlendFactor":1,"_useOriginalSize":false,"_string":"哥，你买新车了呀，好好看，我最近也想买车，能给点建议吗？","_N$string":"哥，你买新车了呀，好好看，我最近也想买车，能给点建议吗？","_fontSize":28,"_N$horizontalAlign":1,"_N$verticalAlign":1,"_N$overflow":3}],"_color":{"__type__":"cc.Color","r":81,"g":86,"b":106},"_contentSize":{"__type__":"cc.Size","width":410,"height":80},"_position":{"__type__":"cc.Vec3","y":-130},"_scale":{"__type__":"cc.Vec3","x":1,"y":1,"z":1}},{"__type__":"cc.Node","_name":"pavatar","_parent":{"__id__":178},"_level":3,"_components":[{"__type__":"cc.Sprite","node":{"__id__":182},"_spriteFrame":{"__uuid__":"8dvoNh4xNKbLP0zcYeRUn/"}},{"__type__":"cc.Widget","node":{"__id__":182},"_alignFlags":17,"_top":100}],"_contentSize":{"__type__":"cc.Size","width":224,"height":224},"_position":{"__type__":"cc.Vec3","y":356},"_scale":{"__type__":"cc.Vec3","x":1,"y":1,"z":1}},{"__type__":"cc.Node","_name":"name","_parent":{"__id__":178},"_level":3,"_components":[{"__id__":184}],"_contentSize":{"__type__":"cc.Size","height":60},"_position":{"__type__":"cc.Vec3","y":160},"_scale":{"__type__":"cc.Vec3","x":1,"y":1,"z":1}},{"__type__":"cc.Label","node":{"__id__":183},"_srcBlendFactor":1,"_useOriginalSize":false,"_fontSize":56,"_lineHeight":60,"_N$horizontalAlign":1,"_N$verticalAlign":1},{"__type__":"cc.Node","_name":"label","_parent":{"__id__":178},"_level":3,"_components":[{"__type__":"cc.Label","node":{"__id__":185},"_srcBlendFactor":1,"_useOriginalSize":false,"_string":"通话中...","_N$string":"通话中...","_fontSize":22,"_N$horizontalAlign":1,"_N$verticalAlign":1}],"_contentSize":{"__type__":"cc.Size","width":84.34,"height":40},"_position":{"__type__":"cc.Vec3","y":109},"_scale":{"__type__":"cc.Vec3","x":1,"y":1,"z":1}}],{"__type__":"cc.SpriteFrame","content":{"name":"default_btn_disabled","texture":"71VhFCTINJM6/Ky3oX9nBT","rect":[0,0,40,40],"offset":[0,0],"originalSize":[40,40],"capInsets":[12,12,12,12]}},{"__type__":"cc.SpriteFrame","content":{"name":"alphabg","texture":"178abc183","rect":[765,803,200,200],"offset":[0,0],"originalSize":[200,200]}},{"__type__":"cc.SpriteFrame","content":{"name":"mainbg","texture":"8fKACMnm9Bu7BLObt7UHcY","rect":[0,0,640,1136],"offset":[0,0],"originalSize":[640,1136]}},{"__type__":"cc.SpriteFrame","content":{"name":"vedio","texture":"1fb4a8873","rect":[921,954,52,52],"offset":[0,0],"originalSize":[52,52]}},{"__type__":"cc.SpriteFrame","content":{"name":"rbtn","texture":"178abc183","rect":[362,944,204,76],"offset":[0,0],"originalSize":[204,76],"capInsets":[50,20,50,20]}},{"__type__":"cc.SpriteFrame","content":{"name":"costbg","texture":"1fb4a8873","rect":[182,953,476,43],"offset":[0,0],"originalSize":[476,43]}},[{"__type__":"cc.Prefab","_name":"attrBlock","data":{"__id__":1}},{"__type__":"cc.Node","_name":"shuxingicon","_children":[{"__id__":2},{"__id__":4},{"__id__":6}],"_level":1,"_components":[{"__type__":"cc.Sprite","node":{"__id__":1},"_spriteFrame":{"__uuid__":"12LQN2G4xPMqsueqQB99fm"}},{"__type__":"8431aZq/rtCS71Dop/kefsW","node":{"__id__":1},"name_l":{"__id__":7},"num_l":{"__id__":5},"twinkle":{"__id__":3},"twinkle_sf":[{"__uuid__":"472BJn2LtPor83BrEJjatD"},{"__uuid__":"d7FZAcCqdBwo2ASMN9vGXE"}]}],"_prefab":{"__type__":"cc.PrefabInfo","root":{"__id__":1},"asset":{"__uuid__":"46DynU9ppDdKwb31l+HWCE"},"fileId":"6a48hnpEVJrLcmaFa+8Bru"},"_contentSize":{"__type__":"cc.Size","width":107,"height":69},"_position":{"__type__":"cc.Vec3","x":53.5,"y":-34.5},"_scale":{"__type__":"cc.Vec3","x":1,"y":1,"z":1}},{"__type__":"cc.Node","_name":"twinkle","_parent":{"__id__":1},"_level":2,"_components":[{"__id__":3}],"_prefab":{"__type__":"cc.PrefabInfo","root":{"__id__":1},"asset":{"__uuid__":"46DynU9ppDdKwb31l+HWCE"},"fileId":"ee96H5qvtJApMjKeUHqItb"},"_opacity":0,"_contentSize":{"__type__":"cc.Size","width":107,"height":69},"_scale":{"__type__":"cc.Vec3","x":1,"y":1,"z":1}},{"__type__":"cc.Sprite","node":{"__id__":2},"_spriteFrame":{"__uuid__":"12LQN2G4xPMqsueqQB99fm"}},{"__type__":"cc.Node","_name":"num","_parent":{"__id__":1},"_level":5,"_components":[{"__id__":5},{"__type__":"ad071k6WVJD7L8Z49ZzyEsA","node":{"__id__":4}}],"_prefab":{"__type__":"cc.PrefabInfo","root":{"__id__":1},"asset":{"__uuid__":"46DynU9ppDdKwb31l+HWCE"},"fileId":"b6zNNGiOJBAqnxHvPZAU68"},"_contentSize":{"__type__":"cc.Size","width":43.38,"height":26},"_anchorPoint":{"__type__":"cc.Vec2","x":0.5},"_scale":{"__type__":"cc.Vec3","x":1,"y":1,"z":1}},{"__type__":"cc.Label","node":{"__id__":4},"_srcBlendFactor":1,"_useOriginalSize":false,"_string":"300","_N$string":"300","_fontSize":26,"_lineHeight":26,"_N$horizontalAlign":1,"_N$verticalAlign":1},{"__type__":"cc.Node","_name":"attr","_parent":{"__id__":1},"_level":5,"_components":[{"__id__":7}],"_prefab":{"__type__":"cc.PrefabInfo","root":{"__id__":1},"asset":{"__uuid__":"46DynU9ppDdKwb31l+HWCE"},"fileId":"12RmUT0a5OrI6tfh2xJ0qs"},"_color":{"__type__":"cc.Color","r":196,"g":196,"b":219},"_contentSize":{"__type__":"cc.Size","width":36,"height":24},"_position":{"__type__":"cc.Vec3","y":-17},"_scale":{"__type__":"cc.Vec3","x":1,"y":1,"z":1}},{"__type__":"cc.Label","node":{"__id__":6},"_srcBlendFactor":1,"_useOriginalSize":false,"_string":"健康","_N$string":"健康","_fontSize":18,"_lineHeight":24,"_N$horizontalAlign":1,"_N$verticalAlign":1}],{"__type__":"cc.SpriteFrame","content":{"name":"red","texture":"1bd732664","rect":[596,951,107,69],"offset":[0,0],"originalSize":[107,69]}},{"__type__":"cc.SpriteFrame","content":{"name":"appiconbg","texture":"178abc183","rect":[868,197,102,102],"offset":[0,0],"originalSize":[102,102]}},{"__type__":"cc.SpriteFrame","content":{"name":"tSliderBg","texture":"14a1c60ae","rect":[128,1018,425,2],"offset":[0,0],"originalSize":[425,2]}},{"__type__":"cc.SpriteFrame","content":{"name":"nextm1","texture":"1fb4a8873","rect":[826,521,218,73],"offset":[0,0],"originalSize":[218,73],"rotated":1}},{"__type__":"cc.SpriteFrame","content":{"name":"house","texture":"14a1c60ae","rect":[990,782,26,26],"offset":[0,0],"originalSize":[26,26]}},{"__type__":"cc.SpriteFrame","content":{"name":"default_scrollbar_vertical","texture":"d608qFRoFHwbXd0Dap056i","rect":[0,0,15,30],"offset":[0,0],"originalSize":[15,30],"capInsets":[4,10,4,10]}},{"__type__":"cc.SpriteFrame","content":{"name":"default_scrollbar_vertical_bg","texture":"61cyPdEfRN047sDK9rO0W5","rect":[0,0,15,30],"offset":[0,0],"originalSize":[15,30],"capInsets":[4,10,4,10]}},{"__type__":"cc.SpriteFrame","content":{"name":"close","texture":"1d3a87338","rect":[202,951,65,65],"offset":[0,0],"originalSize":[65,65]}},{"__type__":"cc.SpriteFrame","content":{"name":"default_progressbar","texture":"cf73jxyN9Jt47QTJU6ziYh","rect":[0,0,30,15],"offset":[0,0],"originalSize":[30,15],"capInsets":[10,4,10,4]}},{"__type__":"cc.SpriteFrame","content":{"name":"redPot","texture":"14a1c60ae","rect":[941,973,34,34],"offset":[0,0],"originalSize":[34,34],"capInsets":[16,16,16,16]}},{"__type__":"cc.SpriteFrame","content":{"name":"next","texture":"14a1c60ae","rect":[990,716,26,32],"offset":[0,0],"originalSize":[26,32]}},{"__type__":"cc.SpriteFrame","content":{"name":"gbtn","texture":"178abc183","rect":[362,864,204,76],"offset":[0,0],"originalSize":[204,76],"capInsets":[50,20,50,20]}},{"__type__":"cc.SpriteFrame","content":{"name":"tSliderBtn","texture":"14a1c60ae","rect":[628,973,36,52],"offset":[0,0],"originalSize":[36,52],"rotated":1}},{"__type__":"cc.SpriteFrame","content":{"name":"moneyup","texture":"178abc183","rect":[182,864,176,158],"offset":[0,0],"originalSize":[176,158]}},{"__type__":"cc.SpriteFrame","content":{"name":"backBtn","texture":"1bd732664","rect":[2,951,62,114],"offset":[0,0],"originalSize":[62,114],"rotated":1}},{"__type__":"cc.SpriteFrame","content":{"name":"split","texture":"14a1c60ae","rect":[1017,2,2,26],"offset":[0,0],"originalSize":[2,26]}},{"__type__":"cc.SpriteFrame","content":{"name":"default_progressbar_bg","texture":"99FwsL0hBG8bITfZ4/IwmK","rect":[0,0,60,15],"offset":[0,0],"originalSize":[60,15],"capInsets":[10,4,10,4]}},{"__type__":"cc.SpriteFrame","content":{"name":"pavatar","texture":"178abc183","rect":[564,575,224,224],"offset":[0,0],"originalSize":[224,224]}},{"__type__":"cc.SpriteFrame","content":{"name":"ptip","texture":"14a1c60ae","rect":[813,547,368,48],"offset":[0,0],"originalSize":[368,48],"rotated":1,"capInsets":[20,20,20,20]}},{"__type__":"cc.SpriteFrame","content":{"name":"car","texture":"14a1c60ae","rect":[990,752,26,26],"offset":[0,0],"originalSize":[26,26]}},{"__type__":"cc.SpriteFrame","content":{"name":"moneydown","texture":"178abc183","rect":[2,864,176,158],"offset":[0,0],"originalSize":[176,158]}},{"__type__":"cc.SpriteFrame","content":{"name":"delayIcon","texture":"178abc183","rect":[570,886,102,102],"offset":[0,0],"originalSize":[102,102]}},{"__type__":"cc.SpriteFrame","content":{"name":"dialogbg","texture":"1fb4a8873","rect":[2,2,558,858],"offset":[0,0],"originalSize":[558,858]}},{"__type__":"cc.SpriteFrame","content":{"name":"home","texture":"1d3a87338","rect":[157,982,41,40],"offset":[0,0],"originalSize":[41,40]}},{"__type__":"cc.SpriteFrame","content":{"name":"attbg","texture":"14a1c60ae","rect":[871,493,476,105],"offset":[0,0],"originalSize":[476,105],"rotated":1}},{"__type__":"cc.SpriteFrame","content":{"name":"downbtn","texture":"14a1c60ae","rect":[990,550,29,29],"offset":[0,0],"originalSize":[29,29]}},{"__type__":"cc.SpriteFrame","content":{"name":"nextm2","texture":"1fb4a8873","rect":[911,244,218,73],"offset":[0,0],"originalSize":[218,73],"rotated":1}},{"__type__":"cc.SpriteFrame","content":{"name":"green","texture":"1bd732664","rect":[485,951,107,69],"offset":[0,0],"originalSize":[107,69]}},{"__type__":"cc.SpriteFrame","content":{"name":"love","texture":"14a1c60ae","rect":[990,812,26,26],"offset":[0,0],"originalSize":[26,26]}},{"__type__":"cc.SpriteFrame","content":{"name":"tyicon","texture":"1fb4a8873","rect":[646,781,78,78],"offset":[0,0],"originalSize":[78,78]}},{"__type__":"cc.SpriteFrame","content":{"name":"default_radio_button_off","texture":"56fc2Ai/RFNYpaMT8crweK","rect":[3,3,26,26],"offset":[0,0],"originalSize":[32,32]}},{"__type__":"cc.SpriteFrame","content":{"name":"netBg","texture":"1fb4a8873","rect":[182,864,555,85],"offset":[0,0],"originalSize":[555,85]}},{"__type__":"cc.SpriteFrame","content":{"name":"money0","texture":"1fb4a8873","rect":[2,864,176,158],"offset":[0,0],"originalSize":[176,158]}},{"__type__":"cc.SpriteFrame","content":{"name":"eventbg","texture":"1fe470191","rect":[2,2,592,829],"offset":[0,0],"originalSize":[592,829]}},[{"__type__":"cc.Prefab","_name":"appicon","data":{"__id__":1}},{"__type__":"cc.Node","_name":"appicon","_children":[{"__id__":2},{"__id__":4}],"_level":1,"_components":[{"__id__":5},{"__type__":"930d5876+BJcYy9lgnQTAmf","node":{"__id__":1},"label":{"__id__":3},"icon":{"__id__":5},"red_p":{"__id__":4}},{"__type__":"cc.Button","node":{"__id__":1},"clickEvents":[{"__type__":"cc.ClickEvent","target":{"__id__":1},"component":"AppIcon","handler":"onClick"}],"_N$target":{"__id__":1}}],"_prefab":{"__type__":"cc.PrefabInfo","root":{"__id__":1},"asset":{"__uuid__":"f9LtClcxNAfpvfTsEo291L"},"fileId":"82DyZYFZhOjLgp3iP89Cb7"},"_contentSize":{"__type__":"cc.Size","width":102,"height":102},"_position":{"__type__":"cc.Vec3","x":-229,"y":-51},"_scale":{"__type__":"cc.Vec3","x":1,"y":1,"z":1}},{"__type__":"cc.Node","_name":"label","_parent":{"__id__":1},"_level":2,"_components":[{"__id__":3}],"_prefab":{"__type__":"cc.PrefabInfo","root":{"__id__":1},"asset":{"__uuid__":"f9LtClcxNAfpvfTsEo291L"},"fileId":"50slAUtrxJx6Hp7vnI2152"},"_contentSize":{"__type__":"cc.Size","width":120,"height":24},"_position":{"__type__":"cc.Vec3","y":-70},"_scale":{"__type__":"cc.Vec3","x":1,"y":1,"z":1}},{"__type__":"cc.Label","node":{"__id__":2},"_srcBlendFactor":1,"_useOriginalSize":false,"_string":"看专业书籍","_N$string":"看专业书籍","_fontSize":24,"_lineHeight":24,"_N$horizontalAlign":1,"_N$verticalAlign":1},{"__type__":"cc.Node","_name":"redPot","_parent":{"__id__":1},"_active":false,"_level":2,"_components":[{"__type__":"cc.Sprite","node":{"__id__":4},"_spriteFrame":{"__uuid__":"6dXN3Q80NO9IvT+1ThxRMu"},"_sizeMode":0}],"_prefab":{"__type__":"cc.PrefabInfo","root":{"__id__":1},"asset":{"__uuid__":"f9LtClcxNAfpvfTsEo291L"},"fileId":"32V5XbBd1IlY92Xp1bcRkf"},"_contentSize":{"__type__":"cc.Size","width":20,"height":20},"_position":{"__type__":"cc.Vec3","x":45,"y":45},"_scale":{"__type__":"cc.Vec3","x":1,"y":1,"z":1}},{"__type__":"cc.Sprite","node":{"__id__":1},"_spriteFrame":{"__uuid__":"4a8LYN5j1MLpE5/s7b+DAr"},"_sizeMode":0}],{"__type__":"cc.SpriteFrame","content":{"name":"namebg","texture":"1d3a87338","rect":[827,310,212,84],"offset":[0,0],"originalSize":[212,84],"rotated":1}},{"__type__":"cc.SpriteFrame","content":{"name":"picon","texture":"14a1c60ae","rect":[628,792,117,117],"offset":[0,0],"originalSize":[117,117]}}]